Project ID,Certificates,Years of Experience,age,Time Arrival Strafe,Project Cost,Project Proximity,Violation Risk Index,Company PCAB Score,Weekly Overtime Hours,Salary Bracket,is_good
236397,1,3,21,7.24,89480.0,92.66,0.5,2,1.0,1,1
147709,11,5,28,-21.92,951248.0,106.68,0.2,4,0.0,2,1
460249,0,3,19,11.99,187517.0,96.46,0.56,2,4.0,1,1
571538,0,3,39,6.06,178226.0,107.87,0.58,2,5.0,1,1
992664,12,7,33,-9.78,997014.0,122.44,0.22,4,3.0,3,1
536837,0,2,56,3.55,71319.0,119.04,0.76,3,8.0,1,0
244926,1,4,41,19.04,84614.0,100.36,0.72,2,5.0,1,0
259338,10,8,27,-6.09,1006836.0,129.57,0.3,4,5.0,3,1
812087,1,5,60,1.34,9957.0,117.45,0.79,2,8.0,1,0
103527,4,4,20,5.85,152994.0,113.11,0.57,3,6.0,2,0
129220,12,7,29,-14.83,1022738.0,123.02,0.25,4,3.0,3,1
712591,1,3,21,4.29,106775.0,92.0,0.52,2,2.0,1,1
394031,11,9,33,-13.88,999902.0,129.73,0.25,3,4.0,5,1
830735,0,3,21,6.39,136781.0,108.04,0.59,3,4.0,1,0
104410,8,6,30,-3.56,1027691.0,117.52,0.23,3,2.0,2,1
940785,0,3,18,3.37,195682.0,104.32,0.49,2,4.0,1,1
456392,14,5,23,-4.03,973328.0,133.87,0.35,4,8.0,2,1
48976,0,2,18,9.1,139051.0,92.62,0.47,3,1.0,1,0
591491,12,6,30,-3.9,991395.0,119.56,0.18,4,1.0,3,1
946344,10,5,24,-11.79,1062264.0,130.7,0.27,3,6.0,2,1
781545,10,8,39,11.59,1057296.0,131.39,0.3,3,4.0,4,0
513618,0,1,44,3.04,35648.0,104.45,0.71,2,5.0,1,1
722697,1,4,58,5.7,110156.0,107.54,0.68,2,6.0,1,1
801090,9,6,34,-7.73,938198.0,122.14,0.28,3,3.0,2,1
435356,0,2,22,7.87,51515.0,76.74,0.52,2,0.0,1,0
481428,0,3,21,7.06,51929.0,88.08,0.47,2,1.0,1,1
399755,13,9,28,-8.62,1064605.0,127.91,0.29,3,4.0,5,1
422545,11,5,23,-2.28,1047691.0,129.01,0.3,4,4.0,2,1
780647,13,6,31,-10.17,930701.0,123.08,0.29,4,4.0,3,1
935186,13,6,31,-13.16,921379.0,125.51,0.27,3,4.0,3,1
28201,1,4,21,11.04,57325.0,97.57,0.69,3,4.0,1,0
904841,11,6,30,5.74,1005094.0,117.35,0.25,4,2.0,2,1
142532,14,5,23,4.06,934422.0,133.58,0.34,4,7.0,2,1
706164,14,8,25,-5.56,982601.0,127.01,0.19,4,2.0,5,1
455627,10,5,36,13.06,983417.0,129.63,0.36,4,6.0,2,1
231942,12,10,34,5.96,1017741.0,129.0,0.25,4,3.0,5,1
223355,10,6,25,-10.22,980757.0,133.29,0.34,3,6.0,2,1
968411,1,2,19,5.4,154193.0,83.82,0.51,3,1.0,1,1
720906,2,3,18,6.17,95438.0,90.46,0.52,2,3.0,1,0
323928,10,6,26,24.39,981537.0,128.81,0.34,3,5.0,2,1
249630,1,5,36,0.11,14824.0,102.51,0.6,2,4.0,2,0
172550,0,4,22,11.47,45733.0,86.76,0.57,3,2.0,1,0
703818,1,3,21,1.51,93335.0,89.34,0.52,2,1.0,1,0
578363,0,2,48,8.19,145720.0,111.19,0.68,2,6.0,1,0
503804,2,4,19,0.5,73341.0,96.56,0.57,2,3.0,1,0
194587,11,6,24,-9.55,1002084.0,118.37,0.25,3,2.0,2,1
232780,1,4,20,4.38,119257.0,103.64,0.52,2,4.0,1,0
320130,1,2,47,12.31,150581.0,119.72,0.74,2,9.0,1,0
254578,0,4,21,1.33,102531.0,79.63,0.43,2,0.0,1,0
518648,14,5,31,1.6,940200.0,128.26,0.3,4,4.0,2,1
711802,12,11,25,-12.69,1013945.0,124.21,0.22,4,2.0,5,1
568287,13,6,26,-6.13,1037776.0,119.82,0.19,3,1.0,3,1
349010,12,7,29,-10.36,990495.0,123.88,0.3,3,3.0,3,1
45522,10,6,25,-12.45,939826.0,130.03,0.28,3,4.0,2,1
522675,0,4,40,4.24,145667.0,100.7,0.58,3,4.0,1,1
582964,2,3,36,5.19,156893.0,113.01,0.6,2,6.0,1,0
641690,14,6,27,-4.96,949398.0,124.2,0.23,3,4.0,3,1
870867,0,4,21,4.76,131424.0,104.41,0.46,3,4.0,1,0
636977,0,2,31,8.99,116085.0,96.94,0.54,2,4.0,1,0
406312,1,3,22,3.27,136470.0,85.8,0.46,1,0.0,1,0
760475,11,7,26,-12.53,996210.0,125.25,0.26,4,4.0,3,1
719025,0,2,55,1.22,126662.0,112.14,0.65,2,7.0,1,0
931830,0,4,18,7.0,73282.0,102.59,0.63,3,5.0,1,1
627985,13,5,28,-13.94,1016391.0,120.16,0.22,3,2.0,2,1
314959,1,4,57,1.27,129833.0,122.14,0.71,2,10.0,1,0
416078,2,3,21,5.45,147119.0,95.32,0.46,3,1.0,1,0
419614,1,2,18,2.01,70779.0,95.58,0.6,2,3.0,1,0
836246,0,3,40,11.43,226149.0,112.45,0.55,2,6.0,1,0
434491,13,6,35,-11.47,923433.0,122.02,0.27,4,3.0,3,0
783380,0,4,21,3.67,144314.0,113.35,0.61,3,7.0,1,0
252866,1,3,18,7.3,57186.0,92.64,0.53,3,3.0,1,0
594204,0,4,18,8.75,182648.0,97.49,0.46,2,3.0,1,1
272596,11,8,39,6.06,1057074.0,129.42,0.25,4,4.0,4,1
313934,0,4,33,4.74,50000.0,103.73,0.68,2,5.0,1,0
226661,2,3,42,3.64,145770.0,116.0,0.72,3,6.0,1,0
766430,0,4,20,9.27,78253.0,103.15,0.64,2,5.0,1,1
747632,1,4,21,9.66,56798.0,99.22,0.61,2,4.0,1,0
798185,1,3,19,11.31,71309.0,92.44,0.56,2,3.0,1,0
620017,12,6,26,6.16,1139800.0,127.63,0.18,4,3.0,3,1
41271,14,6,25,1.82,1030059.0,120.54,0.15,4,2.0,3,1
894419,13,7,32,-0.19,1027061.0,130.97,0.23,4,4.0,4,1
83234,1,4,34,5.1,143140.0,114.46,0.67,2,7.0,1,0
740524,11,8,31,-0.87,905341.0,131.39,0.25,3,6.0,3,1
413447,2,4,58,6.81,120691.0,108.63,0.74,2,5.0,2,0
717954,13,6,36,-12.66,977050.0,124.5,0.28,4,4.0,3,1
821189,13,7,31,-7.17,1050739.0,128.91,0.21,3,4.0,4,1
497037,1,2,37,2.65,166336.0,102.01,0.67,3,4.0,1,0
326312,0,3,58,16.76,103933.0,114.81,0.72,2,7.0,1,0
117698,13,7,25,2.78,1075406.0,130.84,0.26,3,6.0,4,1
509255,0,3,43,4.46,72303.0,114.53,0.64,3,7.0,1,1
591928,0,4,55,2.11,189837.0,110.66,0.62,3,5.0,1,0
994849,0,4,56,5.96,137394.0,111.85,0.69,2,7.0,1,0
908045,0,2,20,0.84,180328.0,109.75,0.53,3,5.0,1,0
644237,0,4,39,5.35,41376.0,112.52,0.74,2,6.0,1,0
17926,13,5,28,7.64,928186.0,127.69,0.31,4,5.0,2,1
671042,14,8,37,4.11,1043941.0,132.99,0.31,3,4.0,5,0
833599,12,9,23,-8.13,953726.0,129.46,0.31,3,6.0,5,0
57971,0,4,48,7.48,95956.0,119.65,0.79,2,9.0,1,0
752154,3,2,20,4.93,133231.0,94.23,0.41,2,3.0,1,0
200311,0,5,20,1.68,148516.0,92.55,0.5,2,2.0,2,0
458003,0,4,18,2.86,142500.0,104.07,0.59,2,4.0,1,0
625576,11,7,27,-3.99,1020947.0,114.63,0.17,3,0.0,3,1
7599,1,3,45,6.93,92380.0,114.23,0.72,3,7.0,1,0
185143,12,6,25,-23.86,1049976.0,136.26,0.26,4,7.0,3,0
998803,0,3,21,5.38,97469.0,90.09,0.57,1,1.0,1,0
978353,11,6,29,7.18,976766.0,133.34,0.31,3,7.0,2,1
804294,0,5,21,18.08,126707.0,108.05,0.57,2,5.0,2,0
881402,0,5,19,4.33,86380.0,90.78,0.34,2,1.0,2,0
99811,0,1,50,0.09,116601.0,110.25,0.6,3,7.0,1,1
796642,12,7,28,-0.11,1014672.0,130.56,0.23,4,4.0,3,0
391801,2,4,19,7.46,149107.0,103.62,0.51,2,5.0,2,1
877579,12,5,27,-14.45,997171.0,116.28,0.15,3,1.0,2,0
353288,13,7,32,-4.12,1031901.0,134.98,0.31,4,7.0,4,0
401387,0,4,20,6.88,59081.0,111.96,0.61,2,6.0,1,1
667136,12,7,26,7.14,1070455.0,133.67,0.37,4,8.0,4,1
47368,0,2,21,7.84,103887.0,91.94,0.51,2,2.0,1,1
28443,12,6,36,-10.0,972803.0,121.9,0.21,3,3.0,2,1
531519,12,6,30,9.65,960676.0,122.39,0.3,3,2.0,2,0
208173,14,8,28,-2.4,1026322.0,132.15,0.32,4,5.0,5,0
86489,0,3,39,3.04,121966.0,105.81,0.63,2,5.0,1,0
21853,0,4,18,6.02,181061.0,116.56,0.58,3,6.0,1,0
358607,0,4,36,1.45,21270.0,116.7,0.75,2,8.0,1,0
914580,13,6,25,3.59,1005578.0,124.8,0.23,4,3.0,3,1
549947,11,6,25,-22.41,1009810.0,121.56,0.16,3,1.0,2,1
463121,0,3,48,1.99,121238.0,121.05,0.67,3,8.0,1,0
16426,1,2,38,6.95,123103.0,103.68,0.65,3,5.0,1,0
324007,12,7,30,-13.02,1047238.0,130.2,0.31,4,5.0,4,0
883377,0,5,22,4.72,100519.0,104.83,0.57,2,4.0,2,0
864208,13,7,30,-3.37,983517.0,129.17,0.32,4,4.0,4,1
796399,15,7,32,-10.36,1032948.0,113.76,0.18,4,0.0,5,1
666669,14,6,24,-4.6,1003655.0,119.56,0.18,4,1.0,3,1
489603,0,4,18,16.18,116690.0,100.67,0.43,2,3.0,1,1
24089,13,6,27,-5.87,1039964.0,125.05,0.24,4,3.0,3,0
488529,12,6,28,-17.31,947591.0,135.63,0.32,4,7.0,2,1
615942,0,3,41,0.26,205149.0,107.35,0.57,2,4.0,1,0
64579,13,7,31,-13.83,960022.0,130.27,0.31,4,6.0,3,0
110940,0,3,20,7.13,107021.0,99.56,0.56,2,3.0,1,1
71313,13,5,28,-2.46,990274.0,119.74,0.24,4,3.0,2,1
829148,8,6,28,15.35,945186.0,125.58,0.23,3,3.0,2,1
774467,0,4,21,4.47,100608.0,106.29,0.67,2,6.0,1,0
215722,1,4,39,2.45,113811.0,106.57,0.72,2,5.0,1,0
921731,11,7,32,-17.23,1111465.0,129.6,0.23,4,5.0,4,1
827349,2,4,44,0.25,64374.0,106.1,0.68,3,5.0,1,0
280425,0,5,19,5.02,143446.0,112.5,0.53,2,5.0,2,0
484274,12,6,25,-3.22,973097.0,125.43,0.22,3,4.0,2,1
179705,12,9,28,-11.83,1026542.0,122.57,0.22,4,3.0,5,1
557287,1,3,19,0.63,106073.0,101.02,0.55,2,5.0,1,0
916049,1,5,54,3.43,67889.0,127.37,0.76,2,9.0,2,0
879237,0,2,20,30.89,118916.0,99.88,0.54,2,3.0,1,0
817385,1,0,38,1.96,116944.0,101.06,0.68,3,5.0,1,0
966315,1,3,46,6.86,134609.0,112.5,0.62,3,7.0,1,0
980770,14,6,33,-12.17,924835.0,114.18,0.22,3,1.0,3,1
562311,11,8,27,-3.5,980162.0,124.23,0.27,4,4.0,4,1
177966,12,5,29,-6.3,1049152.0,135.22,0.31,4,6.0,2,1
864451,13,6,29,-1.12,929107.0,127.58,0.42,4,4.0,3,1
343247,0,4,20,6.09,80964.0,91.6,0.49,2,1.0,1,0
221173,11,6,26,4.63,992974.0,123.96,0.26,3,4.0,2,0
874476,14,6,33,12.87,1099612.0,121.08,0.23,3,2.0,4,1
645344,13,7,27,-10.63,1005025.0,123.05,0.23,4,3.0,4,1
637399,0,5,20,12.8,32198.0,87.0,0.57,2,1.0,1,0
880299,11,7,26,-8.86,980200.0,128.36,0.28,3,5.0,3,1
676455,14,6,31,-17.99,1012912.0,126.59,0.27,4,4.0,3,1
972623,13,5,24,6.18,977776.0,124.32,0.29,3,3.0,2,1
652161,1,4,21,1.47,21803.0,96.94,0.58,2,4.0,1,1
462252,13,6,30,-4.49,1047619.0,126.34,0.25,4,4.0,3,1
27777,11,6,26,-6.03,974921.0,121.24,0.19,4,2.0,2,1
408764,0,5,54,13.4,135151.0,113.15,0.64,2,6.0,2,0
795287,1,3,35,3.79,201963.0,109.06,0.59,3,6.0,1,0
643850,0,2,45,1.69,136603.0,116.08,0.68,3,8.0,1,0
15304,1,4,58,3.07,224833.0,119.79,0.77,3,8.0,2,0
581259,0,5,20,13.64,121024.0,99.79,0.45,3,2.0,2,0
973747,15,7,33,-9.07,1001684.0,133.15,0.3,4,5.0,4,1
570011,13,8,24,2.21,998185.0,129.14,0.24,4,4.0,5,1
84199,12,7,33,-3.46,1079989.0,128.25,0.23,3,5.0,4,1
75480,12,6,24,-6.25,910919.0,122.95,0.29,4,4.0,2,1
170660,12,7,28,8.72,1024698.0,131.92,0.24,3,6.0,3,1
559095,0,3,21,22.13,131425.0,102.68,0.56,2,3.0,1,0
320032,0,5,41,0.27,147586.0,98.71,0.51,3,2.0,2,1
426916,2,4,41,9.21,130768.0,102.3,0.69,3,4.0,2,0
376384,12,8,27,12.09,1020445.0,128.63,0.18,3,4.0,4,1
922776,13,6,31,-6.5,987935.0,130.27,0.29,4,4.0,3,1
189779,4,3,20,3.46,60626.0,113.99,0.65,2,6.0,1,1
443503,1,3,32,6.81,143561.0,109.98,0.62,2,7.0,1,0
885380,0,4,18,3.11,89475.0,96.49,0.51,2,2.0,1,1
971597,0,4,48,1.05,243270.0,115.36,0.58,2,6.0,2,0
476160,12,7,34,-4.53,896474.0,129.24,0.35,3,6.0,3,1
356813,0,4,20,6.67,38166.0,83.78,0.53,2,0.0,1,0
45595,2,4,52,10.66,196247.0,115.8,0.69,2,6.0,2,0
25984,12,7,27,-27.53,1033064.0,127.99,0.23,4,2.0,3,1
768709,1,5,19,3.02,80200.0,97.7,0.59,2,4.0,2,0
183936,2,3,33,10.89,79705.0,102.03,0.59,3,3.0,1,0
441475,0,3,41,6.18,99975.0,93.24,0.6,3,2.0,1,1
605909,1,3,22,2.32,79033.0,79.71,0.49,2,0.0,1,0
23437,12,9,34,6.57,957013.0,130.29,0.24,3,5.0,5,1
171627,0,5,18,1.49,115208.0,108.62,0.62,2,4.0,2,0
100891,0,3,21,1.79,52937.0,111.52,0.63,2,6.0,1,1
830402,10,8,24,-0.35,1013948.0,125.81,0.29,4,2.0,4,1
200172,14,7,24,-1.75,937035.0,135.34,0.34,4,7.0,4,1
196668,12,6,33,-22.82,947349.0,135.49,0.4,4,9.0,2,1
113523,2,3,35,8.51,62796.0,112.25,0.69,2,7.0,1,0
761884,13,7,24,-7.88,930558.0,128.68,0.25,4,4.0,3,1
670410,10,7,26,-17.86,1036375.0,131.99,0.19,3,5.0,3,1
19588,13,7,26,-0.69,979730.0,122.56,0.17,3,2.0,4,1
783897,10,6,26,-10.52,974225.0,123.84,0.2,3,2.0,2,0
487528,13,9,27,-12.42,1026501.0,119.95,0.25,3,2.0,5,0
310318,0,3,34,8.11,118976.0,81.12,0.57,2,1.0,1,0
268162,11,9,25,-15.09,980951.0,127.16,0.25,4,4.0,5,1
332392,1,2,35,1.7,121211.0,97.62,0.59,3,3.0,1,0
793300,9,7,28,-1.2,1030325.0,126.03,0.24,3,2.0,3,0
286646,2,4,22,0.42,78070.0,99.44,0.56,1,5.0,1,1
139875,10,6,28,-16.96,1094640.0,117.81,0.18,4,0.0,2,1
823268,12,6,24,6.78,959656.0,124.3,0.27,3,4.0,2,1
969265,0,4,19,12.96,120003.0,99.85,0.58,2,4.0,1,0
440034,1,3,48,9.14,78881.0,111.5,0.7,2,6.0,1,0
523154,11,7,41,-1.15,955685.0,138.26,0.42,3,10.0,3,1
471630,1,2,19,0.37,51903.0,90.61,0.55,2,2.0,1,0
763216,10,9,32,6.92,1040638.0,130.64,0.25,3,5.0,5,1
480591,1,3,19,0.11,39317.0,85.93,0.6,3,2.0,1,0
46215,0,5,19,10.94,132365.0,92.86,0.46,2,2.0,2,1
928765,1,3,21,1.54,143008.0,94.83,0.37,2,2.0,1,1
954954,13,7,39,-8.34,988919.0,134.74,0.38,4,7.0,4,1
147181,10,7,29,2.28,1077092.0,128.03,0.23,4,4.0,3,1
192323,7,3,21,16.17,26304.0,96.77,0.62,2,4.0,2,0
607869,0,4,21,7.63,109306.0,86.92,0.56,2,1.0,1,0
696601,12,6,29,-10.06,1069419.0,132.0,0.22,4,5.0,3,1
831765,0,3,20,2.26,42687.0,78.04,0.43,2,0.0,1,0
58473,0,3,34,6.94,68361.0,117.33,0.69,2,7.0,1,0
852229,2,2,49,4.43,188781.0,114.84,0.71,2,7.0,1,1
160062,0,1,19,0.36,189259.0,108.02,0.59,2,6.0,1,1
646149,1,2,20,6.02,123297.0,96.3,0.63,2,3.0,1,0
924051,0,3,21,7.17,6739.0,75.01,0.56,3,1.0,1,0
115634,1,5,34,1.38,137010.0,106.54,0.55,3,4.0,2,0
579541,9,6,27,-19.01,951923.0,118.1,0.24,3,2.0,2,1
156919,12,6,33,-8.82,973622.0,130.25,0.33,4,6.0,2,0
97591,11,7,31,-10.42,1054601.0,129.7,0.28,4,4.0,3,1
185419,3,3,59,6.36,115174.0,103.95,0.7,2,3.0,1,1
976339,0,4,19,2.53,123572.0,84.72,0.45,2,1.0,1,0
650869,13,7,37,-14.93,1002920.0,132.5,0.33,4,7.0,4,0
841218,10,6,29,14.46,1017925.0,127.45,0.27,4,3.0,2,1
427463,2,4,41,14.35,165439.0,115.0,0.66,2,6.0,2,0
698500,13,5,25,-11.14,1051644.0,129.48,0.26,4,5.0,2,0
87212,10,7,33,-7.56,1080646.0,129.05,0.2,4,3.0,3,1
793383,12,6,26,-10.51,993725.0,114.63,0.18,4,0.0,3,1
105737,0,3,46,2.27,173586.0,127.84,0.84,2,10.0,1,0
138224,0,4,21,4.73,116883.0,109.78,0.65,2,7.0,1,0
170801,0,4,20,1.76,107212.0,94.91,0.58,2,1.0,1,0
482249,12,7,31,-15.64,1094559.0,132.4,0.33,3,6.0,4,1
582291,15,5,32,-6.31,1030819.0,131.42,0.27,4,6.0,3,1
229538,12,5,35,4.12,941607.0,134.62,0.42,3,8.0,2,1
14968,1,3,43,0.73,97055.0,108.06,0.66,2,6.0,1,0
804080,14,7,26,-3.48,998332.0,127.51,0.27,4,6.0,4,1
597320,11,6,30,-13.72,903170.0,117.28,0.18,4,1.0,2,0
450275,12,6,34,1.81,981507.0,124.64,0.27,3,3.0,3,1
846319,13,8,23,-6.26,947305.0,127.45,0.25,4,5.0,4,1
281677,0,4,20,0.66,121601.0,105.84,0.6,2,4.0,1,1
376747,3,1,20,6.51,74285.0,107.27,0.62,3,5.0,1,0
212392,10,7,26,-17.73,959533.0,129.43,0.28,3,5.0,3,0
763292,2,4,59,0.84,100189.0,102.79,0.62,3,5.0,2,0
790656,12,5,32,-26.03,1017202.0,130.56,0.2,4,5.0,2,1
208740,0,2,21,1.64,74056.0,87.48,0.52,2,3.0,1,0
493253,12,7,34,-8.92,1016639.0,127.92,0.27,4,5.0,3,1
423248,0,3,19,2.21,94479.0,99.58,0.63,2,5.0,1,0
751434,14,7,37,-18.23,1037216.0,122.77,0.17,3,2.0,4,1
953827,14,7,28,-2.6,994742.0,128.6,0.3,3,4.0,4,0
281626,12,5,35,-11.58,1030525.0,124.94,0.29,4,3.0,2,0
952670,0,4,57,2.98,90929.0,112.13,0.71,2,6.0,1,0
219592,0,1,18,2.77,116217.0,83.2,0.47,3,1.0,1,1
676982,13,7,28,8.07,1002328.0,121.98,0.2,3,3.0,4,1
510728,0,3,19,0.25,94535.0,97.6,0.58,3,4.0,1,0
875994,2,4,44,9.89,116412.0,115.73,0.69,3,6.0,2,0
772248,10,6,27,-7.32,1026019.0,117.51,0.17,5,1.0,2,0
658587,11,5,38,8.26,973180.0,126.74,0.22,3,6.0,2,1
472042,1,4,34,1.58,102694.0,101.64,0.65,2,3.0,1,0
668664,0,3,55,3.14,109503.0,107.49,0.69,2,6.0,1,1
707523,0,2,58,19.95,101105.0,111.52,0.76,3,8.0,1,0
177263,10,8,26,-3.38,1023123.0,127.82,0.23,4,4.0,4,1
684150,0,4,19,4.54,122187.0,91.93,0.61,3,3.0,1,0
648226,13,6,29,9.08,1017458.0,130.78,0.31,4,4.0,3,1
351581,0,3,37,1.53,53192.0,100.43,0.68,2,4.0,1,1
669456,2,5,19,4.15,96603.0,88.45,0.44,3,1.0,2,0
92235,13,6,37,24.3,988889.0,124.01,0.29,4,4.0,3,1
11225,13,7,24,6.02,984136.0,123.88,0.26,4,3.0,4,1
209342,0,3,52,1.14,30549.0,110.32,0.72,2,7.0,1,0
282597,11,9,28,-25.53,978347.0,132.44,0.29,3,6.0,5,1
54040,10,6,24,-1.1,1027867.0,124.61,0.25,4,3.0,2,1
505577,0,3,21,8.19,166929.0,96.96,0.55,3,4.0,1,0
63327,2,5,19,0.4,46536.0,116.14,0.54,2,6.0,2,0
10032,12,10,28,-20.58,1001018.0,131.82,0.25,3,6.0,5,1
930604,0,4,18,4.36,186369.0,88.02,0.5,2,1.0,1,0
612158,12,6,24,45.02,912603.0,120.69,0.24,3,3.0,2,1
763179,10,6,29,5.71,927806.0,132.78,0.3,3,6.0,2,1
357624,0,4,58,1.71,123442.0,111.18,0.78,2,6.0,1,0
921015,0,3,20,5.85,97086.0,109.6,0.59,3,5.0,1,0
225961,0,4,21,4.91,83409.0,103.42,0.52,2,5.0,1,0
445533,0,1,39,10.33,185939.0,93.73,0.55,3,2.0,1,1
254907,14,8,37,-1.96,1075160.0,124.95,0.24,4,2.0,5,1
98308,1,3,34,15.81,51515.0,93.94,0.65,2,4.0,1,0
269236,0,4,20,20.29,73768.0,87.24,0.47,2,2.0,1,0
533153,0,1,19,3.25,101168.0,102.3,0.53,3,4.0,1,0
306021,0,4,37,4.8,110225.0,108.93,0.61,3,5.0,1,0
741945,13,5,30,-9.65,870406.0,123.21,0.36,4,4.0,2,1
468034,10,8,23,6.57,1068690.0,122.26,0.19,3,1.0,4,1
42636,9,8,37,-16.35,1019537.0,132.71,0.33,4,6.0,3,1
536855,1,4,22,27.19,92964.0,102.27,0.44,2,4.0,1,1
443389,14,6,29,-13.33,1043430.0,135.8,0.29,4,7.0,3,1
47934,0,2,21,1.5,6404.0,100.76,0.68,2,5.0,1,0
608550,0,3,20,7.64,126540.0,106.29,0.56,3,4.0,1,0
641198,0,4,19,1.93,77812.0,106.42,0.59,2,3.0,1,0
723227,12,7,23,-3.26,1096799.0,130.25,0.22,4,5.0,4,1
336616,0,5,19,2.3,50000.0,95.6,0.51,2,3.0,1,0
239886,1,5,22,5.62,188420.0,107.69,0.5,2,4.0,2,0
396576,11,6,28,-0.09,1012796.0,129.07,0.35,3,5.0,2,1
740742,2,3,21,1.3,226621.0,105.02,0.46,2,3.0,1,0
80695,1,2,21,2.07,164839.0,105.18,0.58,2,4.0,1,0
216830,12,5,29,-1.31,936293.0,125.29,0.26,3,4.0,2,0
837587,13,7,24,5.41,1007221.0,127.99,0.24,4,4.0,4,1
695695,11,7,28,-5.93,916490.0,125.32,0.35,3,4.0,3,1
262752,0,5,44,9.01,164262.0,110.95,0.71,2,6.0,2,0
993356,0,1,37,1.95,168944.0,90.52,0.57,2,1.0,1,0
643415,0,5,50,4.74,50609.0,104.76,0.62,3,5.0,1,0
479127,11,5,32,3.49,1045452.0,133.27,0.25,3,5.0,2,0
58940,0,4,58,0.89,101963.0,102.28,0.7,2,5.0,1,0
40250,2,2,21,9.59,23007.0,99.59,0.62,2,5.0,1,0
725603,2,5,38,7.01,218801.0,106.97,0.57,2,3.0,2,1
126719,0,5,22,1.23,113165.0,97.93,0.45,2,1.0,2,0
604821,0,5,22,1.93,57446.0,91.49,0.5,2,1.0,1,0
122751,2,4,38,1.59,84924.0,98.03,0.64,2,3.0,1,0
777221,11,8,25,5.37,1015717.0,136.35,0.3,2,8.0,4,1
674606,0,4,20,14.39,195036.0,117.04,0.59,2,6.0,1,0
401997,1,2,21,12.75,121117.0,102.49,0.57,3,4.0,1,0
392471,14,7,30,-24.54,1013459.0,123.24,0.31,4,4.0,4,1
663909,12,7,34,-6.94,948408.0,132.93,0.32,3,7.0,3,1
515838,1,1,21,0.68,95412.0,78.36,0.51,2,0.0,1,1
714542,14,6,33,0.71,1010007.0,130.63,0.28,4,4.0,3,1
714320,2,2,21,2.5,108466.0,95.57,0.62,1,3.0,1,0
121698,10,6,23,-11.56,1002118.0,130.89,0.33,4,5.0,2,0
229941,13,9,33,4.31,964664.0,134.81,0.41,3,7.0,5,0
435908,1,3,20,1.43,124016.0,111.09,0.64,3,5.0,1,0
988333,0,5,50,9.7,226643.0,122.23,0.72,2,8.0,2,0
595900,4,4,20,8.57,106401.0,104.31,0.6,2,4.0,2,0
88457,14,7,31,-12.33,965262.0,130.81,0.3,4,4.0,4,0
289250,12,7,27,-19.39,957502.0,125.73,0.23,3,3.0,3,1
896701,1,2,50,12.25,61589.0,100.68,0.64,3,4.0,1,1
67917,13,9,31,-18.62,1032350.0,123.66,0.24,4,2.0,5,1
625251,2,4,18,0.61,219807.0,105.92,0.49,3,4.0,2,0
720918,2,5,56,3.2,108388.0,116.55,0.76,2,8.0,2,0
224933,12,6,34,-0.63,974470.0,120.6,0.28,4,2.0,2,0
665791,2,4,20,7.59,106668.0,113.85,0.71,2,6.0,2,0
483463,0,3,58,10.62,50000.0,122.89,0.83,2,10.0,1,0
898543,0,2,52,1.33,165312.0,105.23,0.72,2,6.0,1,0
916316,0,3,21,11.32,120598.0,117.18,0.67,2,6.0,1,0
914428,14,7,26,-4.48,1109642.0,132.3,0.19,4,5.0,5,1
377486,0,2,41,6.24,59723.0,105.62,0.7,2,6.0,1,0
802303,12,8,27,-0.8,993461.0,134.88,0.33,4,6.0,4,1
873984,14,6,30,-4.84,1045356.0,121.5,0.22,3,2.0,3,0
998628,11,6,29,-8.32,954185.0,133.75,0.46,4,7.0,2,0
392521,13,7,23,-2.06,924776.0,125.14,0.22,4,2.0,3,1
525366,3,2,42,1.27,70259.0,116.22,0.74,2,8.0,1,0
393755,11,7,26,11.85,882160.0,128.38,0.32,3,5.0,2,1
908296,13,7,30,7.51,1036586.0,126.0,0.25,4,4.0,4,1
581829,14,9,32,-5.95,1003607.0,129.51,0.26,4,4.0,5,1
657858,12,6,29,22.09,991828.0,124.58,0.26,4,4.0,3,1
377152,12,8,31,-15.4,1033515.0,125.1,0.25,4,2.0,4,1
814500,13,8,37,-9.51,955930.0,135.27,0.33,4,7.0,4,1
676750,10,6,28,-9.59,950112.0,118.21,0.19,4,2.0,2,0
703941,13,9,29,-17.1,948338.0,129.2,0.34,3,5.0,5,1
711637,1,4,22,0.94,100948.0,101.39,0.62,3,4.0,1,0
504524,1,4,18,0.76,37302.0,88.65,0.5,2,1.0,1,0
437534,10,6,27,1.44,946892.0,112.63,0.21,3,0.0,2,1
210554,11,8,24,-9.88,1038347.0,127.22,0.14,4,3.0,4,1
765112,12,8,25,-24.42,1049721.0,137.75,0.29,4,8.0,4,1
228028,1,3,19,4.98,144081.0,87.93,0.41,2,2.0,1,0
984342,0,3,20,1.22,51056.0,98.09,0.59,2,3.0,1,1
741108,2,3,20,4.27,70168.0,101.55,0.57,2,3.0,1,1
190657,3,4,20,7.1,153952.0,83.12,0.42,2,0.0,2,0
497455,13,8,28,1.13,1060064.0,128.61,0.23,3,4.0,5,1
260410,0,5,37,1.53,38232.0,102.97,0.64,2,4.0,1,0
392709,1,4,22,8.42,136601.0,90.71,0.49,2,2.0,1,0
393702,14,6,27,0.6,967507.0,133.32,0.35,4,6.0,3,1
268312,10,8,26,-2.51,925048.0,119.48,0.2,4,2.0,3,0
456710,0,5,47,3.27,145355.0,97.1,0.57,2,4.0,2,0
15546,1,3,35,8.59,191075.0,104.64,0.54,2,3.0,1,1
280426,12,9,29,5.51,1120220.0,135.03,0.29,3,7.0,5,1
98093,11,8,29,0.35,923216.0,125.03,0.32,4,4.0,3,1
70997,10,7,24,13.16,1059538.0,131.24,0.27,4,4.0,3,1
723301,3,2,40,4.48,50000.0,105.93,0.7,3,5.0,1,1
52528,12,8,29,1.49,1035606.0,130.14,0.2,3,3.0,4,1
352924,1,4,49,8.35,107325.0,108.0,0.7,2,5.0,1,0
764293,0,4,18,2.49,173132.0,94.32,0.49,3,3.0,1,0
211495,9,5,31,4.59,991544.0,129.45,0.3,4,6.0,2,1
855368,14,5,28,-13.97,1092256.0,114.58,0.18,3,1.0,3,1
101020,11,7,27,0.75,1078436.0,139.77,0.35,3,9.0,3,0
45028,13,5,27,-2.38,990462.0,130.27,0.25,4,5.0,2,1
523260,0,3,18,3.1,117221.0,92.47,0.57,2,3.0,1,0
288317,0,4,58,1.98,44510.0,109.57,0.72,2,7.0,1,0
671408,0,3,36,5.98,50000.0,108.3,0.62,2,4.0,1,1
380435,0,4,43,12.6,67672.0,108.76,0.67,2,5.0,1,1
646249,11,6,34,-0.21,985650.0,133.13,0.33,4,7.0,2,1
33561,15,7,29,-6.04,1005856.0,128.31,0.27,4,4.0,4,1
537688,0,4,44,8.63,13242.0,108.13,0.7,2,6.0,1,1
371651,1,5,19,5.85,57198.0,95.07,0.63,3,2.0,2,0
460973,0,4,19,1.44,50000.0,96.2,0.53,2,3.0,1,0
111759,13,8,26,-5.37,934099.0,124.66,0.29,4,3.0,4,0
843266,0,5,21,6.28,72763.0,100.64,0.52,2,4.0,2,0
170610,1,2,21,1.35,56183.0,83.39,0.53,3,2.0,1,0
384885,1,4,39,2.63,62163.0,105.75,0.74,2,6.0,1,0
688434,0,5,48,29.12,88814.0,109.15,0.69,3,6.0,2,1
905067,0,1,19,3.62,42024.0,97.49,0.58,2,4.0,1,0
678562,9,6,28,-8.68,927801.0,119.43,0.22,4,1.0,2,1
70181,12,6,23,-13.61,954290.0,124.96,0.22,5,4.0,2,1
803098,11,7,23,7.96,1012492.0,125.83,0.19,4,3.0,3,1
893391,12,6,23,-7.45,982565.0,124.17,0.21,4,3.0,3,1
597627,13,7,27,4.12,1017512.0,129.98,0.27,3,5.0,4,1
452539,3,4,57,3.61,112448.0,116.2,0.77,3,8.0,2,0
110812,13,6,24,5.05,1044470.0,135.94,0.27,4,7.0,3,1
613500,1,4,59,3.84,125603.0,110.02,0.68,3,6.0,1,0
655237,13,7,27,4.0,977931.0,128.71,0.25,4,4.0,4,1
435946,0,3,18,1.46,47047.0,79.54,0.53,2,2.0,1,0
411141,0,3,19,2.0,45279.0,105.6,0.61,2,4.0,1,1
683892,0,0,46,23.74,99873.0,106.44,0.76,2,7.0,1,1
793207,11,6,33,-8.31,1025178.0,123.3,0.21,4,3.0,2,1
746522,11,7,29,-4.64,948932.0,129.15,0.28,4,5.0,3,1
903773,0,2,44,4.26,113616.0,110.22,0.7,2,6.0,1,0
411870,2,4,57,2.12,52540.0,117.43,0.76,2,8.0,1,0
340081,12,8,29,-5.51,982858.0,114.04,0.23,3,0.0,4,0
615366,0,4,20,1.69,152921.0,100.54,0.46,1,2.0,1,0
445123,13,8,32,-6.31,896799.0,131.42,0.33,4,6.0,4,1
504767,11,6,24,4.21,1013838.0,123.71,0.23,4,3.0,2,1
902471,12,7,28,-5.36,982858.0,131.31,0.31,4,5.0,3,0
329409,12,6,39,9.13,1033553.0,135.68,0.29,4,6.0,3,0
26025,0,2,19,0.88,185398.0,113.75,0.49,2,7.0,1,0
87412,9,6,25,-2.31,962767.0,120.28,0.19,3,1.0,2,1
652793,12,8,25,3.04,1017819.0,131.42,0.22,4,4.0,4,1
925431,0,2,37,5.48,134160.0,105.69,0.6,2,5.0,1,0
38811,0,5,41,1.67,188558.0,123.69,0.74,2,8.0,2,0
29071,12,8,30,-5.52,1004264.0,130.25,0.25,4,5.0,4,1
302595,8,6,23,-8.28,935959.0,123.79,0.24,3,4.0,2,1
374035,3,3,37,0.62,140777.0,110.77,0.59,2,6.0,1,0
956946,0,4,45,0.4,114079.0,108.89,0.57,2,5.0,1,0
398583,14,9,34,-14.2,990211.0,125.16,0.31,4,4.0,5,1
556195,13,8,26,9.6,975821.0,133.46,0.31,4,8.0,4,0
988950,12,7,27,11.82,1002666.0,128.44,0.28,4,3.0,3,1
610013,0,4,20,9.72,142601.0,80.01,0.43,3,0.0,1,0
54640,2,5,20,2.34,103848.0,105.36,0.62,3,5.0,2,0
85495,0,5,20,1.86,136941.0,103.82,0.55,2,3.0,2,0
227001,13,10,25,-15.88,955610.0,124.06,0.27,3,3.0,5,1
633976,13,7,25,-18.81,1008143.0,128.69,0.3,3,4.0,4,1
626661,13,6,24,-2.11,1012762.0,133.93,0.25,4,6.0,3,1
118558,11,6,30,-10.84,917162.0,126.89,0.42,3,5.0,2,1
943558,11,5,27,-0.15,928548.0,121.41,0.24,4,3.0,2,1
832476,12,6,27,0.61,915992.0,117.72,0.18,4,1.0,2,1
165347,13,5,25,-7.23,952332.0,129.9,0.28,4,5.0,2,1
868184,11,6,25,-15.38,965045.0,119.35,0.24,3,3.0,2,1
225034,13,7,25,-18.57,888354.0,121.14,0.2,3,2.0,3,0
773267,8,5,23,-17.01,1006963.0,138.11,0.31,4,8.0,2,1
632588,0,5,19,4.77,99081.0,99.2,0.51,2,2.0,2,1
55277,0,3,41,2.11,74120.0,108.17,0.7,2,4.0,1,0
130220,1,3,19,10.68,129852.0,92.7,0.54,2,3.0,1,1
891171,12,5,34,-18.48,1029353.0,131.98,0.33,4,5.0,2,1
398166,0,4,20,8.74,96876.0,90.28,0.43,2,1.0,1,0
278843,13,6,27,-28.12,1018899.0,127.73,0.29,3,3.0,3,1
420827,2,5,41,2.12,115288.0,116.14,0.67,3,8.0,2,1
25861,13,8,32,-11.13,1010722.0,132.78,0.2,4,5.0,5,1
781748,0,5,18,5.38,52122.0,95.7,0.49,3,2.0,1,0
901119,2,1,21,0.63,55243.0,108.47,0.67,2,6.0,1,1
689064,0,3,40,4.24,58267.0,112.46,0.74,1,7.0,1,1
144513,1,5,19,0.04,144118.0,104.57,0.47,3,4.0,2,0
290811,2,4,54,6.84,117184.0,123.04,0.83,3,9.0,2,0
82359,0,3,41,2.69,149801.0,98.54,0.54,2,3.0,1,0
604217,11,7,23,-12.03,1028031.0,121.07,0.24,3,3.0,3,1
532183,14,7,24,-4.82,968647.0,121.24,0.21,4,1.0,4,1
605132,2,5,21,19.69,117047.0,103.16,0.61,3,4.0,2,1
18194,12,8,33,-6.59,993287.0,125.87,0.25,3,3.0,4,1
945564,0,5,45,23.51,132850.0,117.41,0.66,2,7.0,2,1
1056,13,7,31,-1.49,1004944.0,129.04,0.31,4,4.0,4,1
733203,0,3,19,2.22,40717.0,100.12,0.6,2,3.0,1,1
925384,0,3,20,6.11,123541.0,90.54,0.41,2,1.0,1,0
878788,13,7,35,-13.23,1059495.0,134.1,0.22,4,7.0,4,1
751999,2,3,18,2.3,119278.0,92.16,0.6,2,2.0,1,0
720350,1,4,20,9.72,156480.0,81.27,0.44,3,0.0,1,0
637793,1,5,50,6.72,191247.0,112.0,0.62,2,6.0,2,0
766231,13,6,23,-12.61,1035800.0,126.09,0.23,4,3.0,3,1
884741,14,5,37,-0.04,1026616.0,127.2,0.29,3,4.0,3,1
333497,12,5,26,-3.75,970423.0,118.81,0.2,4,3.0,2,0
149927,14,6,28,-17.05,970036.0,118.28,0.21,4,2.0,3,1
401887,3,4,49,1.81,45450.0,119.26,0.77,2,8.0,2,1
103671,9,6,24,-10.49,997465.0,126.41,0.26,4,3.0,2,1
624865,0,4,19,2.18,94119.0,103.97,0.52,2,5.0,1,0
500714,12,6,28,-29.73,996614.0,126.99,0.25,3,4.0,3,0
767808,13,5,30,0.12,1035536.0,133.52,0.33,4,7.0,2,1
391139,13,8,25,0.83,943473.0,135.71,0.27,4,8.0,4,1
812004,1,1,19,11.79,103946.0,99.89,0.48,2,3.0,1,0
29579,0,2,36,5.35,19567.0,100.7,0.62,2,3.0,1,0
955779,12,9,27,4.57,990565.0,123.17,0.2,4,2.0,5,1
456837,13,6,26,9.35,1068513.0,116.67,0.18,4,1.0,3,1
931350,12,8,25,-2.99,961286.0,112.34,0.16,3,0.0,4,1
280129,13,6,29,-6.86,958316.0,130.45,0.33,4,6.0,3,1
483745,13,8,24,-11.51,1032532.0,130.55,0.26,4,5.0,5,1
458077,0,4,21,2.19,121379.0,94.01,0.56,3,2.0,1,0
345905,15,7,29,-1.35,1035821.0,135.13,0.39,4,8.0,5,1
533535,3,5,35,0.85,33228.0,109.07,0.66,3,6.0,2,0
651724,11,8,24,-19.94,1052664.0,124.81,0.2,4,4.0,4,1
257166,1,4,51,3.28,112684.0,104.96,0.69,2,5.0,1,0
540018,11,8,29,-14.62,1032149.0,124.6,0.24,4,1.0,4,1
372143,12,6,38,7.18,982888.0,118.1,0.31,3,2.0,3,1
365315,0,2,21,5.05,71968.0,98.26,0.6,2,4.0,1,1
777461,0,3,21,4.2,129731.0,101.51,0.6,1,3.0,1,0
807831,11,8,28,2.07,961357.0,131.55,0.31,3,5.0,4,1
767632,12,8,30,5.19,969862.0,122.9,0.25,3,3.0,4,1
216743,13,7,25,5.0,1036532.0,118.41,0.22,3,1.0,4,0
161986,0,4,43,0.15,89148.0,121.98,0.8,3,10.0,1,1
650719,2,4,56,0.34,97875.0,116.01,0.68,3,8.0,2,0
281204,0,5,19,14.12,25990.0,93.27,0.5,2,2.0,1,0
348237,0,2,20,53.62,192808.0,80.17,0.43,3,1.0,1,0
777405,13,6,28,-26.82,986194.0,126.58,0.24,4,3.0,3,1
508907,15,8,31,-3.86,1017370.0,133.84,0.24,4,7.0,5,0
862342,0,4,21,10.3,80618.0,82.63,0.46,1,0.0,1,0
388690,12,7,29,-7.17,1026155.0,137.43,0.37,4,8.0,3,1
876659,9,5,28,-6.92,1009009.0,114.92,0.21,4,1.0,2,1
904485,1,3,20,10.46,71447.0,95.52,0.55,3,2.0,1,0
115104,12,7,29,-1.38,968627.0,125.26,0.2,4,3.0,3,1
54670,10,6,30,4.16,986583.0,121.24,0.25,3,2.0,2,1
675580,13,5,32,5.76,979703.0,125.1,0.19,4,3.0,2,1
204552,13,6,27,-8.37,971539.0,134.76,0.24,4,6.0,3,1
165750,0,2,55,0.68,98482.0,99.89,0.69,2,5.0,1,0
442458,0,3,53,12.7,67901.0,113.07,0.75,2,7.0,1,0
417350,11,5,35,4.24,1010148.0,127.13,0.22,4,4.0,2,1
338741,13,8,24,-1.42,993210.0,130.98,0.32,4,5.0,4,1
409788,0,5,43,5.9,33457.0,105.77,0.76,2,6.0,1,0
827212,10,6,29,-19.65,950135.0,113.29,0.22,4,1.0,2,1
730381,0,2,19,17.11,112798.0,73.91,0.52,2,0.0,1,0
561485,0,3,21,3.57,160660.0,115.56,0.69,2,7.0,1,0
882281,3,5,44,3.16,147002.0,117.58,0.64,2,7.0,2,0
692362,0,3,18,2.6,97754.0,104.19,0.52,3,5.0,1,0
721771,8,7,27,-17.15,994008.0,132.5,0.22,4,4.0,2,1
243694,0,4,49,8.82,156324.0,114.85,0.72,2,7.0,1,0
305403,14,10,25,-12.04,979296.0,129.69,0.28,4,4.0,5,1
968780,0,4,33,10.91,126223.0,99.9,0.66,2,4.0,1,0
469374,0,3,55,3.44,99595.0,98.64,0.66,2,4.0,1,0
422623,0,4,19,1.31,151941.0,101.64,0.49,3,2.0,1,0
40174,2,4,21,11.4,54474.0,103.6,0.71,3,5.0,1,0
47210,12,6,28,-23.81,1000079.0,125.54,0.26,4,3.0,3,0
764214,2,3,35,9.39,56759.0,98.78,0.65,2,2.0,1,1
233573,0,2,54,4.66,101275.0,103.55,0.75,1,6.0,1,0
141244,12,6,23,-21.85,1006138.0,124.9,0.25,4,4.0,3,1
822972,3,5,20,4.46,50000.0,83.28,0.42,3,0.0,2,0
949253,13,6,25,-12.81,955590.0,126.67,0.23,3,4.0,3,0
810552,1,2,20,14.78,15034.0,88.5,0.57,2,3.0,1,0
281533,15,6,31,-13.4,1099749.0,129.71,0.28,4,5.0,4,1
954499,3,3,33,4.11,150265.0,111.87,0.69,2,6.0,1,0
904132,13,6,30,-6.31,966075.0,129.35,0.35,3,6.0,3,1
656251,11,5,24,-10.02,1002962.0,132.89,0.41,3,7.0,2,1
850133,13,8,32,5.74,1019784.0,127.29,0.2,4,2.0,5,0
476790,0,5,20,0.25,58143.0,107.23,0.54,2,4.0,1,1
782664,0,4,21,21.56,114448.0,93.77,0.55,1,3.0,1,0
242028,12,8,39,-5.25,1128915.0,124.75,0.15,4,1.0,5,0
654546,1,3,21,3.46,119947.0,77.06,0.48,2,0.0,1,0
922942,2,3,37,5.61,115903.0,84.15,0.55,2,0.0,1,0
310427,12,7,26,7.45,960523.0,135.97,0.33,4,7.0,3,1
885187,13,7,29,-25.38,982678.0,127.07,0.31,4,4.0,4,1
3118,0,5,22,4.38,113652.0,86.45,0.39,2,0.0,2,0
144337,1,3,39,9.6,192214.0,103.07,0.54,2,4.0,1,1
652524,15,7,23,9.01,1003142.0,116.21,0.16,4,0.0,4,1
981510,12,7,32,-8.12,979009.0,127.46,0.35,4,4.0,3,1
138802,12,8,32,4.37,1042691.0,121.18,0.23,4,2.0,4,0
693478,13,7,25,0.77,1104320.0,133.86,0.23,3,6.0,4,1
154386,13,7,24,4.18,964609.0,132.08,0.21,4,5.0,3,1
670074,12,6,30,-10.93,1105193.0,123.27,0.2,4,1.0,3,1
285902,13,6,28,-3.61,1037565.0,115.79,0.17,3,1.0,3,0
301346,13,6,31,12.69,1018417.0,122.62,0.26,4,3.0,3,0
146619,12,6,26,7.1,1048727.0,127.61,0.21,4,4.0,3,0
495457,12,6,35,7.02,922419.0,127.66,0.33,3,5.0,2,1
60771,12,7,27,4.99,934963.0,122.04,0.27,3,2.0,3,1
699465,1,3,50,0.45,137759.0,108.58,0.67,3,4.0,1,0
268517,10,8,29,-3.29,994878.0,140.69,0.33,3,9.0,3,1
923740,1,4,21,2.48,105909.0,100.44,0.49,3,3.0,1,0
125862,9,6,24,16.89,1020920.0,114.47,0.16,4,0.0,2,1
228854,12,7,30,-17.28,969135.0,130.99,0.38,5,7.0,3,1
582726,1,4,35,5.15,50000.0,111.67,0.7,2,7.0,1,0
166333,14,9,25,7.73,943607.0,125.73,0.22,4,2.0,5,1
252494,0,2,20,13.19,118732.0,106.29,0.52,2,4.0,1,0
884899,13,6,27,0.06,1098260.0,124.9,0.18,3,2.0,3,1
54344,4,3,35,15.38,124317.0,102.44,0.65,2,3.0,2,0
190548,13,7,25,-7.49,986125.0,131.01,0.31,4,5.0,4,0
806454,1,2,22,1.55,121650.0,110.84,0.68,2,6.0,1,0
987372,11,8,25,-22.13,1115653.0,129.86,0.18,4,3.0,4,1
600195,0,3,49,5.03,50000.0,92.76,0.65,2,4.0,1,0
252315,1,4,42,3.13,144121.0,115.87,0.71,3,6.0,1,0
393853,11,8,32,-12.61,982932.0,133.4,0.36,4,6.0,4,1
483777,13,7,35,2.97,1104232.0,125.15,0.19,4,2.0,4,1
670121,13,6,29,2.32,995589.0,125.83,0.25,3,3.0,3,1
94140,1,1,22,10.66,28923.0,93.11,0.55,3,3.0,1,0
682883,12,7,24,-6.49,1091255.0,133.41,0.27,4,5.0,4,1
774093,10,10,28,-8.09,1031707.0,128.88,0.24,3,3.0,5,1
852394,0,2,21,12.47,57046.0,97.54,0.58,2,4.0,1,0
393390,11,7,23,-26.0,1056454.0,115.77,0.12,4,0.0,3,1
850025,13,10,25,-18.33,1131549.0,127.64,0.17,4,3.0,5,1
517593,0,4,47,19.44,115250.0,113.27,0.76,2,6.0,1,0
377132,3,3,52,4.98,59356.0,105.76,0.68,2,6.0,1,0
183560,1,2,19,13.38,107916.0,103.35,0.51,2,4.0,1,0
341522,0,4,34,7.45,14803.0,96.84,0.6,2,3.0,1,0
643633,13,5,23,-9.77,974799.0,125.92,0.22,4,4.0,2,0
910240,0,5,53,0.92,90021.0,106.0,0.71,2,4.0,2,0
83596,0,2,57,9.33,116676.0,121.48,0.7,2,9.0,1,0
791514,13,7,27,-8.66,1053625.0,124.78,0.29,4,4.0,4,1
201356,12,7,34,0.72,914994.0,137.74,0.4,3,10.0,3,0
213314,13,7,25,-1.34,1054366.0,124.92,0.21,4,3.0,4,0
339130,11,7,29,-5.67,1033294.0,132.34,0.26,3,6.0,3,1
285100,13,6,25,-2.38,1038714.0,129.63,0.23,4,5.0,3,0
508311,13,7,29,-3.95,1047757.0,135.42,0.35,4,8.0,4,0
998822,0,4,39,17.4,159733.0,114.25,0.59,2,6.0,1,0
181229,14,6,27,-3.91,1028647.0,117.15,0.17,4,1.0,3,1
773003,12,8,26,1.03,939933.0,121.91,0.24,3,2.0,4,1
966615,0,2,46,5.76,116854.0,115.04,0.62,2,7.0,1,0
562381,13,7,34,-0.87,949631.0,129.74,0.29,4,5.0,3,1
961728,13,7,34,16.38,1063238.0,128.6,0.22,4,4.0,4,1
15670,2,1,38,11.46,131660.0,106.08,0.65,3,6.0,1,1
627003,11,8,30,4.09,1003913.0,128.33,0.26,4,5.0,4,1
983750,0,4,59,5.61,120524.0,115.19,0.7,3,8.0,1,0
691026,0,2,45,4.67,40977.0,109.47,0.78,2,8.0,1,1
335205,13,5,24,-10.16,908764.0,127.16,0.34,4,4.0,2,1
279560,11,5,28,-0.93,998079.0,126.49,0.27,3,4.0,2,1
202763,10,6,25,-7.64,1033886.0,132.45,0.27,4,6.0,2,1
567320,0,3,21,2.09,16857.0,95.57,0.63,2,4.0,1,0
208026,0,3,33,5.42,121576.0,97.45,0.58,2,4.0,1,1
208198,0,4,50,7.61,127750.0,114.7,0.71,3,5.0,1,0
647004,1,3,21,28.03,105253.0,89.45,0.51,2,3.0,1,0
403082,12,6,27,-11.5,979135.0,129.52,0.29,3,4.0,3,1
687306,0,1,43,3.85,45191.0,92.74,0.65,2,3.0,1,0
710770,13,7,28,11.48,1003562.0,124.7,0.23,4,2.0,4,0
946363,11,6,33,-10.4,1010896.0,139.73,0.42,4,8.0,2,1
795573,13,7,33,-8.46,986490.0,129.83,0.35,4,5.0,4,1
629743,0,3,21,1.12,124889.0,108.35,0.66,2,6.0,1,0
508944,13,6,27,-6.25,995179.0,122.4,0.21,4,1.0,3,1
293073,12,5,31,1.24,999017.0,120.49,0.2,4,3.0,2,1
298593,11,6,29,2.6,954483.0,121.72,0.27,3,3.0,2,1
967960,12,7,34,8.22,1055257.0,130.97,0.28,3,6.0,4,1
680237,10,7,33,-8.54,946060.0,127.15,0.28,3,5.0,2,1
588118,1,4,56,7.1,113760.0,124.91,0.76,2,9.0,1,0
463263,13,6,25,6.16,954459.0,129.18,0.25,3,5.0,3,1
632165,9,6,27,-4.67,1027549.0,129.26,0.34,3,5.0,2,0
368117,13,6,30,-10.16,996599.0,129.34,0.27,4,5.0,3,1
819912,11,7,31,-4.21,997744.0,121.82,0.23,3,3.0,3,1
393008,0,4,59,14.24,103733.0,117.84,0.68,3,6.0,1,0
509407,12,8,26,0.65,978603.0,129.25,0.27,3,3.0,4,0
700051,10,6,33,-9.21,934333.0,128.71,0.3,3,5.0,2,1
986163,13,7,24,-11.16,951595.0,123.97,0.2,4,2.0,3,1
656546,10,6,26,-5.39,1033749.0,126.68,0.22,4,4.0,2,0
693423,15,8,31,-3.72,1096196.0,128.13,0.17,4,4.0,5,1
559556,0,5,19,2.0,28070.0,108.21,0.59,2,5.0,1,0
692444,0,3,41,7.87,125895.0,115.65,0.71,2,7.0,1,0
231495,2,3,22,1.83,44142.0,110.58,0.63,3,5.0,1,0
781911,13,8,36,12.74,1067703.0,138.49,0.34,3,8.0,5,1
709705,0,3,38,1.24,31625.0,106.76,0.61,2,5.0,1,0
664119,1,3,44,16.76,89784.0,90.69,0.63,2,2.0,1,1
424614,11,8,33,1.08,1095311.0,124.83,0.27,4,4.0,4,1
998037,15,7,28,-18.61,892162.0,135.98,0.35,3,8.0,4,1
920447,12,5,35,-11.46,1003020.0,124.46,0.26,4,3.0,2,0
682176,10,6,27,9.21,1110557.0,135.65,0.29,4,6.0,3,0
965745,10,6,30,-3.51,952058.0,130.67,0.27,4,5.0,2,1
492596,0,3,34,6.9,47910.0,83.26,0.58,2,0.0,1,0
707402,0,4,19,3.37,120114.0,101.23,0.55,3,3.0,1,0
988647,0,4,50,6.93,129915.0,113.85,0.65,3,6.0,1,0
10051,13,7,27,-6.49,1000835.0,131.07,0.33,4,5.0,4,0
251653,12,6,30,-0.52,981936.0,129.05,0.22,4,5.0,3,1
25991,13,9,36,-8.06,976211.0,129.86,0.34,4,5.0,5,1
535099,14,6,24,-33.64,963674.0,113.24,0.16,4,1.0,3,1
461103,12,6,30,-7.97,1016676.0,132.49,0.35,4,7.0,3,1
474587,0,2,40,7.15,142923.0,102.4,0.59,2,5.0,1,0
368843,13,8,25,-4.76,986762.0,125.94,0.26,4,4.0,4,0
133792,0,3,22,0.21,91663.0,101.68,0.66,3,5.0,1,1
51452,11,6,26,7.33,967333.0,117.81,0.2,3,2.0,2,1
8632,12,6,29,-19.67,983888.0,133.4,0.26,4,6.0,3,0
794577,12,7,26,-8.44,949900.0,131.93,0.29,4,6.0,3,0
461433,0,5,20,7.42,82540.0,109.52,0.56,2,6.0,2,0
710155,1,2,37,12.13,72725.0,90.72,0.61,1,2.0,1,0
4891,0,3,19,4.66,64770.0,100.1,0.56,2,3.0,1,0
419709,1,4,46,5.59,117797.0,114.17,0.66,2,7.0,1,0
39427,1,2,22,1.12,141021.0,101.91,0.43,2,4.0,1,0
535943,0,3,49,4.43,40335.0,94.64,0.59,2,3.0,1,0
383380,0,2,22,1.88,126617.0,99.62,0.57,3,3.0,1,0
992566,0,4,21,7.04,61840.0,94.25,0.52,2,3.0,1,0
649619,11,6,26,0.26,966475.0,122.09,0.28,3,2.0,2,1
94990,1,3,21,0.72,66648.0,96.31,0.54,2,3.0,1,0
715984,13,5,26,-16.87,1019315.0,119.48,0.25,4,2.0,2,1
379713,12,7,28,-17.45,991574.0,124.46,0.3,3,3.0,3,1
112280,10,8,28,-8.46,938695.0,126.22,0.34,4,3.0,3,1
624793,0,4,19,8.41,156566.0,85.79,0.42,2,0.0,1,0
309320,11,7,27,-2.73,952765.0,117.27,0.17,4,0.0,3,1
642701,11,7,25,3.31,978174.0,131.72,0.22,4,7.0,3,1
709891,2,4,44,0.78,104840.0,114.02,0.72,3,7.0,2,0
102443,11,5,27,-9.98,872590.0,120.95,0.32,3,3.0,2,0
239682,1,4,34,4.03,131863.0,92.53,0.51,2,1.0,1,0
481256,11,9,27,1.99,1013881.0,125.05,0.19,3,3.0,5,0
640685,1,2,19,16.64,105326.0,105.42,0.58,2,5.0,1,0
40995,1,5,56,10.15,111216.0,115.0,0.77,2,7.0,2,1
805862,12,7,25,5.39,960255.0,123.54,0.22,4,2.0,3,1
720614,0,4,38,2.74,127599.0,102.5,0.61,3,5.0,1,0
880432,9,7,24,-24.43,957496.0,137.37,0.33,3,8.0,2,0
21507,12,6,38,10.7,921519.0,132.01,0.33,3,7.0,2,1
817124,1,1,20,18.59,124580.0,76.01,0.41,3,0.0,1,1
649228,1,4,53,9.3,77546.0,111.89,0.73,2,6.0,1,0
190844,13,5,27,-4.49,929365.0,113.51,0.19,4,1.0,2,1
964043,13,8,31,5.39,1061023.0,133.71,0.24,3,5.0,5,1
367315,12,7,28,-5.27,1031532.0,121.96,0.17,4,1.0,3,1
762411,12,8,28,-1.11,1057925.0,136.84,0.33,3,8.0,5,1
109788,1,4,20,0.73,65024.0,91.37,0.53,2,2.0,1,0
492010,1,3,36,1.37,100774.0,101.02,0.61,2,4.0,1,0
733,0,2,32,7.13,129040.0,101.01,0.48,2,4.0,1,0
317473,11,7,26,4.89,1009169.0,138.6,0.28,3,8.0,3,0
167498,1,3,21,8.7,135982.0,107.32,0.55,3,5.0,1,1
902271,0,4,33,14.4,186904.0,104.11,0.55,3,4.0,1,0
264787,3,2,21,3.75,124232.0,79.02,0.44,2,0.0,1,0
869782,0,5,41,2.07,42364.0,110.1,0.59,2,5.0,1,0
970577,0,3,18,19.99,67014.0,89.52,0.5,3,1.0,1,1
43972,11,5,35,-4.21,901316.0,128.24,0.33,3,6.0,2,1
612736,13,6,26,5.2,1005116.0,130.47,0.24,4,5.0,3,0
288521,0,2,19,2.69,142567.0,87.42,0.43,2,1.0,1,0
555046,1,2,58,11.8,100821.0,108.54,0.68,2,6.0,1,0
631015,12,5,28,-31.37,960895.0,131.62,0.31,4,6.0,2,1
188441,10,6,26,-8.97,977782.0,119.8,0.2,3,2.0,2,1
145477,11,8,29,-12.44,944657.0,130.17,0.28,3,5.0,3,0
499215,1,3,22,11.98,45479.0,107.46,0.69,2,6.0,1,1
218369,0,3,38,0.58,174997.0,125.27,0.7,2,9.0,1,0
247145,1,3,21,0.17,99073.0,85.35,0.53,2,1.0,1,0
819666,0,4,49,6.35,107198.0,119.77,0.76,2,9.0,1,0
609481,0,4,51,5.41,34101.0,117.99,0.8,2,9.0,1,0
309801,2,3,20,7.83,141651.0,94.71,0.48,2,2.0,1,0
544707,0,2,51,14.62,48273.0,111.63,0.76,2,8.0,1,0
698524,14,6,25,8.57,1012181.0,120.53,0.25,4,2.0,3,0
489237,12,5,23,-11.45,995366.0,111.52,0.17,4,0.0,2,1
804564,0,3,40,0.84,71769.0,107.3,0.59,3,6.0,1,0
775008,1,5,18,7.44,83240.0,103.28,0.44,2,3.0,2,0
579261,8,8,28,6.77,1059813.0,137.4,0.3,4,8.0,3,1
518240,0,4,22,10.61,160396.0,94.86,0.52,2,2.0,1,0
242215,2,4,32,17.43,97955.0,112.81,0.59,2,5.0,2,0
106238,11,5,25,2.15,1043025.0,127.09,0.21,4,6.0,2,0
520726,12,7,29,-5.46,936854.0,124.83,0.27,3,3.0,3,1
959478,0,4,55,4.43,131453.0,114.49,0.72,2,6.0,1,0
90385,11,6,34,-14.32,1017047.0,130.01,0.25,5,5.0,2,1
913071,0,5,19,5.39,197747.0,106.87,0.53,2,3.0,2,1
973354,9,7,23,-9.19,1087295.0,129.25,0.17,4,3.0,3,1
214551,13,8,26,-12.55,955322.0,126.09,0.27,4,5.0,4,1
637534,13,9,30,5.1,981321.0,125.76,0.25,3,4.0,5,1
874683,12,5,23,2.97,1070650.0,127.21,0.23,3,4.0,2,1
300426,0,5,53,2.28,118682.0,115.09,0.72,2,6.0,2,0
43379,10,6,30,-4.1,988032.0,124.19,0.24,3,4.0,2,1
223879,11,5,33,-7.37,986130.0,130.98,0.4,3,7.0,2,1
380824,10,6,35,-14.42,1000281.0,116.4,0.18,3,0.0,2,1
728886,0,4,20,10.1,153232.0,91.5,0.46,2,2.0,1,0
29686,12,7,36,-24.73,989670.0,137.23,0.37,3,8.0,3,1
65817,0,3,21,4.31,150367.0,100.24,0.55,2,3.0,1,0
899945,1,3,19,0.62,50994.0,100.08,0.6,2,3.0,1,0
656633,1,2,20,0.27,71665.0,75.38,0.47,2,0.0,1,0
816738,15,7,29,6.1,925737.0,122.23,0.26,4,3.0,4,1
621299,11,6,36,-7.79,918886.0,131.92,0.37,3,7.0,2,0
781391,13,6,26,-7.19,1041012.0,131.94,0.29,3,5.0,3,1
848400,10,5,28,-0.28,991642.0,121.76,0.26,3,4.0,2,1
347591,1,3,21,9.59,150684.0,105.04,0.61,2,4.0,1,1
930559,4,4,19,14.96,42052.0,83.13,0.58,2,0.0,2,0
296386,0,2,36,8.33,64015.0,95.9,0.67,2,3.0,1,0
797547,0,3,34,5.57,124340.0,110.95,0.61,2,6.0,1,0
355049,0,3,60,12.68,56611.0,113.6,0.77,2,7.0,1,0
821673,12,5,28,-5.76,1014859.0,125.81,0.21,3,4.0,2,1
395539,13,5,26,5.65,953701.0,123.29,0.24,4,4.0,2,1
53616,11,6,26,8.39,1075990.0,120.16,0.16,4,1.0,3,1
584802,2,4,22,7.11,54479.0,97.7,0.61,1,3.0,1,0
311882,1,1,58,0.31,157090.0,106.59,0.68,2,5.0,1,0
593924,10,7,31,-16.39,963632.0,119.09,0.15,3,0.0,3,1
331194,1,3,18,2.01,118403.0,109.55,0.51,2,4.0,1,1
124378,0,4,46,10.85,156519.0,108.33,0.72,3,5.0,1,1
158169,14,6,25,-14.15,990524.0,126.66,0.24,3,4.0,3,1
398978,13,5,27,-18.83,988487.0,131.02,0.38,3,6.0,2,1
921485,11,5,24,-4.69,1055532.0,129.73,0.28,4,6.0,2,1
134196,0,1,32,5.22,28355.0,105.54,0.61,2,5.0,1,0
53246,10,7,29,-16.39,985666.0,133.98,0.33,3,6.0,3,0
133818,13,7,23,9.09,927451.0,106.96,0.2,3,0.0,3,1
862643,0,3,54,22.28,29588.0,117.11,0.76,3,8.0,1,1
633960,0,5,47,9.54,65219.0,110.41,0.78,3,7.0,1,0
877866,0,5,21,6.37,95619.0,103.82,0.51,2,4.0,2,1
756891,1,5,52,17.42,244766.0,119.23,0.66,1,9.0,2,0
80518,2,3,20,2.19,70594.0,103.29,0.67,3,4.0,1,0
375638,1,4,22,7.39,144693.0,102.28,0.56,2,3.0,1,0
453344,1,3,21,0.12,115301.0,104.17,0.59,2,4.0,1,1
346811,0,4,54,6.26,90738.0,108.37,0.75,2,7.0,1,0
887870,0,3,50,0.33,194117.0,111.95,0.7,2,5.0,1,1
411596,13,8,25,-10.67,1032626.0,134.99,0.26,4,6.0,5,1
663360,0,3,20,2.13,22441.0,88.37,0.51,2,1.0,1,0
541688,0,5,19,2.11,35958.0,110.12,0.59,2,5.0,1,0
867305,0,4,42,3.02,204209.0,117.51,0.68,2,7.0,1,0
147646,1,2,34,8.47,35034.0,118.42,0.75,2,9.0,1,0
285904,10,7,24,-14.77,1024546.0,127.27,0.25,3,3.0,3,1
373547,0,3,44,4.23,155288.0,111.75,0.72,2,6.0,1,1
991382,12,6,26,-11.38,1012279.0,123.49,0.2,3,2.0,3,1
986260,14,8,39,-4.63,922810.0,132.73,0.35,4,6.0,4,0
42671,1,2,20,3.46,53617.0,91.45,0.55,3,2.0,1,0
99476,0,5,21,8.73,54004.0,92.23,0.65,2,2.0,1,0
1815,12,5,27,11.97,984375.0,119.88,0.2,4,3.0,2,1
587880,12,7,29,9.11,978957.0,127.75,0.24,3,5.0,3,1
63003,14,7,23,-5.66,994072.0,127.09,0.29,4,4.0,4,1
611688,0,5,20,1.5,136625.0,91.4,0.46,2,2.0,2,0
884466,9,8,33,-10.07,999460.0,130.32,0.27,3,4.0,3,1
172697,9,7,23,-0.87,998208.0,122.09,0.26,4,2.0,2,1
804575,12,7,26,15.8,1022700.0,120.1,0.18,4,1.0,3,1
668074,0,1,21,21.05,109360.0,88.02,0.44,3,0.0,1,0
761150,0,2,53,11.76,111225.0,113.31,0.67,2,7.0,1,1
753780,14,7,30,-18.77,986845.0,126.26,0.2,4,4.0,4,1
208799,13,7,23,18.91,1034191.0,121.98,0.21,3,1.0,4,0
380287,3,3,18,13.47,128265.0,92.7,0.52,3,2.0,1,0
423787,3,2,21,8.53,80762.0,103.9,0.56,3,4.0,1,0
71785,12,6,34,-10.74,996032.0,116.62,0.31,4,2.0,3,1
795469,10,6,25,9.4,1014953.0,119.14,0.18,3,2.0,2,0
901920,0,4,45,7.69,103486.0,105.4,0.62,2,4.0,1,0
849767,1,4,22,14.16,50000.0,76.81,0.53,2,0.0,1,0
176655,10,8,32,-4.35,1033716.0,137.76,0.48,3,9.0,4,1
466251,0,3,52,7.42,101029.0,99.83,0.68,2,3.0,1,0
949015,0,5,38,1.42,72533.0,96.37,0.7,2,3.0,2,0
506007,0,3,33,4.26,102686.0,93.53,0.57,1,2.0,1,1
526303,11,6,24,-3.16,1015735.0,121.78,0.24,3,3.0,2,1
722271,12,9,27,-0.18,967366.0,125.0,0.23,3,3.0,5,1
402648,11,7,25,5.58,940574.0,124.6,0.25,3,4.0,3,1
195803,0,3,35,2.01,69994.0,101.45,0.56,2,3.0,1,0
990864,1,3,20,3.21,102803.0,107.96,0.55,2,4.0,1,1
918281,1,4,20,6.73,96629.0,90.24,0.45,2,1.0,1,0
673101,10,7,30,-5.79,946486.0,130.11,0.31,3,6.0,2,1
742868,2,4,19,1.96,99346.0,114.4,0.6,2,7.0,2,0
271312,2,4,50,7.85,27304.0,108.13,0.63,3,6.0,1,0
780399,0,3,18,16.38,36656.0,75.68,0.43,2,0.0,1,0
359379,12,9,33,-11.75,952897.0,114.0,0.16,4,0.0,5,1
956602,13,8,24,5.53,1042128.0,130.8,0.23,4,4.0,5,1
563064,2,5,19,8.87,166923.0,112.05,0.55,3,5.0,2,0
126003,1,5,58,0.33,109651.0,101.69,0.6,3,5.0,2,1
876031,0,5,52,4.85,138817.0,123.36,0.71,2,10.0,2,0
895348,11,6,34,-3.69,983441.0,131.95,0.29,4,5.0,2,1
586009,0,4,20,6.22,93582.0,79.73,0.5,2,0.0,1,0
910768,12,7,24,8.66,1066632.0,116.47,0.2,4,0.0,4,1
57512,1,2,19,0.48,88274.0,73.65,0.43,2,0.0,1,0
935290,0,5,20,7.89,104904.0,86.26,0.48,2,1.0,2,0
388859,11,7,29,-19.28,973477.0,130.34,0.28,4,4.0,3,1
835190,11,7,33,11.64,972982.0,128.01,0.23,3,3.0,3,1
698025,0,4,21,4.13,33070.0,98.78,0.63,2,3.0,1,0
581068,14,6,24,-1.22,1086810.0,130.02,0.23,3,5.0,4,0
998343,13,6,26,16.41,1081142.0,126.67,0.22,4,4.0,3,1
198710,12,7,29,-5.56,943088.0,114.6,0.23,3,1.0,3,1
847274,12,5,27,-5.07,1007560.0,121.4,0.25,3,3.0,2,0
283723,14,7,28,-4.58,971093.0,130.84,0.3,3,6.0,4,0
361102,14,6,34,-15.2,1038736.0,117.9,0.25,3,1.0,3,1
618809,13,7,31,-6.03,1049523.0,128.62,0.26,4,4.0,4,1
211457,8,8,25,-2.29,1033423.0,127.13,0.22,4,3.0,3,0
652568,0,4,36,0.5,175002.0,103.65,0.58,2,4.0,1,0
719916,1,0,21,1.52,139348.0,104.35,0.64,2,6.0,1,0
864187,10,7,35,-0.78,995618.0,126.94,0.23,4,3.0,3,0
605794,0,4,19,0.81,121911.0,107.89,0.59,2,6.0,1,0
310448,0,5,21,11.02,149006.0,113.3,0.52,2,6.0,2,0
606599,13,7,27,3.98,1009200.0,122.63,0.27,4,3.0,4,1
730774,11,7,27,-5.09,974283.0,126.94,0.23,4,3.0,3,0
942950,0,4,38,1.38,134948.0,95.84,0.64,2,4.0,1,0
937495,0,4,21,2.76,51925.0,90.57,0.6,2,2.0,1,1
970638,11,6,29,0.62,920122.0,120.16,0.26,3,3.0,2,1
204507,12,8,35,-15.83,986447.0,133.63,0.35,4,7.0,4,1
56957,0,2,21,7.79,111978.0,102.09,0.59,3,4.0,1,1
430360,11,6,26,-11.68,1017115.0,122.46,0.28,3,2.0,2,1
80321,12,6,29,-9.14,1038417.0,123.59,0.15,3,3.0,3,0
378687,9,8,24,5.3,1089393.0,133.66,0.22,3,5.0,4,1
44126,11,7,32,-0.33,898694.0,130.42,0.31,4,5.0,3,1
168357,13,6,32,-17.67,1044409.0,128.3,0.21,4,4.0,3,1
925034,1,5,20,3.24,101857.0,116.4,0.54,2,6.0,2,0
696331,12,6,23,-12.95,1029977.0,124.27,0.2,4,3.0,3,1
497225,3,4,21,8.88,163310.0,85.47,0.44,3,0.0,2,0
770507,9,6,31,14.44,934927.0,130.29,0.35,4,6.0,2,1
342652,14,5,25,-17.6,973480.0,129.34,0.27,3,6.0,2,1
857570,4,5,21,17.36,186986.0,102.58,0.54,2,4.0,2,0
220236,11,6,25,-17.99,969556.0,122.73,0.22,4,3.0,2,1
180486,13,5,29,-9.81,950915.0,122.36,0.21,3,4.0,2,1
237509,1,3,41,38.91,201494.0,101.45,0.58,3,4.0,1,0
762475,8,7,27,8.65,975445.0,122.83,0.21,4,2.0,2,1
966848,10,5,26,16.13,981038.0,122.2,0.24,3,2.0,2,1
779938,10,7,26,-2.45,1005810.0,112.59,0.14,3,0.0,3,0
454708,13,5,33,-7.69,948926.0,126.25,0.33,4,5.0,2,1
981613,1,3,20,6.24,163689.0,90.56,0.51,2,2.0,1,0
618608,14,7,27,-3.72,1019657.0,115.82,0.17,4,1.0,4,1
675173,0,4,53,7.74,54916.0,93.5,0.62,2,3.0,1,0
599792,12,7,26,5.71,946869.0,125.75,0.22,3,4.0,3,1
825255,9,6,25,-10.62,1058543.0,131.44,0.3,4,6.0,2,1
973888,0,5,19,6.22,81282.0,90.74,0.54,2,2.0,2,1
210749,10,7,23,-6.52,1065933.0,117.84,0.17,4,0.0,3,0
957221,0,3,58,11.19,57851.0,105.42,0.68,2,6.0,1,1
76332,13,6,34,-29.02,1025210.0,124.56,0.23,3,3.0,3,1
983260,0,2,18,3.07,171851.0,95.16,0.47,3,3.0,1,0
475643,0,5,19,10.54,95638.0,111.41,0.59,3,6.0,2,0
290016,12,5,31,-7.3,1036756.0,124.22,0.19,4,2.0,2,1
549133,0,2,54,2.88,69194.0,117.23,0.71,2,9.0,1,0
406604,11,6,29,6.81,1043092.0,124.21,0.23,3,3.0,3,0
478617,11,8,28,-11.14,1019132.0,129.0,0.23,4,4.0,4,0
214061,11,7,23,-5.18,931804.0,130.12,0.26,4,6.0,3,1
326952,0,3,47,9.32,53752.0,117.29,0.78,2,8.0,1,0
834183,0,1,21,12.57,177790.0,95.85,0.44,2,3.0,1,0
559666,12,6,33,8.28,956982.0,130.6,0.37,3,7.0,2,1
938837,0,2,33,1.5,102285.0,102.99,0.58,2,4.0,1,0
786,11,7,25,-16.14,1039589.0,127.96,0.2,4,4.0,3,1
523299,11,6,30,-16.34,1035712.0,125.32,0.25,4,4.0,2,1
167444,13,6,30,-8.61,991703.0,121.05,0.19,4,2.0,3,0
188017,0,4,21,5.77,97179.0,95.33,0.48,2,2.0,1,0
544619,12,6,28,-2.14,951827.0,119.44,0.16,4,0.0,2,0
988892,3,3,49,5.8,97902.0,102.94,0.71,2,5.0,1,0
2481,14,7,29,3.07,1096581.0,131.66,0.23,4,6.0,5,1
573886,12,7,30,-0.98,970629.0,127.36,0.32,4,5.0,3,1
776424,13,6,27,-7.32,990018.0,128.06,0.22,4,4.0,3,1
583487,12,7,30,-7.32,995262.0,127.24,0.26,3,4.0,3,0
765289,1,0,18,0.44,195195.0,104.62,0.52,2,5.0,1,0
973057,15,7,28,6.77,1017618.0,136.71,0.33,4,8.0,4,1
649202,14,7,29,7.14,955681.0,134.21,0.3,3,8.0,4,0
99521,0,3,32,6.08,32148.0,100.14,0.56,2,5.0,1,0
171634,14,8,30,9.85,968840.0,129.32,0.2,4,4.0,5,1
712275,0,5,49,12.36,111919.0,96.44,0.6,2,3.0,2,0
395357,12,9,24,-7.82,1004675.0,123.56,0.18,3,2.0,5,1
397638,2,4,19,9.98,160714.0,104.46,0.55,3,4.0,2,1
681655,0,5,56,5.65,68681.0,100.16,0.63,2,4.0,1,0
739752,13,6,31,-8.72,981698.0,125.27,0.24,4,4.0,3,1
217846,13,7,27,-35.67,954612.0,128.9,0.25,3,5.0,3,1
793486,10,7,26,8.76,1024355.0,121.64,0.17,3,1.0,3,1
364829,14,6,23,5.84,960094.0,135.41,0.29,3,7.0,3,1
668922,12,6,37,-5.78,1059359.0,125.35,0.2,4,3.0,3,1
4643,10,6,26,-21.38,1028745.0,133.71,0.28,3,7.0,2,0
291589,1,2,48,4.05,108440.0,101.82,0.67,2,6.0,1,0
42228,8,9,24,-0.75,953005.0,116.52,0.21,3,1.0,3,1
203613,13,7,29,-0.15,943837.0,120.6,0.26,3,3.0,3,0
916532,0,4,32,0.93,123757.0,105.1,0.57,2,4.0,1,1
637719,11,5,23,9.5,969688.0,126.72,0.26,3,5.0,2,1
862738,0,1,55,10.91,124790.0,110.52,0.72,3,7.0,1,0
835038,11,7,25,-7.41,1066435.0,122.97,0.29,4,2.0,3,1
946420,1,1,50,1.45,78069.0,82.44,0.61,3,3.0,1,0
459078,2,4,21,3.46,178515.0,97.55,0.51,2,3.0,2,0
974849,1,3,49,9.29,139035.0,98.45,0.64,2,3.0,1,0
379411,10,5,28,6.87,1039016.0,121.03,0.13,4,0.0,2,0
716433,13,7,29,12.3,1039710.0,119.49,0.18,3,2.0,4,1
913694,0,2,22,7.99,193064.0,106.5,0.53,2,5.0,1,0
819131,0,5,47,2.06,130428.0,84.85,0.59,2,1.0,2,1
225208,0,3,19,2.22,66929.0,101.99,0.63,3,4.0,1,0
664425,0,4,20,13.93,136181.0,94.52,0.52,2,1.0,1,0
393122,10,6,29,-5.84,1026203.0,123.35,0.23,3,3.0,2,1
291066,0,3,57,0.33,108352.0,119.92,0.74,2,9.0,1,0
605312,0,4,42,6.8,121753.0,121.75,0.75,3,8.0,1,0
720662,2,4,54,5.53,105822.0,122.06,0.78,2,11.0,2,0
211871,12,8,38,-12.18,999075.0,138.48,0.39,4,8.0,4,0
90846,12,8,29,-12.2,1021851.0,124.78,0.25,4,4.0,4,1
692603,10,6,29,-0.43,1060006.0,124.73,0.31,4,3.0,2,1
258223,12,6,31,-2.5,931259.0,132.15,0.38,4,7.0,2,1
584814,12,5,31,1.49,1055859.0,135.71,0.29,4,7.0,2,0
795386,11,5,27,-6.47,980290.0,128.03,0.29,4,5.0,2,1
374361,14,5,32,-2.55,978541.0,124.14,0.23,3,3.0,2,1
254661,0,3,49,0.13,119846.0,118.23,0.65,3,8.0,1,0
503222,14,6,28,-7.07,976260.0,120.69,0.24,4,3.0,3,1
356611,1,3,20,0.08,129661.0,88.27,0.39,2,0.0,1,0
46127,13,6,31,-19.26,1012721.0,123.69,0.26,4,3.0,3,1
583055,11,9,27,11.15,987276.0,129.22,0.24,3,3.0,5,1
739216,11,5,25,-4.61,978925.0,118.95,0.16,4,1.0,2,1
122892,11,7,31,7.74,1059733.0,123.79,0.19,4,1.0,3,1
96758,0,5,21,7.44,40909.0,98.54,0.72,2,4.0,1,1
763495,12,5,25,1.25,952599.0,127.15,0.36,4,5.0,2,1
316967,11,8,31,-0.6,926952.0,129.24,0.3,4,7.0,3,0
14881,14,5,30,-26.38,946589.0,132.59,0.35,3,8.0,2,0
325994,11,8,25,8.02,940139.0,123.34,0.23,4,4.0,3,1
437425,13,8,27,-10.35,1020071.0,126.27,0.17,4,3.0,5,1
827363,0,5,51,5.58,121545.0,110.5,0.59,3,6.0,2,0
586800,0,2,50,21.79,19898.0,92.98,0.66,2,4.0,1,0
200061,0,3,38,1.97,162648.0,113.17,0.67,2,7.0,1,0
873099,11,7,30,-3.74,981442.0,126.73,0.33,3,4.0,3,1
846768,11,5,27,1.33,992283.0,126.31,0.26,4,4.0,2,1
270117,1,3,58,2.02,79348.0,105.39,0.59,2,4.0,1,0
77473,10,6,26,8.88,1095450.0,125.29,0.2,4,3.0,2,1
482544,12,9,39,7.45,986757.0,135.6,0.32,4,7.0,5,1
776744,4,4,39,1.23,134643.0,116.86,0.67,4,8.0,2,0
579298,9,5,31,-11.97,983448.0,122.15,0.3,3,3.0,2,1
480536,13,6,28,0.08,1054695.0,130.29,0.21,4,4.0,3,1
826974,0,4,36,2.39,69034.0,109.35,0.62,2,6.0,1,0
256347,2,3,43,1.25,97007.0,114.33,0.68,3,8.0,1,0
237560,3,4,21,2.78,129846.0,111.54,0.63,2,6.0,2,1
498204,0,3,21,13.77,68163.0,100.41,0.55,2,3.0,1,0
503895,2,3,34,3.1,207971.0,118.99,0.71,2,7.0,1,0
245490,7,4,45,5.36,117340.0,101.58,0.56,2,3.0,2,0
189315,14,6,35,-4.65,1027972.0,131.35,0.26,4,6.0,3,0
384483,1,2,22,4.81,195442.0,90.92,0.4,3,0.0,1,0
187657,1,5,18,16.53,72338.0,88.06,0.49,3,2.0,2,0
689755,0,4,32,18.53,200178.0,112.6,0.56,2,6.0,1,0
85944,0,3,33,1.02,185640.0,100.52,0.49,2,2.0,1,0
348677,11,7,25,-3.48,970465.0,120.21,0.17,3,1.0,3,1
845746,13,6,28,4.85,920856.0,118.56,0.24,4,3.0,3,1
799656,13,7,24,-24.64,995765.0,128.6,0.22,4,4.0,4,1
557107,0,1,18,12.08,103796.0,95.64,0.48,1,2.0,1,0
734065,12,6,27,4.81,958054.0,130.0,0.34,4,5.0,2,0
923728,0,2,19,28.15,98387.0,87.94,0.43,3,2.0,1,0
527582,0,3,21,3.37,85598.0,96.0,0.59,3,3.0,1,0
500804,12,6,26,5.48,972819.0,121.98,0.18,4,3.0,2,1
91370,0,3,19,6.07,114164.0,84.85,0.43,2,0.0,1,0
443222,0,4,34,10.54,76944.0,104.73,0.62,2,5.0,1,0
623329,13,5,32,10.64,1049314.0,125.61,0.28,4,4.0,2,1
583090,0,4,22,10.13,51155.0,103.7,0.58,2,5.0,1,0
262011,13,6,29,-15.46,1005049.0,129.02,0.22,3,4.0,3,1
211011,13,5,28,-1.05,982371.0,120.0,0.19,3,3.0,2,1
566739,0,4,19,1.8,67602.0,101.43,0.55,2,3.0,1,0
782125,12,7,30,-10.55,1016770.0,120.39,0.17,3,2.0,3,1
421369,12,6,24,-10.64,999104.0,116.29,0.29,4,1.0,3,1
533586,13,8,33,-22.38,944925.0,125.64,0.32,3,4.0,4,0
190852,0,4,58,0.72,146770.0,129.71,0.77,2,10.0,1,0
697964,3,2,49,0.52,107520.0,116.67,0.78,2,8.0,1,0
48863,3,5,32,0.42,97505.0,100.77,0.64,3,4.0,2,1
981164,0,3,18,1.59,50000.0,96.74,0.53,2,3.0,1,0
975527,12,6,30,-5.45,1106674.0,125.68,0.19,4,3.0,3,1
267909,14,8,33,-7.34,1001854.0,132.84,0.27,4,6.0,5,1
843382,3,3,55,5.86,63100.0,104.21,0.6,1,4.0,1,0
758380,13,6,28,-11.67,989986.0,124.84,0.3,4,4.0,3,1
834059,0,4,20,4.57,28486.0,102.78,0.64,2,5.0,1,1
199992,11,7,35,-13.09,995993.0,121.2,0.24,4,3.0,3,0
63459,1,4,35,3.93,92500.0,118.76,0.72,2,8.0,1,0
434311,13,5,26,-11.98,888658.0,124.94,0.31,3,6.0,2,1
208624,13,8,34,-17.05,971970.0,129.94,0.32,4,4.0,4,1
553073,10,6,29,0.12,1033109.0,127.47,0.28,4,5.0,2,1
141315,2,4,40,2.15,182813.0,106.34,0.66,3,4.0,2,0
528369,9,7,26,-7.32,1031389.0,134.0,0.26,3,6.0,3,1
811051,12,5,30,-7.77,987569.0,128.17,0.25,4,4.0,2,1
15674,4,4,36,26.43,60967.0,86.41,0.65,2,1.0,2,1
708055,0,2,21,4.78,50000.0,99.91,0.58,2,4.0,1,0
154526,0,0,48,6.74,151320.0,99.48,0.58,3,3.0,1,0
677275,11,6,34,16.03,1002986.0,135.15,0.26,3,8.0,2,1
77561,11,5,33,-30.68,1046334.0,125.44,0.23,4,3.0,2,1
694789,12,8,27,-12.23,910826.0,123.56,0.3,4,3.0,4,1
386938,2,4,48,21.33,106587.0,116.16,0.72,2,7.0,2,1
550347,10,7,30,-3.97,996352.0,119.95,0.25,3,2.0,3,1
413268,1,3,46,4.97,72505.0,114.93,0.69,2,7.0,1,0
762607,12,5,27,1.9,1078149.0,126.22,0.23,4,3.0,2,1
90337,0,4,34,4.64,6556.0,98.91,0.62,2,4.0,1,0
38257,0,4,22,0.28,23718.0,106.39,0.58,2,4.0,1,0
290403,0,3,43,10.84,151019.0,118.79,0.69,2,7.0,1,0
45448,14,6,25,4.13,1042809.0,126.32,0.18,4,3.0,3,1
912947,0,5,20,7.38,95606.0,114.0,0.62,2,5.0,2,0
502489,10,6,28,-33.57,985022.0,125.98,0.24,3,3.0,2,1
552052,0,3,21,5.09,72800.0,121.14,0.71,2,10.0,1,1
801124,1,3,22,9.12,183198.0,107.93,0.54,2,5.0,1,1
431976,13,6,29,-7.61,949411.0,130.91,0.29,3,5.0,3,1
467328,0,5,18,6.38,159894.0,93.72,0.47,2,2.0,2,0
423733,1,4,53,2.07,189082.0,119.28,0.75,2,9.0,2,0
883469,14,8,29,8.41,950182.0,129.43,0.3,4,5.0,5,1
901906,0,3,22,17.0,76697.0,97.28,0.54,3,4.0,1,0
601512,11,6,27,-8.68,924360.0,126.12,0.26,4,5.0,2,1
961176,1,5,35,5.5,70299.0,100.03,0.61,3,3.0,2,0
97072,12,7,24,-11.46,1044421.0,124.18,0.18,3,2.0,4,1
21783,15,6,26,-16.73,1002860.0,125.45,0.17,4,4.0,4,0
683740,11,6,30,-15.58,974147.0,129.26,0.29,3,5.0,2,0
103765,2,3,41,1.03,171641.0,113.19,0.64,3,7.0,1,0
928713,10,8,37,-13.67,1001242.0,133.73,0.37,4,6.0,3,1
725139,0,4,33,4.86,17235.0,84.19,0.58,2,1.0,1,0
390382,0,4,18,2.32,48988.0,82.76,0.55,2,1.0,1,1
207435,11,6,24,-3.04,946731.0,119.39,0.17,3,2.0,2,1
349132,0,1,21,3.61,98322.0,98.27,0.58,2,4.0,1,0
358275,1,4,43,4.09,109039.0,122.33,0.76,2,8.0,1,1
946398,12,6,32,-12.89,968928.0,119.01,0.16,4,1.0,2,0
850216,1,4,21,10.12,103994.0,108.56,0.58,2,5.0,1,0
482666,1,3,21,4.5,105319.0,90.61,0.51,2,1.0,1,1
296062,10,8,26,-19.72,1066356.0,137.49,0.26,3,8.0,4,1
64775,14,8,24,6.49,982980.0,126.86,0.22,3,3.0,5,1
83793,9,6,30,-1.03,1004588.0,125.28,0.2,4,2.0,2,1
407178,1,3,47,3.41,5744.0,95.64,0.66,2,5.0,1,0
929471,0,4,21,7.47,60593.0,112.25,0.68,2,6.0,1,0
735313,12,6,33,-0.76,981595.0,124.81,0.23,3,4.0,3,1
226992,0,3,50,1.33,38366.0,110.41,0.64,3,5.0,1,0
600484,0,5,19,0.62,47573.0,95.54,0.58,2,3.0,1,0
637243,0,5,19,15.45,102419.0,107.65,0.63,2,5.0,2,1
576068,12,5,23,-0.63,973676.0,123.3,0.25,3,3.0,2,1
110161,0,4,34,0.0,111204.0,107.34,0.71,2,5.0,1,0
683193,14,5,33,-20.38,981142.0,130.13,0.3,3,4.0,2,1
871108,11,9,23,-5.19,1081267.0,135.08,0.26,4,7.0,5,1
421535,13,6,25,21.92,975410.0,131.75,0.31,4,5.0,3,1
193811,8,5,27,-9.37,1072385.0,119.99,0.19,4,2.0,2,1
118130,13,7,26,-9.27,1052471.0,127.12,0.21,3,3.0,4,1
515517,0,4,19,5.91,138106.0,98.65,0.62,2,4.0,1,0
519796,0,4,20,1.84,73322.0,99.41,0.53,2,4.0,1,0
187951,12,5,32,-8.57,1036883.0,125.35,0.24,4,3.0,2,1
94723,12,7,24,1.07,1061579.0,122.85,0.16,4,2.0,4,1
407251,4,4,22,5.25,128768.0,100.18,0.54,3,3.0,2,0
520009,0,1,58,5.03,139558.0,107.37,0.75,2,7.0,1,0
634267,12,9,34,9.2,1005143.0,128.4,0.22,4,4.0,5,1
761300,13,7,32,-18.43,1002020.0,130.03,0.27,4,5.0,4,1
910379,13,7,29,-12.81,884388.0,126.53,0.32,4,4.0,3,0
481727,1,5,20,0.93,78517.0,109.52,0.54,2,5.0,2,0
921812,1,4,21,36.3,36718.0,96.08,0.48,2,2.0,1,0
887972,2,4,58,0.56,127495.0,110.96,0.7,2,6.0,2,1
826447,2,4,18,3.38,83558.0,111.29,0.61,2,6.0,1,0
504320,13,10,23,-0.93,930540.0,132.46,0.29,4,5.0,5,1
175146,13,5,28,-5.74,964853.0,133.07,0.28,3,6.0,2,1
523895,0,4,49,2.34,113693.0,105.69,0.68,2,5.0,1,0
875686,11,6,25,-4.92,987094.0,126.6,0.21,4,4.0,2,0
44421,13,7,24,18.86,884929.0,134.42,0.32,4,7.0,3,1
124523,12,6,24,-4.83,1050236.0,126.65,0.29,4,3.0,3,1
736252,0,4,53,10.22,75598.0,111.21,0.65,2,6.0,1,0
999878,0,1,55,5.46,37431.0,110.57,0.77,3,8.0,1,0
103276,0,4,57,2.46,27877.0,112.22,0.74,2,7.0,1,0
501715,13,8,30,2.38,924518.0,129.98,0.34,4,6.0,4,0
406847,11,5,27,5.93,986027.0,125.32,0.25,3,4.0,2,1
46382,12,5,30,-7.79,957122.0,128.14,0.25,3,5.0,2,1
508086,11,5,32,-16.94,1005322.0,120.44,0.19,4,2.0,2,1
946846,1,4,34,2.35,26230.0,96.49,0.67,2,4.0,1,1
931430,12,6,30,-2.43,994697.0,121.22,0.18,4,1.0,3,1
804097,11,5,28,-8.66,946331.0,129.27,0.27,3,5.0,2,1
290601,1,4,19,2.07,91811.0,80.13,0.45,2,0.0,1,0
282975,1,3,20,3.7,52666.0,100.13,0.55,2,4.0,1,0
717279,12,7,37,-5.81,950904.0,122.04,0.25,4,3.0,3,1
890835,13,9,24,7.74,1013268.0,126.63,0.24,3,3.0,5,1
983145,2,0,19,6.15,105356.0,81.07,0.54,2,0.0,1,0
400669,12,9,23,-0.08,951892.0,131.48,0.35,4,5.0,5,1
623297,0,2,33,5.0,68166.0,107.76,0.65,2,5.0,1,0
817090,12,8,32,-0.22,976120.0,122.35,0.26,4,2.0,4,1
197336,2,5,20,5.72,13392.0,100.16,0.64,2,3.0,2,0
620143,0,4,19,13.7,90971.0,112.82,0.65,3,7.0,1,0
49370,12,8,33,-8.45,1029699.0,135.45,0.35,4,7.0,4,1
427398,12,5,32,-1.82,1005099.0,127.4,0.31,3,3.0,2,1
745825,10,8,27,6.51,971145.0,134.77,0.33,3,7.0,3,1
996049,11,7,31,-12.6,1019646.0,123.73,0.24,4,2.0,3,1
842578,13,6,27,-0.4,1011039.0,126.58,0.19,4,3.0,3,0
923441,1,3,51,5.37,119761.0,108.91,0.71,2,6.0,1,0
734625,0,5,22,2.39,128692.0,86.97,0.5,3,1.0,2,1
354239,10,7,27,-11.79,948339.0,122.49,0.29,3,3.0,2,1
876662,0,4,21,3.05,143808.0,93.33,0.52,2,2.0,1,1
84969,13,6,28,-1.45,1015568.0,124.82,0.23,4,4.0,3,0
487558,0,3,53,2.6,61825.0,115.66,0.77,2,7.0,1,0
905765,0,2,32,4.87,155618.0,101.45,0.54,2,5.0,1,1
956750,11,6,30,-5.23,1094984.0,128.12,0.21,4,4.0,3,0
375733,0,2,22,7.7,68107.0,94.31,0.54,1,2.0,1,0
735153,12,6,33,-2.48,1006331.0,131.28,0.33,3,5.0,3,1
558824,0,2,32,3.59,123448.0,106.79,0.59,2,6.0,1,0
258901,0,4,57,1.31,97173.0,125.11,0.72,2,10.0,1,0
96224,13,6,25,-8.15,1022106.0,129.14,0.23,4,4.0,3,1
886713,12,7,26,-5.79,996998.0,115.34,0.2,3,1.0,3,1
495095,0,4,33,1.3,135707.0,106.91,0.62,2,5.0,1,0
113874,2,4,20,0.87,80998.0,107.59,0.66,2,5.0,1,1
518969,11,7,24,-10.26,1057208.0,121.73,0.22,4,2.0,3,0
532193,9,5,31,-11.71,973783.0,109.65,0.21,3,0.0,2,1
894848,3,5,20,14.2,128925.0,91.49,0.51,3,2.0,2,0
368720,0,4,21,2.53,91306.0,107.27,0.61,2,5.0,1,0
140821,12,6,33,-9.29,975330.0,124.5,0.19,4,3.0,2,0
560683,0,4,49,1.24,93130.0,105.78,0.51,2,5.0,1,0
625006,0,3,18,9.81,93678.0,102.19,0.59,2,4.0,1,0
818182,13,8,23,-20.85,958832.0,124.64,0.28,4,2.0,4,1
801390,13,6,26,-6.61,1016638.0,130.06,0.23,4,5.0,3,1
857340,11,7,34,-8.87,1035934.0,136.48,0.32,3,7.0,3,1
978282,13,7,27,-15.39,1039606.0,112.4,0.23,4,0.0,4,1
936630,3,3,56,1.17,112566.0,88.61,0.64,2,3.0,1,0
983221,11,6,25,-10.61,992592.0,139.32,0.38,4,9.0,2,0
405021,12,7,29,-1.14,992663.0,131.34,0.33,3,6.0,3,0
659608,4,3,39,2.56,35003.0,111.27,0.69,2,7.0,1,0
60719,0,2,20,1.68,106518.0,87.15,0.48,2,2.0,1,0
437045,1,4,59,10.47,22354.0,109.61,0.76,3,7.0,1,0
302414,0,4,19,1.2,159091.0,118.89,0.54,2,7.0,1,0
171399,12,6,24,-26.39,1009973.0,121.22,0.26,4,2.0,3,0
953024,0,5,22,3.8,77908.0,106.34,0.54,3,5.0,2,0
703506,0,3,18,1.74,120329.0,108.45,0.53,2,4.0,1,0
977225,11,6,29,-22.37,998891.0,130.3,0.32,3,6.0,2,1
101128,12,8,36,-15.44,1090969.0,129.46,0.21,3,3.0,5,1
31243,13,5,41,-20.64,962870.0,124.7,0.22,4,3.0,2,0
106447,11,5,32,-11.77,1020678.0,126.76,0.22,3,3.0,2,1
116131,12,8,34,-25.06,1112419.0,139.38,0.4,3,10.0,5,1
199181,0,3,21,3.31,69317.0,106.11,0.67,2,6.0,1,0
606231,2,5,55,10.36,31648.0,108.27,0.74,2,4.0,2,0
177894,0,4,20,3.78,181932.0,101.84,0.53,2,3.0,1,0
738810,0,3,21,11.72,213257.0,120.42,0.61,2,7.0,1,1
379220,0,2,21,10.7,39689.0,84.23,0.47,2,1.0,1,0
110108,2,2,21,4.45,194181.0,93.15,0.51,2,2.0,1,0
686233,14,7,36,-19.14,941608.0,126.94,0.27,3,4.0,4,1
811347,14,8,24,0.66,956647.0,119.06,0.17,3,0.0,5,0
492227,1,4,20,2.32,155142.0,86.19,0.43,3,0.0,1,1
237816,0,4,20,3.81,106325.0,95.83,0.53,2,2.0,1,0
506214,11,6,23,-0.12,1053499.0,122.9,0.13,4,1.0,3,1
438071,10,6,27,6.78,1027333.0,132.63,0.29,3,7.0,2,1
826394,0,2,20,0.6,119430.0,81.14,0.58,3,1.0,1,0
824566,0,3,40,0.39,85019.0,115.39,0.78,2,8.0,1,0
334225,13,5,26,-9.19,1003110.0,129.56,0.21,3,5.0,2,1
400943,14,7,31,7.13,933339.0,127.0,0.37,4,5.0,4,1
651134,13,6,40,-12.33,926177.0,119.68,0.24,3,3.0,3,1
933192,0,5,45,9.49,150828.0,118.59,0.71,2,8.0,2,1
511426,13,7,24,-3.08,1089920.0,121.92,0.22,3,3.0,4,1
129053,12,7,28,-23.24,1007878.0,117.63,0.24,3,2.0,3,1
40271,2,2,34,1.21,123517.0,105.02,0.74,2,5.0,1,1
185993,11,6,30,-16.04,1017965.0,125.92,0.29,3,4.0,2,1
755821,11,8,35,11.63,957806.0,132.99,0.31,3,5.0,4,1
738612,7,6,29,-4.49,945249.0,129.55,0.21,2,4.0,2,0
68663,2,3,55,0.61,151742.0,108.2,0.66,2,5.0,1,0
327320,0,4,38,8.41,111682.0,111.18,0.66,2,6.0,1,0
78793,13,5,28,-10.17,975201.0,122.77,0.26,3,5.0,2,1
667378,11,7,33,3.73,1036375.0,131.95,0.23,4,5.0,3,1
641023,12,6,35,-12.57,1030873.0,136.09,0.34,4,9.0,3,0
980110,0,2,49,5.38,204384.0,108.92,0.67,2,6.0,1,1
203617,2,2,21,1.34,164216.0,99.8,0.39,2,3.0,1,0
978738,14,8,25,15.61,1091210.0,131.93,0.21,4,4.0,5,1
387020,1,3,59,18.61,82673.0,123.35,0.84,2,11.0,1,1
820215,0,4,38,0.57,110262.0,103.68,0.67,2,5.0,1,0
736540,11,7,24,-8.95,1046745.0,134.69,0.4,3,6.0,3,1
85045,12,7,29,2.13,1033122.0,126.72,0.3,4,4.0,3,1
304300,1,1,55,1.71,56128.0,97.99,0.65,2,6.0,1,0
581251,1,3,20,10.78,35459.0,98.27,0.68,3,5.0,1,0
385956,11,6,23,-6.97,1023417.0,124.33,0.21,3,3.0,2,1
311913,11,5,31,2.86,1026706.0,127.47,0.34,4,4.0,2,1
782560,11,8,23,-10.85,1054456.0,117.31,0.19,4,1.0,4,1
556911,13,7,26,1.42,949827.0,120.01,0.14,4,1.0,3,1
162836,13,6,27,-7.35,1019509.0,128.74,0.22,4,4.0,3,1
730115,3,4,37,10.19,79245.0,84.34,0.56,3,0.0,2,0
471001,12,5,35,-1.83,940248.0,116.79,0.2,4,1.0,2,1
743045,14,7,27,-1.36,1075330.0,122.73,0.24,4,2.0,4,1
333,13,8,25,15.09,1082693.0,124.88,0.2,4,3.0,5,1
574180,12,7,23,-18.78,943896.0,116.86,0.25,4,2.0,3,0
865142,9,7,23,-2.22,1057101.0,121.96,0.18,3,0.0,3,1
456621,14,7,32,3.99,970096.0,124.18,0.27,4,3.0,4,1
624828,14,8,33,-8.39,1018126.0,112.88,0.25,4,0.0,5,0
322629,0,4,22,12.51,96060.0,99.92,0.46,2,4.0,1,0
27908,1,2,19,1.01,111451.0,96.8,0.45,2,2.0,1,1
791914,14,6,33,-12.68,1042404.0,125.68,0.26,4,4.0,3,1
60487,10,6,25,-11.13,1005287.0,124.77,0.32,4,4.0,2,1
490398,11,6,36,-15.13,963495.0,133.31,0.33,4,7.0,2,1
709853,10,6,24,-20.49,1031942.0,130.08,0.26,4,5.0,2,0
987100,14,6,25,10.9,998601.0,128.68,0.35,4,6.0,3,1
940520,13,7,27,-7.3,995902.0,124.51,0.23,3,2.0,4,1
372195,11,7,36,0.37,958855.0,127.21,0.27,3,2.0,3,0
102271,0,4,49,2.38,45579.0,93.91,0.68,3,3.0,1,0
340272,0,5,51,3.85,50000.0,113.1,0.71,2,8.0,1,0
574911,13,8,25,5.81,1038085.0,127.79,0.28,4,3.0,5,0
691784,9,5,32,-11.92,1009752.0,125.03,0.25,4,2.0,2,1
905638,10,5,25,-20.43,1039928.0,130.26,0.27,4,6.0,2,1
633308,0,3,19,1.37,114378.0,88.97,0.54,2,1.0,1,0
886233,12,9,26,-9.77,1018240.0,123.06,0.22,4,2.0,5,1
695779,0,3,32,5.81,55172.0,82.03,0.53,2,2.0,1,0
348561,0,3,38,11.71,144965.0,114.66,0.65,2,7.0,1,0
676581,14,6,27,-12.85,1045953.0,125.32,0.25,4,3.0,3,1
162668,0,5,19,10.59,66806.0,91.75,0.47,2,1.0,1,1
308309,1,5,22,1.72,104480.0,101.16,0.53,3,2.0,2,1
358187,0,2,20,14.84,10892.0,115.7,0.71,1,9.0,1,0
312527,0,3,36,0.6,79659.0,95.06,0.64,2,3.0,1,0
745875,0,2,37,12.47,116234.0,100.27,0.57,3,3.0,1,0
310736,2,4,41,15.39,104099.0,110.52,0.61,2,6.0,2,0
157682,4,3,18,7.49,91456.0,91.81,0.63,2,4.0,1,0
7650,12,6,34,-17.76,998132.0,131.75,0.24,4,6.0,3,1
133085,0,4,59,5.82,24991.0,116.27,0.72,2,8.0,1,0
136553,2,3,47,9.22,82760.0,124.41,0.73,3,10.0,1,1
473378,14,7,27,-0.12,1024878.0,134.9,0.3,3,7.0,4,1
969981,1,3,18,0.22,101340.0,96.9,0.45,2,3.0,1,0
386904,0,4,41,2.81,57916.0,106.1,0.69,2,5.0,1,0
102870,14,7,24,-13.29,951655.0,121.7,0.22,5,2.0,4,1
270460,9,6,25,-18.7,1078436.0,122.51,0.19,3,0.0,2,1
805402,13,7,27,6.61,969692.0,126.89,0.21,3,3.0,3,0
966507,10,5,25,-4.27,987729.0,129.13,0.26,3,5.0,2,1
987743,0,4,21,2.36,140357.0,94.62,0.41,3,2.0,1,0
668616,13,8,32,-24.66,1024310.0,115.64,0.18,4,0.0,5,1
553536,13,8,24,3.55,972972.0,130.67,0.28,3,6.0,4,1
349700,1,5,38,4.17,77415.0,110.92,0.62,2,5.0,2,0
146748,14,7,39,-13.72,1014946.0,133.89,0.32,3,7.0,4,1
424723,2,2,47,1.05,16193.0,90.89,0.68,2,2.0,1,0
725799,0,3,18,6.13,143646.0,103.57,0.53,2,3.0,1,0
350348,0,3,21,6.57,125818.0,80.25,0.47,2,0.0,1,0
927328,0,2,21,1.59,118464.0,107.37,0.64,2,6.0,1,0
531821,1,4,48,2.21,50549.0,96.28,0.65,2,3.0,1,1
881548,13,6,27,0.0,1056258.0,117.84,0.15,5,0.0,3,1
79337,1,4,46,38.77,142841.0,116.61,0.68,3,6.0,1,0
803581,2,3,36,14.39,90801.0,99.49,0.62,3,4.0,1,1
933778,1,2,19,2.63,51317.0,102.99,0.63,2,5.0,1,1
997539,0,4,57,1.21,172022.0,118.47,0.72,2,8.0,1,0
483600,0,0,40,5.92,83315.0,99.39,0.58,2,4.0,1,0
722265,13,7,24,8.53,1039603.0,128.04,0.19,3,4.0,4,1
779767,12,6,34,4.88,929739.0,125.25,0.3,4,4.0,2,0
82725,0,4,19,2.15,155663.0,83.61,0.45,1,0.0,1,0
639865,9,7,32,0.08,1132429.0,124.92,0.19,4,4.0,3,1
295544,0,3,20,3.73,97247.0,81.63,0.48,2,1.0,1,0
857526,12,7,24,11.46,1075820.0,130.7,0.25,3,4.0,4,1
614224,0,4,21,0.96,118582.0,111.66,0.56,2,6.0,1,0
940028,0,2,18,10.27,85203.0,101.56,0.55,2,5.0,1,0
622950,0,5,38,5.08,35512.0,94.82,0.64,2,4.0,1,0
547264,1,4,39,4.17,147897.0,89.42,0.53,2,1.0,1,0
157297,13,6,29,-22.12,1104301.0,124.83,0.25,4,3.0,3,1
390421,1,5,21,3.1,106783.0,91.52,0.53,2,2.0,2,0
623662,1,4,21,14.86,120292.0,94.03,0.6,2,2.0,1,1
300276,0,3,21,2.13,95062.0,112.51,0.69,2,7.0,1,1
945706,12,7,25,9.07,991835.0,127.12,0.25,4,4.0,3,1
994165,12,8,34,0.46,992701.0,130.5,0.23,3,4.0,4,1
780147,13,5,24,-1.85,944480.0,129.93,0.16,4,4.0,2,1
418108,0,4,20,1.39,150731.0,93.35,0.56,1,3.0,1,0
533971,1,5,46,5.25,119402.0,111.96,0.69,2,5.0,2,0
429905,0,4,56,2.64,97440.0,130.05,0.81,3,11.0,1,1
105042,11,5,23,-12.1,934819.0,127.21,0.22,3,4.0,2,1
235210,10,5,28,3.47,977785.0,120.76,0.25,4,2.0,2,1
344134,0,4,50,6.12,103528.0,105.52,0.62,2,5.0,1,0
320163,12,8,28,-9.05,1019014.0,127.13,0.24,4,4.0,4,1
895261,0,3,40,5.59,139470.0,107.96,0.57,2,5.0,1,0
908992,1,4,49,5.03,94954.0,105.43,0.67,2,5.0,1,0
392099,2,3,21,2.72,108075.0,90.01,0.62,2,2.0,1,0
642538,0,4,20,1.44,95405.0,88.35,0.57,3,3.0,1,0
779002,0,4,20,6.73,45293.0,100.35,0.61,2,3.0,1,1
407423,13,8,29,-24.04,933383.0,126.72,0.22,4,4.0,4,1
586505,11,6,31,-3.61,974050.0,124.36,0.34,4,3.0,2,1
902328,11,8,25,-5.8,1052497.0,131.4,0.23,4,5.0,4,1
323304,0,3,39,1.91,109359.0,96.41,0.59,2,4.0,1,1
157030,13,6,26,-8.2,1097004.0,127.62,0.15,4,4.0,3,1
721195,0,2,48,6.83,20035.0,86.8,0.68,2,3.0,1,1
519499,0,1,22,4.37,110977.0,115.93,0.71,3,7.0,1,0
641030,11,6,30,-4.84,948252.0,128.89,0.28,3,4.0,2,1
341223,11,7,31,1.22,994564.0,130.09,0.29,4,4.0,3,1
643734,0,4,19,2.03,124916.0,102.64,0.52,2,4.0,1,1
449986,13,6,30,-18.32,990930.0,132.87,0.32,4,7.0,3,1
857096,13,7,25,0.98,1031056.0,112.23,0.15,4,0.0,4,1
130532,0,4,20,4.87,110959.0,86.11,0.45,2,1.0,1,0
267633,12,6,29,-1.58,927409.0,120.25,0.19,3,2.0,2,1
173666,0,5,22,4.03,181515.0,94.71,0.5,1,2.0,2,0
767688,12,6,29,-7.96,951704.0,115.03,0.24,3,0.0,2,1
949778,0,4,21,28.83,206898.0,94.14,0.48,2,3.0,1,0
482001,10,6,27,2.02,1033651.0,129.46,0.33,3,4.0,2,1
832060,10,7,23,17.26,956300.0,109.72,0.22,4,0.0,3,1
268678,11,6,24,-5.58,909976.0,124.53,0.23,3,4.0,2,1
805461,11,6,23,-13.1,995144.0,120.7,0.23,3,2.0,2,1
400807,0,2,31,1.27,81357.0,104.72,0.7,2,5.0,1,0
955349,0,3,37,7.1,34430.0,104.21,0.62,2,6.0,1,0
610507,12,6,27,-12.53,1100098.0,137.48,0.36,4,8.0,3,1
869918,1,3,20,8.84,70295.0,85.6,0.48,2,1.0,1,0
420446,1,4,58,0.52,118243.0,110.41,0.8,3,7.0,1,1
428989,12,8,26,-24.9,949335.0,131.92,0.35,3,7.0,4,1
85003,0,3,22,7.59,95299.0,102.16,0.59,3,5.0,1,1
482708,12,8,32,-1.09,968148.0,111.98,0.21,4,0.0,4,0
146601,9,5,25,4.08,961492.0,128.91,0.32,3,5.0,2,1
641264,1,3,36,1.43,44366.0,100.21,0.65,2,4.0,1,0
338852,13,7,32,-15.88,979236.0,130.26,0.27,3,4.0,4,1
547946,0,4,45,4.36,206156.0,89.36,0.62,3,2.0,1,1
524911,11,8,36,-12.11,990659.0,131.85,0.32,4,5.0,4,1
259983,1,2,56,4.8,88044.0,107.29,0.71,2,6.0,1,0
56468,1,5,18,9.95,15423.0,106.19,0.57,3,3.0,2,1
702169,0,3,21,5.82,58482.0,92.21,0.46,2,2.0,1,0
329946,12,6,33,-22.55,944589.0,128.44,0.31,3,5.0,2,1
504924,1,4,47,8.98,162527.0,116.47,0.65,3,7.0,2,0
875067,0,2,38,5.36,193557.0,120.5,0.66,3,8.0,1,1
393137,14,6,34,6.69,999229.0,126.61,0.24,4,3.0,3,1
911562,0,3,20,4.49,42382.0,90.2,0.56,2,0.0,1,0
49287,0,5,21,5.5,81268.0,95.17,0.48,2,2.0,2,0
17472,12,5,38,-15.04,921316.0,130.31,0.38,3,6.0,2,1
368475,0,4,22,8.76,45636.0,106.54,0.63,2,5.0,1,0
395874,14,5,26,4.95,959250.0,122.22,0.24,4,3.0,2,1
895584,1,1,20,7.27,65381.0,95.14,0.55,2,3.0,1,0
945503,0,5,54,14.45,83373.0,102.67,0.71,3,5.0,2,0
450651,2,5,59,4.51,214993.0,120.38,0.77,3,8.0,2,0
104549,1,3,60,0.36,42832.0,99.78,0.75,2,5.0,1,0
147737,11,6,33,-3.97,937636.0,129.66,0.3,4,5.0,2,1
38819,8,6,31,3.14,1027004.0,129.34,0.26,4,5.0,2,0
47520,0,2,58,5.78,115891.0,112.85,0.71,3,7.0,1,0
457056,0,3,21,1.38,159767.0,91.62,0.51,2,3.0,1,0
240825,12,7,38,-1.73,1050890.0,131.64,0.27,3,5.0,4,1
305641,10,7,23,8.71,992681.0,126.53,0.3,4,4.0,3,1
411853,14,7,27,-1.96,990375.0,130.44,0.23,4,5.0,4,1
223829,13,6,31,-12.54,960914.0,120.88,0.16,4,0.0,3,1
40434,1,4,22,2.08,68416.0,99.89,0.56,2,3.0,1,0
350139,0,3,59,6.33,132992.0,115.2,0.66,2,7.0,1,0
984087,14,8,29,-3.56,1058247.0,121.78,0.16,4,1.0,5,1
810233,0,2,37,1.36,2965.0,95.41,0.71,2,4.0,1,0
43290,1,4,19,16.81,171131.0,110.51,0.53,2,5.0,2,0
420070,2,3,33,3.0,95949.0,105.3,0.62,2,5.0,1,0
892224,2,2,47,1.88,188883.0,100.07,0.67,3,4.0,1,1
412976,13,5,26,2.81,943639.0,117.89,0.23,3,1.0,2,1
12487,1,2,46,15.26,153796.0,106.33,0.62,2,6.0,1,0
28565,2,3,51,10.29,111952.0,106.3,0.71,2,5.0,1,0
796865,11,6,26,3.2,993468.0,130.73,0.31,3,6.0,2,1
919910,14,6,29,-11.95,1108114.0,133.31,0.23,4,5.0,4,1
969539,14,6,27,-10.44,1023171.0,121.06,0.17,3,1.0,3,1
151083,12,7,28,-7.43,966435.0,109.23,0.24,4,0.0,3,1
597102,3,3,19,11.43,148319.0,107.38,0.59,2,5.0,1,0
336361,0,3,18,8.76,92963.0,93.41,0.53,2,3.0,1,1
456852,14,7,27,5.3,957646.0,128.96,0.26,4,4.0,4,1
409721,12,9,24,-13.0,1054496.0,133.99,0.23,4,5.0,5,1
582952,0,2,39,1.91,69277.0,93.2,0.6,2,3.0,1,0
663819,0,3,21,6.5,50000.0,110.25,0.6,1,6.0,1,0
156412,4,3,22,19.0,66322.0,91.44,0.56,3,3.0,1,0
275983,0,4,21,7.41,90460.0,83.6,0.52,3,1.0,1,0
283425,0,2,47,2.28,35306.0,113.0,0.78,2,8.0,1,0
12276,10,6,24,-10.4,945268.0,123.65,0.23,5,3.0,2,1
637272,0,3,19,1.14,91768.0,88.85,0.58,2,1.0,1,1
221255,12,7,25,-1.23,982419.0,127.94,0.31,3,6.0,3,1
223620,0,4,18,18.09,81243.0,94.48,0.5,2,2.0,1,1
52284,11,8,29,8.11,944368.0,126.31,0.22,4,2.0,3,1
485086,0,3,21,9.57,119242.0,97.92,0.55,2,3.0,1,0
679521,2,4,35,15.56,83858.0,108.53,0.67,3,5.0,1,0
458403,9,7,26,-0.92,1021329.0,120.12,0.19,4,1.0,3,0
608360,0,4,21,4.32,84110.0,101.46,0.55,2,5.0,1,0
939653,0,4,19,9.07,59679.0,100.07,0.57,2,3.0,1,0
321048,2,4,53,1.9,58609.0,100.93,0.66,2,3.0,1,0
782100,13,7,28,-17.12,1038178.0,124.37,0.2,3,2.0,4,1
476452,1,3,19,0.4,89859.0,96.55,0.55,2,4.0,1,0
223213,11,6,26,7.1,1021974.0,126.85,0.24,3,3.0,2,1
830376,0,4,35,6.61,86985.0,100.45,0.64,2,4.0,1,0
34994,1,3,57,6.36,92650.0,110.39,0.76,2,7.0,1,0
303083,12,5,30,-12.13,1009260.0,130.78,0.23,4,6.0,2,1
122569,12,8,28,-14.63,999895.0,133.61,0.24,3,5.0,4,1
722324,13,7,27,-11.69,1115713.0,138.47,0.19,4,9.0,4,1
391700,3,4,58,14.99,44271.0,99.01,0.73,2,6.0,2,0
829671,12,7,24,10.57,965853.0,119.07,0.16,3,2.0,3,1
292000,13,7,24,-0.25,945462.0,124.03,0.24,3,3.0,3,1
798877,0,2,45,3.32,72726.0,99.95,0.59,2,5.0,1,0
643995,9,5,30,-16.53,953886.0,125.66,0.24,3,4.0,2,0
907247,1,5,19,21.64,152063.0,95.57,0.5,2,2.0,2,0
977925,14,5,30,-4.21,987421.0,127.24,0.27,4,5.0,2,1
622590,2,3,20,1.1,175124.0,95.53,0.41,1,2.0,1,0
23905,2,2,20,13.79,50000.0,82.34,0.47,3,2.0,1,0
284158,5,3,36,6.29,96600.0,110.09,0.66,2,7.0,2,0
909388,5,4,57,1.33,80928.0,107.55,0.79,2,7.0,2,0
20226,14,7,26,-4.34,927559.0,129.26,0.31,4,5.0,4,1
631589,13,7,26,-7.84,973670.0,119.03,0.15,4,0.0,3,1
942707,12,6,33,1.98,1061123.0,129.53,0.32,4,5.0,3,1
306447,12,7,31,7.37,954071.0,130.54,0.28,4,5.0,3,0
527843,12,8,31,-23.95,931433.0,135.18,0.33,3,6.0,4,0
505171,0,2,18,5.45,9288.0,95.98,0.65,2,4.0,1,0
908681,0,4,31,5.22,145526.0,100.61,0.59,3,4.0,1,0
808883,12,8,24,8.65,1059605.0,126.86,0.27,4,3.0,5,1
211192,10,6,35,-0.45,964444.0,129.55,0.27,3,5.0,2,1
884520,0,2,20,10.99,74902.0,95.63,0.55,2,5.0,1,0
3988,0,3,22,4.89,56107.0,82.4,0.4,2,0.0,1,0
51489,14,6,29,1.28,1064387.0,132.62,0.23,4,6.0,4,0
525296,3,3,20,0.25,131649.0,77.71,0.5,3,0.0,1,1
765982,2,5,39,3.71,119003.0,109.75,0.66,2,6.0,2,0
437620,14,7,33,-15.77,962627.0,126.42,0.26,3,2.0,4,0
179269,7,8,28,-0.03,862036.0,123.91,0.3,3,3.0,2,1
338241,13,6,27,-4.34,1007360.0,129.37,0.22,4,4.0,3,1
254489,0,3,41,4.72,38141.0,94.72,0.7,1,3.0,1,1
671454,13,6,23,-29.19,978135.0,113.38,0.22,3,1.0,3,0
511123,10,8,26,-11.13,921257.0,129.71,0.29,3,5.0,3,0
431741,0,4,53,9.21,44957.0,114.16,0.77,2,6.0,1,0
860899,11,9,34,-11.44,1024524.0,123.19,0.16,4,1.0,5,1
282252,13,6,23,-14.6,1013317.0,119.52,0.22,4,1.0,3,1
699964,3,4,43,9.4,84405.0,102.88,0.73,2,4.0,2,0
422830,1,4,43,2.75,30774.0,104.22,0.69,2,6.0,1,0
535219,10,6,28,-4.43,1032433.0,121.36,0.24,4,1.0,2,1
327083,14,7,25,-4.61,905554.0,123.23,0.27,4,4.0,3,1
745272,11,7,29,-4.16,1042898.0,136.12,0.34,4,7.0,3,1
445203,12,9,25,-4.58,1078718.0,133.0,0.25,4,5.0,5,0
490237,13,6,37,-6.91,926774.0,129.56,0.42,4,6.0,3,1
89713,1,1,47,3.44,68600.0,110.01,0.78,2,7.0,1,0
786073,14,9,30,-0.68,900264.0,115.99,0.19,4,0.0,5,1
215148,12,6,24,-7.29,1001133.0,118.61,0.26,3,3.0,3,1
461136,14,5,24,-0.58,1024168.0,121.37,0.22,3,2.0,3,1
229156,1,3,46,8.53,128393.0,105.82,0.64,2,4.0,1,1
364137,3,4,18,5.61,84258.0,90.96,0.5,2,1.0,2,0
511801,12,5,30,-7.66,980363.0,128.83,0.26,4,6.0,2,1
159868,2,4,19,6.0,99727.0,102.31,0.46,1,3.0,2,0
759235,11,8,23,-12.89,993075.0,133.42,0.24,4,6.0,4,1
854219,11,5,27,-24.75,996552.0,120.61,0.23,3,2.0,2,1
973591,11,5,33,-1.92,991364.0,120.13,0.24,4,3.0,2,1
37537,11,6,31,-3.34,1007009.0,131.08,0.34,4,7.0,2,1
78478,0,5,21,1.81,63089.0,83.87,0.52,2,1.0,1,0
739936,12,6,23,2.89,1001052.0,132.73,0.35,4,7.0,3,1
807323,1,3,19,5.71,116451.0,98.17,0.55,2,3.0,1,0
293927,1,4,37,10.52,160129.0,123.31,0.69,3,9.0,2,0
55719,12,7,24,-10.11,923742.0,122.78,0.22,4,1.0,3,0
344317,1,2,20,5.55,169907.0,101.37,0.57,3,4.0,1,0
994483,11,9,33,-8.37,978266.0,128.08,0.28,3,2.0,5,1
348918,8,6,30,-9.5,1038010.0,119.1,0.26,4,1.0,2,1
481024,11,6,24,-23.42,948527.0,131.25,0.29,3,6.0,2,1
563670,2,3,32,4.96,69735.0,91.26,0.56,2,2.0,1,0
757007,1,2,40,3.26,126749.0,117.19,0.72,2,7.0,1,0
624516,14,6,26,-9.92,1032481.0,128.66,0.22,3,4.0,3,1
410892,1,3,22,2.77,48688.0,90.4,0.45,2,1.0,1,0
508664,12,7,29,-0.28,964145.0,121.5,0.19,4,2.0,3,1
962427,10,5,27,-3.08,967146.0,129.81,0.32,3,5.0,2,1
465867,1,5,21,3.92,144753.0,89.86,0.47,2,0.0,2,1
73341,0,2,20,13.01,166192.0,101.69,0.57,3,4.0,1,0
817718,13,8,25,-11.55,1125714.0,125.36,0.19,4,2.0,5,1
545446,13,7,30,-12.38,983457.0,132.85,0.27,4,6.0,4,1
564402,0,4,47,12.83,83522.0,115.87,0.81,2,8.0,1,0
912742,0,4,18,5.15,103960.0,95.44,0.5,2,4.0,1,0
969308,2,2,31,1.03,132578.0,84.56,0.56,2,1.0,1,0
145394,2,3,21,1.53,112997.0,93.98,0.56,2,4.0,1,1
68020,0,4,32,7.06,90191.0,96.85,0.58,2,3.0,1,1
907731,13,6,26,-13.46,1020215.0,125.59,0.25,3,3.0,3,1
876072,0,4,58,2.86,50000.0,106.59,0.79,2,6.0,1,0
456446,11,6,24,-9.52,940976.0,122.39,0.28,4,3.0,2,1
586192,1,1,33,9.07,64517.0,100.83,0.64,2,5.0,1,1
703339,0,1,22,0.9,108653.0,95.42,0.6,2,3.0,1,0
779555,0,1,35,10.34,82382.0,83.09,0.63,2,1.0,1,0
3576,13,5,34,-2.61,951279.0,128.19,0.31,3,4.0,2,1
956028,1,3,32,2.33,164819.0,79.9,0.39,2,0.0,1,1
590851,13,6,27,-5.49,1053169.0,133.55,0.3,4,6.0,3,1
584604,13,5,29,-10.49,1005757.0,126.72,0.23,4,4.0,2,1
367435,1,5,21,5.76,173613.0,98.84,0.5,1,3.0,2,0
450937,13,5,28,-4.81,1040508.0,134.0,0.38,4,7.0,2,1
367140,10,5,25,-6.43,893116.0,126.09,0.27,3,4.0,2,1
773326,1,3,18,7.87,120910.0,92.19,0.52,3,2.0,1,1
466664,11,5,25,9.84,1083227.0,125.29,0.18,4,3.0,2,0
761020,11,5,35,0.91,988264.0,127.62,0.26,3,5.0,2,1
430435,14,6,27,16.58,1060130.0,119.58,0.18,4,1.0,3,1
67360,0,3,20,16.81,159213.0,85.28,0.5,2,1.0,1,0
690317,5,4,20,28.71,62906.0,99.56,0.57,3,2.0,2,0
129257,0,3,52,0.65,83653.0,113.84,0.66,2,7.0,1,0
785649,2,3,38,9.04,80641.0,92.95,0.51,2,1.0,1,0
787554,13,7,33,-0.94,996928.0,137.86,0.33,3,8.0,4,1
696626,12,6,33,-12.3,1014456.0,131.22,0.26,3,4.0,3,1
684933,0,3,37,0.66,172636.0,99.22,0.59,2,3.0,1,0
871994,11,6,28,-11.58,1044222.0,126.39,0.34,3,3.0,3,0
567315,1,4,21,1.86,578.0,101.29,0.62,2,4.0,1,0
700860,12,6,28,0.26,960906.0,121.83,0.24,3,2.0,2,1
824820,1,2,41,8.19,110401.0,104.03,0.64,2,5.0,1,0
456215,0,5,19,2.85,58347.0,96.03,0.53,2,3.0,1,0
714457,0,5,38,1.96,115026.0,113.24,0.69,2,6.0,2,0
783954,2,2,19,12.8,150009.0,94.14,0.5,2,1.0,1,0
682995,12,6,33,-8.31,930471.0,129.11,0.29,4,5.0,2,1
44622,1,4,19,8.52,143163.0,90.49,0.45,3,0.0,1,0
987125,14,7,33,-5.71,968046.0,113.01,0.18,4,0.0,4,0
265411,0,2,32,3.59,101725.0,103.56,0.68,2,5.0,1,0
827701,13,6,23,-4.79,951913.0,117.22,0.16,4,1.0,3,0
16057,3,4,21,22.8,35313.0,95.23,0.58,2,3.0,1,0
246847,12,6,26,-3.75,1013371.0,133.15,0.34,4,7.0,3,0
36404,14,6,24,-6.47,1069208.0,131.84,0.22,4,5.0,4,0
317730,12,6,39,-7.19,1021427.0,137.01,0.38,4,8.0,3,1
664702,13,7,28,-12.32,1017856.0,120.76,0.24,3,1.0,4,1
142823,12,5,25,7.8,1009157.0,128.07,0.2,4,4.0,2,1
197862,2,5,19,7.85,157096.0,102.37,0.55,2,3.0,2,0
437540,10,8,23,-14.86,1016558.0,129.04,0.22,3,4.0,4,1
994310,13,8,24,-12.53,1084125.0,132.2,0.22,3,5.0,5,1
530429,0,3,56,4.11,56879.0,108.25,0.75,2,7.0,1,0
132299,13,8,33,10.67,976918.0,130.8,0.31,4,6.0,4,1
741219,4,3,22,3.96,137942.0,111.07,0.63,2,6.0,2,1
170340,0,4,40,5.53,94971.0,123.07,0.73,3,9.0,1,0
618907,4,4,49,3.63,48631.0,104.41,0.66,2,5.0,2,1
219711,0,5,47,0.35,126938.0,104.02,0.68,3,5.0,2,0
846967,13,8,25,0.68,1004654.0,128.13,0.28,4,4.0,5,1
905790,13,6,26,-20.56,1104337.0,130.38,0.32,3,4.0,3,1
954189,3,2,21,8.94,7115.0,97.88,0.64,2,4.0,1,0
499719,9,8,30,-15.93,1007223.0,131.12,0.29,3,5.0,3,1
843842,11,6,25,-29.88,965519.0,132.91,0.26,3,6.0,2,0
481078,0,1,21,0.68,126461.0,105.74,0.63,2,4.0,1,0
667675,1,4,53,0.46,100188.0,125.6,0.76,3,11.0,1,0
720002,0,2,36,6.97,148232.0,103.49,0.66,3,5.0,1,0
630171,13,7,23,2.06,920955.0,125.98,0.24,4,4.0,3,0
762976,12,7,25,-11.14,1001990.0,122.51,0.16,5,2.0,3,1
335777,2,4,19,6.88,69427.0,87.58,0.61,2,2.0,1,0
639679,13,7,31,5.63,1018309.0,133.39,0.29,4,5.0,4,0
583036,0,3,56,3.41,170592.0,101.92,0.63,2,5.0,1,1
18988,2,5,21,1.54,50720.0,99.19,0.58,3,3.0,2,0
378347,13,6,27,-36.6,956156.0,126.76,0.33,4,6.0,3,1
358027,0,2,19,0.27,9921.0,87.1,0.6,2,2.0,1,0
697735,6,6,29,-16.96,1061224.0,122.99,0.25,3,2.0,2,1
133738,0,1,39,3.16,42118.0,102.14,0.63,3,5.0,1,1
548102,2,4,21,1.5,145873.0,95.35,0.54,2,2.0,2,0
53778,0,3,19,9.27,52496.0,81.71,0.63,2,1.0,1,0
142271,5,4,21,2.28,138548.0,84.97,0.54,2,1.0,2,0
979211,12,6,24,5.43,975731.0,122.46,0.24,3,3.0,2,1
289571,3,5,19,0.95,50000.0,109.43,0.64,3,7.0,2,0
775830,11,6,34,-2.44,1041642.0,132.18,0.28,3,6.0,3,1
860623,1,3,19,20.59,50000.0,115.25,0.64,2,8.0,1,1
500818,14,6,32,9.84,1014681.0,119.65,0.28,3,3.0,3,1
190587,14,6,32,-28.79,1047489.0,134.52,0.31,4,6.0,3,1
857640,5,4,53,6.61,161443.0,109.84,0.62,2,6.0,2,0
547639,0,2,20,2.6,122833.0,105.72,0.56,3,5.0,1,0
765043,13,5,33,0.03,966671.0,129.87,0.34,3,5.0,2,1
226516,12,6,27,-13.87,984107.0,124.24,0.21,4,2.0,3,0
52631,12,6,30,8.96,988725.0,130.47,0.25,3,6.0,3,1
282511,2,4,42,4.5,97814.0,93.02,0.57,2,2.0,2,0
380486,12,5,24,-3.09,1090303.0,132.98,0.2,3,4.0,2,1
632544,9,8,29,16.67,1050713.0,116.77,0.18,4,0.0,3,1
766524,1,4,37,14.79,89993.0,100.13,0.59,2,4.0,1,0
689243,1,5,33,10.1,135452.0,114.38,0.59,2,6.0,2,1
656468,0,3,33,1.35,154083.0,118.41,0.77,3,7.0,1,0
502307,0,3,43,2.25,111001.0,117.17,0.75,3,8.0,1,0
746789,2,3,22,4.06,45954.0,73.21,0.45,3,0.0,1,0
994531,13,8,26,-5.14,968087.0,136.12,0.3,3,9.0,4,1
803141,1,3,57,16.79,147157.0,105.35,0.66,2,5.0,1,0
173235,14,7,29,-1.37,1007110.0,129.46,0.25,4,4.0,4,1
253330,1,4,19,3.58,183954.0,94.54,0.49,2,1.0,2,1
820682,8,7,35,-9.13,959692.0,135.05,0.38,3,8.0,2,0
858930,0,2,49,9.47,114676.0,105.62,0.62,2,4.0,1,0
581828,13,7,29,0.56,1104263.0,135.03,0.19,4,7.0,4,1
793965,3,2,19,20.76,28877.0,108.11,0.62,2,6.0,1,0
632163,12,8,23,-2.77,1041764.0,132.74,0.3,4,6.0,4,1
52954,1,4,40,0.37,171187.0,110.51,0.69,2,6.0,2,0
644114,14,5,35,6.19,1016028.0,126.62,0.2,3,3.0,3,0
456976,12,7,25,6.72,991199.0,127.42,0.29,3,5.0,3,1
304737,12,6,30,-4.61,944256.0,129.07,0.27,3,6.0,2,1
248122,12,7,32,1.65,1006597.0,127.3,0.23,4,5.0,3,1
268383,1,4,59,8.02,111582.0,120.41,0.79,2,9.0,1,0
924826,12,8,27,2.19,956471.0,134.46,0.26,3,6.0,4,0
632571,11,6,27,1.09,1014871.0,123.13,0.22,3,2.0,2,1
3399,13,8,26,0.98,1006142.0,127.21,0.14,4,2.0,5,0
28760,2,2,39,3.03,73234.0,104.3,0.65,2,6.0,1,0
362052,11,6,33,-13.15,1086098.0,124.07,0.23,4,4.0,3,1
62955,13,7,32,20.01,1058225.0,134.03,0.32,4,6.0,4,1
248303,0,5,18,1.48,122107.0,90.52,0.37,2,1.0,2,0
580968,1,5,21,12.9,90146.0,95.71,0.5,3,3.0,2,0
521916,14,6,33,-4.55,991275.0,126.18,0.23,4,5.0,3,1
698577,0,5,57,3.7,141615.0,94.03,0.58,3,1.0,2,0
845331,0,5,18,3.02,58570.0,83.14,0.38,2,0.0,1,0
792230,3,2,21,11.26,47310.0,102.86,0.71,2,5.0,1,0
296615,0,3,22,13.9,80246.0,102.78,0.53,2,4.0,1,0
810171,0,2,18,5.05,96086.0,99.8,0.55,2,4.0,1,0
404252,9,7,23,-13.31,928365.0,111.54,0.19,3,0.0,2,0
890579,0,3,21,0.91,139361.0,96.66,0.59,1,3.0,1,0
53409,3,4,18,0.63,47191.0,94.0,0.5,2,2.0,2,0
311775,11,7,26,-3.74,1033011.0,127.56,0.22,4,3.0,3,1
716613,0,5,60,0.72,177550.0,120.31,0.74,2,7.0,2,0
780982,1,5,56,1.28,195173.0,128.5,0.78,3,10.0,2,0
476490,13,5,34,-17.12,1000167.0,124.77,0.31,4,4.0,2,1
240635,4,5,39,1.18,57077.0,99.98,0.57,2,2.0,2,0
26900,13,9,27,2.84,1025249.0,133.95,0.33,3,5.0,5,0
132852,12,6,27,3.98,1000314.0,126.59,0.25,4,4.0,3,1
373706,0,3,21,0.9,125233.0,100.16,0.48,2,2.0,1,0
231457,11,7,35,-0.34,974228.0,125.07,0.25,4,4.0,3,1
341232,1,4,22,6.98,224683.0,109.28,0.54,2,5.0,2,1
195103,12,7,26,-19.81,1017931.0,134.05,0.2,4,5.0,3,1
754310,10,7,28,-5.35,959154.0,124.8,0.26,4,2.0,3,1
689173,0,4,19,2.14,113273.0,111.16,0.52,3,5.0,1,0
984490,1,2,32,0.86,50000.0,95.0,0.6,2,2.0,1,0
768937,10,6,33,-14.74,990920.0,130.33,0.25,3,6.0,2,0
934881,1,3,35,0.32,112072.0,90.81,0.63,2,1.0,1,0
829807,14,5,33,-7.26,1009507.0,126.82,0.3,3,5.0,3,1
323339,2,2,58,0.64,151236.0,116.52,0.71,3,8.0,1,0
330556,0,3,21,7.93,203747.0,93.04,0.37,2,1.0,1,0
352197,11,7,31,-1.25,1032599.0,131.4,0.25,4,5.0,3,0
975912,3,5,44,0.29,119540.0,110.43,0.73,2,6.0,2,0
447778,13,6,33,1.56,1229004.0,132.7,0.23,4,5.0,4,1
738559,13,7,35,-6.56,962152.0,118.72,0.17,3,2.0,3,1
582829,10,7,25,-4.68,1018865.0,128.27,0.23,4,4.0,3,1
971377,0,1,21,4.05,3397.0,99.92,0.7,2,4.0,1,1
412455,1,2,57,0.76,172656.0,106.2,0.72,2,5.0,1,0
827547,13,7,26,-23.94,992509.0,118.26,0.2,3,1.0,4,0
28001,9,7,29,12.24,1061693.0,133.01,0.24,4,6.0,3,1
552550,0,4,31,5.26,6259.0,100.92,0.67,2,5.0,1,1
320074,2,5,22,5.27,122223.0,103.22,0.5,3,3.0,2,0
477771,0,4,21,1.73,94131.0,97.07,0.46,3,1.0,1,0
310016,12,6,28,-7.37,1000432.0,136.26,0.36,4,8.0,3,1
992023,11,8,26,-5.01,972745.0,124.38,0.27,4,3.0,4,1
709429,0,3,35,11.71,79182.0,105.1,0.66,2,6.0,1,0
570138,2,4,58,0.85,112516.0,103.91,0.65,3,4.0,2,0
5143,11,7,35,12.8,1009821.0,132.17,0.34,3,6.0,3,0
838637,0,4,45,1.15,63370.0,104.0,0.7,2,4.0,1,0
407795,11,7,25,-6.29,987119.0,114.26,0.13,3,1.0,3,1
521811,9,8,26,2.4,1053452.0,134.25,0.27,4,6.0,3,1
476758,14,6,37,-20.65,1035462.0,127.02,0.27,3,4.0,3,1
874813,11,7,24,-10.92,931311.0,111.53,0.21,4,0.0,3,1
313691,11,7,31,-1.15,1028663.0,130.71,0.24,4,5.0,3,1
23560,11,6,36,6.62,965833.0,123.83,0.29,4,5.0,2,1
604798,1,4,53,12.42,151512.0,122.61,0.78,2,8.0,1,0
485880,13,7,33,1.75,1030902.0,127.47,0.22,4,3.0,4,1
413444,13,6,26,2.9,1033846.0,115.54,0.19,4,1.0,3,1
69262,12,7,26,-2.68,913048.0,131.8,0.36,4,5.0,3,0
411362,1,3,55,3.08,30481.0,99.37,0.65,2,4.0,1,0
125995,13,5,26,-14.64,990659.0,114.08,0.19,3,1.0,2,1
944118,0,4,21,2.55,93064.0,89.85,0.51,2,2.0,1,0
731970,11,6,27,-14.17,943578.0,120.78,0.24,3,2.0,2,0
900703,11,6,37,-10.62,1074441.0,123.49,0.19,4,2.0,3,1
4819,11,6,23,7.29,1008920.0,124.54,0.24,4,2.0,2,1
866031,1,4,19,10.61,31981.0,101.9,0.61,2,4.0,1,0
904255,0,4,56,21.93,257893.0,115.33,0.57,3,6.0,2,0
927400,13,6,34,4.83,1048569.0,129.21,0.23,4,5.0,3,1
828980,12,6,24,-10.04,1038917.0,126.69,0.21,4,4.0,3,1
955377,14,6,25,-12.39,1024093.0,131.07,0.23,3,4.0,3,1
208299,13,8,34,2.39,979902.0,129.06,0.29,4,5.0,4,1
811216,1,1,52,4.47,138787.0,117.68,0.71,2,8.0,1,0
677601,0,3,59,6.48,100340.0,108.52,0.71,2,6.0,1,0
339068,1,3,20,0.17,120891.0,104.16,0.5,2,4.0,1,0
455399,11,6,31,-1.81,881407.0,124.89,0.26,4,4.0,2,0
97511,2,5,58,4.93,51846.0,100.77,0.74,3,5.0,2,1
51699,0,4,57,2.11,164507.0,124.93,0.79,2,9.0,1,1
307220,0,2,57,1.12,137174.0,119.18,0.73,2,9.0,1,0
983400,0,4,44,0.18,130037.0,110.47,0.75,2,5.0,1,0
436894,14,8,33,1.4,945079.0,134.09,0.45,4,8.0,5,0
838136,0,3,58,4.12,139922.0,115.2,0.74,2,7.0,1,0
512333,13,7,31,5.03,1082295.0,125.71,0.18,4,3.0,4,1
271625,0,0,19,20.96,65593.0,90.36,0.5,2,3.0,1,0
149701,1,5,40,0.17,184232.0,102.36,0.53,2,3.0,2,0
200752,13,5,38,-11.96,982032.0,124.4,0.29,4,4.0,2,1
132107,0,3,35,0.24,38205.0,107.12,0.66,2,6.0,1,1
518069,2,3,19,2.28,109287.0,74.16,0.53,2,0.0,1,1
458873,13,8,25,-12.06,1015267.0,121.44,0.27,3,2.0,5,1
497500,12,9,26,-9.46,1004812.0,131.48,0.24,4,3.0,5,1
103658,0,2,22,6.16,145151.0,92.52,0.36,4,1.0,1,0
956702,2,4,20,4.7,50000.0,95.73,0.56,2,3.0,1,0
922905,2,4,51,4.32,93686.0,117.79,0.8,2,8.0,1,1
786433,0,5,54,2.33,115883.0,124.05,0.78,3,10.0,2,1
884981,3,2,38,4.08,83823.0,117.23,0.69,3,8.0,1,0
843925,12,6,25,-4.16,966265.0,126.14,0.23,4,4.0,2,1
382288,13,7,28,-13.36,925855.0,124.87,0.31,4,5.0,3,0
513096,1,3,36,5.56,89292.0,112.68,0.62,3,6.0,1,0
770234,11,9,23,3.63,990615.0,128.35,0.22,4,4.0,5,1
604291,0,3,57,4.25,155340.0,117.87,0.72,3,9.0,1,0
209185,13,6,25,9.68,1044590.0,133.25,0.26,4,5.0,3,1
896935,0,4,33,2.11,85491.0,109.4,0.7,2,5.0,1,0
633509,11,8,25,-14.64,1014913.0,134.99,0.33,4,7.0,4,1
453515,1,4,19,6.97,4923.0,92.55,0.61,2,2.0,1,0
737330,0,2,21,9.08,50000.0,85.32,0.41,2,1.0,1,0
235274,6,4,20,3.36,66652.0,81.04,0.5,3,1.0,2,0
70463,13,6,28,-17.11,1062243.0,123.55,0.17,3,2.0,3,1
887226,2,1,18,0.64,30797.0,87.78,0.45,3,1.0,1,0
410160,13,6,29,-28.13,995510.0,124.93,0.2,3,4.0,3,1
259159,12,7,28,-19.04,1032975.0,133.67,0.29,4,6.0,3,1
645071,0,5,43,5.58,94085.0,112.88,0.7,3,6.0,2,0
667243,12,8,34,-9.5,958565.0,116.55,0.23,4,2.0,4,0
135829,13,6,24,-3.71,1131036.0,130.13,0.2,4,5.0,4,1
308765,12,8,28,-7.22,1072783.0,130.2,0.25,4,5.0,5,1
817815,0,2,20,6.83,110777.0,108.79,0.65,2,7.0,1,0
171816,0,3,33,1.8,80649.0,92.24,0.58,2,3.0,1,1
405912,11,7,29,-16.45,1012770.0,136.96,0.36,4,10.0,3,1
698068,1,4,39,9.44,73965.0,100.87,0.69,2,4.0,1,0
372436,11,6,31,0.25,1055415.0,124.3,0.24,3,2.0,3,1
888306,11,6,23,2.75,906651.0,113.66,0.24,4,0.0,2,1
691239,10,6,26,-10.27,912382.0,116.47,0.27,4,2.0,2,1
509152,12,6,37,-5.31,990673.0,134.0,0.31,4,6.0,3,1
768269,1,4,19,8.09,153010.0,90.76,0.46,3,0.0,1,0
293909,12,8,26,-21.1,1177303.0,133.5,0.15,4,6.0,5,1
747555,14,7,33,2.89,1029216.0,125.13,0.26,4,2.0,4,1
632589,12,6,32,-6.64,964860.0,112.78,0.2,4,1.0,2,1
898629,14,7,24,-0.82,971376.0,123.44,0.19,3,3.0,4,1
19051,1,4,31,6.8,148746.0,102.46,0.58,2,3.0,1,1
118855,2,4,20,5.06,84565.0,114.82,0.59,2,6.0,1,0
673603,11,6,26,6.35,1018825.0,126.18,0.23,4,4.0,2,1
124927,12,7,24,10.19,1000541.0,130.69,0.22,3,5.0,3,1
80413,11,6,24,-5.83,1025902.0,130.91,0.28,3,5.0,2,0
592434,1,3,19,29.58,19537.0,80.68,0.55,2,1.0,1,0
613840,10,6,27,2.51,988408.0,124.45,0.26,3,4.0,2,1
277335,12,6,35,9.17,968180.0,128.51,0.3,3,6.0,2,0
455526,1,4,38,0.25,171205.0,116.47,0.56,2,6.0,2,0
344137,10,7,35,5.22,992413.0,131.6,0.34,4,6.0,3,1
977146,1,3,21,0.64,103732.0,96.13,0.48,2,2.0,1,1
27692,10,6,33,-12.0,920750.0,129.23,0.42,2,5.0,2,1
300576,13,7,24,-15.61,969167.0,129.83,0.25,3,5.0,3,1
31776,12,6,27,13.84,943520.0,129.52,0.27,3,5.0,2,1
579895,12,7,27,-6.67,917252.0,117.92,0.17,4,2.0,3,1
721627,2,2,21,1.19,38778.0,100.75,0.66,3,5.0,1,0
573986,12,6,24,0.87,1034547.0,120.35,0.15,3,2.0,3,1
383200,11,5,27,-15.52,923898.0,128.63,0.32,3,5.0,2,1
67380,12,9,24,6.16,1045545.0,122.33,0.18,5,1.0,5,1
183116,9,6,32,-3.2,936414.0,127.32,0.25,3,5.0,2,1
717522,1,2,59,1.09,36302.0,112.03,0.79,3,8.0,1,1
818130,11,7,31,-20.54,906951.0,128.02,0.32,4,5.0,3,0
667092,4,2,20,5.79,83137.0,104.92,0.62,3,5.0,1,0
786814,12,5,24,-5.09,1022027.0,124.23,0.28,4,4.0,2,0
48666,0,5,38,3.12,139888.0,94.83,0.55,2,3.0,2,0
557130,13,7,31,-3.1,948869.0,122.16,0.28,4,2.0,3,0
102366,12,6,28,-4.03,1032571.0,132.32,0.38,4,6.0,3,1
206068,1,1,44,3.61,128498.0,104.45,0.64,2,4.0,1,0
798798,12,7,35,6.91,1039053.0,126.5,0.22,4,3.0,4,1
789299,14,8,30,-19.97,930020.0,122.66,0.24,4,2.0,4,1
496369,11,6,32,8.97,924004.0,128.8,0.38,3,5.0,2,1
689614,0,2,54,4.13,138237.0,108.43,0.67,2,5.0,1,0
181886,0,4,21,0.3,83244.0,101.3,0.61,3,3.0,1,1
532748,2,4,18,2.08,132080.0,102.96,0.49,3,3.0,2,0
127258,11,8,30,1.1,985988.0,128.59,0.26,3,5.0,4,1
470282,13,6,31,-3.88,1055380.0,123.67,0.23,3,3.0,3,1
430971,13,7,36,-20.36,994462.0,131.51,0.3,3,5.0,4,1
35002,2,4,31,2.49,111442.0,76.11,0.52,2,0.0,2,0
554703,9,6,33,-13.03,1039278.0,128.5,0.27,3,4.0,2,1
413177,0,3,21,1.51,110975.0,91.58,0.55,2,2.0,1,0
715529,12,5,30,-23.1,1026302.0,128.06,0.27,4,4.0,2,1
202769,11,8,28,-28.26,991957.0,123.33,0.23,4,3.0,4,1
909653,12,8,32,-6.7,984985.0,136.0,0.35,3,7.0,4,1
58125,12,5,32,-22.79,984244.0,110.52,0.17,4,0.0,2,1
954482,12,6,27,-5.03,1051267.0,123.46,0.24,4,3.0,3,1
683401,8,5,25,6.28,985922.0,126.46,0.3,3,5.0,2,1
895441,13,6,25,-12.13,1025382.0,130.56,0.29,3,5.0,3,0
108013,0,2,58,7.5,54863.0,118.04,0.75,2,9.0,1,1
121103,13,7,30,-15.73,961335.0,121.81,0.24,4,2.0,3,1
386003,0,3,19,3.11,69053.0,81.63,0.52,2,1.0,1,1
768738,12,6,28,-16.01,1091002.0,132.35,0.25,3,5.0,3,1
78686,0,4,40,6.1,105699.0,95.59,0.53,2,2.0,1,0
581022,1,3,19,1.47,85052.0,101.91,0.52,3,4.0,1,0
660173,13,6,30,-8.9,981515.0,115.15,0.15,4,1.0,3,1
539535,2,2,20,4.98,122467.0,105.91,0.64,2,6.0,1,0
189753,12,6,32,-2.73,976623.0,123.56,0.26,4,3.0,2,0
457260,1,4,40,15.24,72004.0,116.47,0.7,3,7.0,1,0
328529,12,6,27,-16.91,984937.0,123.45,0.28,4,3.0,3,1
452788,2,2,45,4.66,185132.0,110.73,0.66,2,6.0,1,1
630579,0,3,38,2.72,98962.0,101.17,0.67,3,5.0,1,0
870283,14,6,27,2.09,1060654.0,121.15,0.19,4,2.0,3,1
986101,14,9,26,-11.78,994330.0,131.4,0.2,3,4.0,5,1
209194,12,5,29,11.14,942092.0,118.71,0.23,3,2.0,2,0
111978,14,7,32,10.59,969377.0,120.43,0.24,3,2.0,4,1
735814,11,5,25,5.18,1065345.0,126.23,0.17,4,3.0,2,1
271813,2,4,19,27.44,113753.0,107.65,0.59,2,5.0,2,0
235363,1,4,22,13.12,54593.0,95.07,0.55,3,2.0,1,0
33681,0,3,49,8.44,83113.0,95.05,0.58,2,4.0,1,0
454602,0,4,59,4.66,50000.0,94.79,0.65,2,3.0,1,1
202697,13,7,29,-18.79,944175.0,125.24,0.24,3,4.0,3,1
475914,14,5,31,-15.14,972964.0,123.08,0.26,4,3.0,2,0
672171,1,4,41,13.1,62623.0,94.61,0.61,2,3.0,1,1
313920,14,5,29,-6.04,978727.0,133.64,0.3,3,6.0,2,1
613594,12,6,31,-7.86,992387.0,132.46,0.21,3,4.0,3,1
358477,6,2,19,11.76,123364.0,88.74,0.43,3,1.0,1,0
991907,2,3,20,8.79,154947.0,104.77,0.5,3,3.0,1,1
724144,13,7,37,-6.63,965457.0,126.41,0.26,4,5.0,3,1
49848,0,4,19,3.88,99579.0,99.49,0.56,2,3.0,1,0
237424,0,2,37,7.18,87855.0,92.1,0.55,2,2.0,1,0
929241,13,7,31,-4.66,956210.0,129.03,0.36,4,5.0,3,1
66775,11,5,27,-18.71,928905.0,128.71,0.25,4,4.0,2,0
483640,12,6,26,1.49,980026.0,117.36,0.16,4,1.0,3,0
806612,2,3,21,13.29,54279.0,111.39,0.74,3,7.0,1,0
661640,13,7,31,-18.57,1036287.0,125.81,0.21,4,3.0,4,1
673868,0,2,18,1.52,80314.0,106.84,0.65,2,6.0,1,0
278172,12,5,29,3.67,974210.0,134.78,0.34,4,7.0,2,0
888798,14,7,31,-3.77,976625.0,128.84,0.24,4,6.0,4,1
150029,1,2,47,6.21,63674.0,98.34,0.63,3,5.0,1,0
464725,13,6,26,-4.12,1014136.0,131.6,0.31,4,6.0,3,1
873206,13,7,28,2.25,901436.0,122.59,0.34,4,3.0,3,1
791773,13,6,24,-7.39,964755.0,127.74,0.21,4,6.0,3,1
257560,13,6,32,8.31,928216.0,124.4,0.33,3,5.0,3,0
1169,0,3,18,11.69,108741.0,98.88,0.64,2,3.0,1,0
636348,12,7,41,-5.21,1013169.0,135.59,0.33,4,7.0,3,1
620768,10,6,34,-6.21,932897.0,119.17,0.18,3,2.0,2,1
880864,13,8,23,-22.87,981699.0,128.33,0.21,3,5.0,4,1
192998,12,6,28,-9.4,1007945.0,128.0,0.24,4,4.0,3,1
499717,12,6,30,6.4,986534.0,129.86,0.28,3,5.0,3,1
523261,2,5,21,3.19,87437.0,115.83,0.65,3,7.0,2,0
490456,1,3,38,3.45,115224.0,114.4,0.76,3,8.0,1,0
222202,13,5,26,-28.77,980972.0,112.42,0.16,4,0.0,2,1
926538,13,5,34,13.84,1092697.0,129.99,0.25,4,4.0,3,1
413547,12,6,32,-4.56,1030020.0,130.04,0.27,3,4.0,3,1
766528,0,2,22,2.03,55499.0,80.57,0.51,2,0.0,1,0
501686,10,7,24,-4.22,1032612.0,133.9,0.29,3,6.0,3,1
882979,13,6,36,7.83,979799.0,126.51,0.29,4,5.0,3,1
862876,13,7,37,-5.0,972291.0,130.43,0.34,4,6.0,3,1
819265,9,7,32,-13.04,1078240.0,133.6,0.28,4,7.0,3,0
315760,11,8,34,8.29,1054691.0,132.23,0.32,4,6.0,4,1
487705,12,5,28,-14.39,1000425.0,127.6,0.28,3,4.0,2,1
948982,11,7,25,-7.53,961007.0,123.7,0.25,4,3.0,3,0
424334,1,3,40,1.05,179679.0,104.19,0.61,2,3.0,1,0
829833,0,3,20,6.63,164349.0,116.98,0.47,2,6.0,1,0
510091,11,5,27,-17.16,1035869.0,116.65,0.21,4,3.0,2,1
845931,12,6,26,-0.01,979435.0,123.82,0.25,4,3.0,3,1
906028,1,3,19,24.79,78294.0,81.64,0.43,2,0.0,1,0
554690,13,6,25,8.36,971685.0,121.59,0.2,4,1.0,3,1
309878,1,5,38,0.49,99252.0,108.18,0.7,2,6.0,2,0
266555,0,4,21,4.78,184998.0,112.06,0.62,3,5.0,1,1
965444,0,4,51,1.54,126514.0,113.15,0.65,2,7.0,1,0
569268,0,4,38,3.58,132872.0,106.44,0.57,2,4.0,1,1
912493,12,6,29,2.07,1079067.0,127.93,0.27,3,4.0,3,1
202835,4,4,20,0.68,75623.0,108.49,0.65,2,6.0,2,1
265544,0,5,45,9.72,129336.0,113.67,0.66,3,5.0,2,1
478329,13,7,26,9.86,925353.0,126.37,0.25,3,5.0,3,1
745361,11,6,30,-4.56,922592.0,124.01,0.27,3,4.0,2,1
579096,0,5,19,0.55,144319.0,109.75,0.61,3,5.0,2,0
393509,0,5,36,17.36,95539.0,98.15,0.58,2,3.0,2,0
850690,2,4,21,7.4,48950.0,88.19,0.55,2,0.0,1,0
476292,13,6,25,-14.61,955411.0,128.21,0.31,4,4.0,3,1
994698,13,7,37,-3.08,1018074.0,139.4,0.33,4,10.0,4,1
217711,10,6,25,1.97,955135.0,120.63,0.23,4,2.0,2,1
426974,8,6,33,-7.2,1023363.0,134.76,0.29,3,7.0,2,1
597681,12,5,27,-23.52,900635.0,128.31,0.28,3,6.0,2,1
428767,12,6,27,-4.35,982876.0,128.89,0.22,4,6.0,3,1
557502,11,6,31,7.36,1052506.0,123.66,0.23,4,3.0,3,1
945174,1,3,22,16.77,139396.0,98.92,0.52,2,3.0,1,0
792979,13,10,28,-1.84,983317.0,132.06,0.23,4,5.0,5,1
560648,0,3,55,22.17,71075.0,119.1,0.74,1,7.0,1,0
412270,1,2,33,3.03,61930.0,96.26,0.53,3,3.0,1,0
465635,0,2,42,7.15,80987.0,103.15,0.64,3,5.0,1,0
451507,1,4,19,8.04,50000.0,96.39,0.63,2,4.0,1,0
625509,0,4,35,8.4,167101.0,117.13,0.58,1,6.0,1,0
701932,2,4,53,2.95,144344.0,113.16,0.62,2,7.0,2,0
211921,0,3,18,1.92,58335.0,99.41,0.56,2,3.0,1,1
559417,11,6,24,-32.6,1030978.0,123.51,0.26,4,2.0,2,1
467501,1,2,48,0.61,168658.0,94.06,0.52,2,2.0,1,1
295799,0,3,47,3.93,135510.0,105.35,0.64,2,4.0,1,1
691096,12,7,30,-18.63,1010297.0,127.13,0.28,4,4.0,3,1
661287,1,2,46,25.99,176309.0,119.02,0.74,2,9.0,1,0
947184,9,9,27,-14.25,904652.0,109.51,0.19,3,0.0,3,1
358195,13,5,28,-3.81,925764.0,133.25,0.35,4,8.0,2,0
545415,0,4,21,2.41,149323.0,110.53,0.59,2,4.0,1,1
144724,1,5,18,1.53,74304.0,108.97,0.64,2,5.0,2,0
814393,12,5,28,-13.22,1021372.0,125.63,0.23,4,3.0,2,1
876119,13,5,31,-9.82,1025149.0,124.8,0.28,4,3.0,2,1
228100,12,10,28,-24.47,1035735.0,120.58,0.2,4,0.0,5,1
984889,13,8,35,-14.81,959660.0,122.44,0.28,4,3.0,4,1
197826,2,5,58,5.45,152204.0,114.5,0.68,2,6.0,2,1
118038,13,6,26,-4.13,955125.0,116.39,0.23,3,1.0,3,1
126577,11,8,28,-2.29,979953.0,134.04,0.29,3,7.0,4,1
379982,9,8,27,-20.98,1017648.0,137.72,0.31,4,7.0,3,1
22589,12,6,30,10.82,976846.0,122.16,0.24,3,1.0,2,1
301704,10,6,26,0.55,1029902.0,127.05,0.24,4,4.0,2,1
763381,11,7,28,-9.01,986264.0,112.96,0.25,3,0.0,3,1
769576,0,3,37,0.88,125716.0,108.31,0.57,2,4.0,1,1
80710,12,6,24,-4.16,998040.0,127.37,0.3,4,4.0,3,1
511448,0,2,21,15.22,114639.0,104.79,0.52,2,5.0,1,0
659668,0,3,19,9.76,130243.0,110.22,0.66,3,6.0,1,1
334498,2,2,21,5.89,116080.0,107.04,0.53,2,6.0,1,0
581920,2,3,20,22.32,134744.0,110.89,0.62,2,5.0,1,0
52616,1,3,22,6.31,107693.0,94.15,0.56,2,3.0,1,0
305541,1,4,18,11.9,131151.0,93.41,0.6,3,2.0,1,0
73155,0,3,19,1.72,173483.0,90.85,0.47,3,2.0,1,0
440149,12,6,29,9.01,976587.0,127.9,0.27,3,4.0,2,1
484003,14,6,24,-10.65,1068449.0,126.22,0.2,4,4.0,4,1
566652,8,6,24,-4.12,987889.0,127.57,0.23,3,2.0,2,1
877478,10,7,28,-0.95,1041360.0,124.89,0.16,3,2.0,3,1
920082,3,4,19,3.49,177171.0,105.46,0.47,3,4.0,2,0
596484,0,3,20,2.09,50000.0,83.17,0.53,2,1.0,1,0
831317,1,1,33,3.56,88483.0,110.03,0.67,3,7.0,1,0
872705,11,6,23,-0.47,936843.0,125.31,0.24,4,2.0,2,1
974264,12,8,32,5.24,1023586.0,129.0,0.24,3,4.0,4,0
262201,11,6,30,-2.83,1008692.0,134.23,0.3,3,8.0,2,1
276519,1,4,19,4.07,89699.0,90.66,0.63,2,3.0,1,0
637505,0,3,18,12.92,113498.0,113.41,0.57,2,6.0,1,0
562698,1,4,56,6.09,107861.0,109.04,0.75,2,5.0,1,0
127049,1,4,19,8.6,89360.0,97.75,0.54,3,3.0,1,0
264488,0,4,20,4.94,91421.0,82.44,0.41,3,0.0,1,1
460298,0,3,19,1.02,111616.0,94.72,0.66,2,4.0,1,0
588709,13,6,34,-9.62,983502.0,132.78,0.27,4,7.0,3,0
219307,13,5,36,-22.57,999439.0,124.71,0.26,4,4.0,2,1
645832,0,5,18,1.1,25538.0,101.57,0.61,3,4.0,1,0
364840,1,4,19,1.12,53161.0,102.83,0.54,2,4.0,1,0
205860,12,6,24,-8.61,1021134.0,132.23,0.27,4,4.0,3,1
548611,13,7,30,3.55,1094994.0,127.1,0.22,3,4.0,4,1
564986,2,3,22,3.74,146978.0,105.44,0.54,2,4.0,1,0
797261,1,3,46,1.59,125902.0,84.91,0.49,3,0.0,1,0
88191,2,5,22,0.49,103018.0,102.87,0.62,2,5.0,2,0
872860,2,4,19,15.26,168688.0,88.26,0.38,3,1.0,2,0
178972,10,6,27,-2.34,985980.0,127.95,0.23,3,3.0,2,1
774347,2,3,32,10.24,92455.0,88.08,0.59,2,3.0,1,0
555102,12,6,25,-0.55,1032766.0,135.12,0.4,5,8.0,3,1
29559,0,4,21,2.28,50000.0,91.38,0.53,2,1.0,1,0
787563,11,7,32,-0.73,1043058.0,131.29,0.23,4,5.0,3,1
895773,1,4,22,17.01,190634.0,112.27,0.63,2,5.0,2,0
918392,1,3,47,11.35,60006.0,118.43,0.71,2,8.0,1,1
725031,11,5,30,15.27,941205.0,129.88,0.33,3,4.0,2,1
574148,12,7,31,7.01,998528.0,137.59,0.43,3,8.0,3,1
697150,11,6,30,-9.59,1018909.0,130.22,0.21,3,5.0,2,1
260528,13,8,32,29.45,966296.0,138.99,0.43,4,9.0,4,1
514752,10,8,31,-8.6,993004.0,127.72,0.31,4,5.0,3,1
64981,1,4,18,11.62,91750.0,87.0,0.58,2,2.0,1,0
994925,12,6,36,-24.05,989585.0,119.27,0.21,2,2.0,3,0
729821,14,6,31,-8.56,933941.0,114.54,0.18,4,1.0,3,1
608783,12,7,31,-5.85,1066410.0,133.43,0.3,4,6.0,4,1
791204,0,2,43,2.85,78882.0,112.62,0.71,2,8.0,1,0
808572,13,6,24,6.51,1032999.0,129.24,0.22,4,4.0,3,1
286250,13,7,23,-2.07,1045123.0,132.98,0.28,3,6.0,4,1
673164,14,6,28,7.42,1014867.0,127.44,0.37,3,6.0,3,1
162429,13,5,27,-4.27,1035706.0,129.15,0.26,4,6.0,2,1
392453,10,6,29,21.22,965537.0,134.4,0.33,3,8.0,2,1
283990,0,4,19,3.39,12565.0,89.91,0.54,3,2.0,1,1
625313,13,6,26,3.5,956949.0,127.39,0.25,3,4.0,3,1
461753,11,8,35,-8.62,989796.0,123.42,0.15,4,2.0,4,1
440023,11,6,23,-10.72,1038537.0,127.38,0.23,4,5.0,2,1
705618,9,5,29,-7.25,1083259.0,131.19,0.28,4,5.0,2,1
391594,6,6,31,-5.42,1054309.0,130.79,0.27,4,5.0,2,1
665425,2,4,60,1.7,127146.0,123.27,0.72,2,8.0,2,1
311778,13,8,31,3.03,1037241.0,130.56,0.27,4,5.0,5,1
3295,10,8,23,7.17,998952.0,119.29,0.18,3,1.0,3,1
536421,3,3,19,6.45,50000.0,115.74,0.7,2,8.0,1,0
71110,2,4,60,6.45,88593.0,125.77,0.77,2,10.0,1,0
19640,12,7,24,-9.73,1037959.0,115.58,0.17,4,1.0,4,1
520306,0,5,20,2.96,27769.0,85.8,0.37,2,0.0,1,0
487623,11,8,41,-16.63,989818.0,127.83,0.31,3,4.0,4,0
381525,14,10,26,-7.64,967181.0,132.26,0.19,4,6.0,5,1
179401,1,4,48,7.69,112647.0,115.95,0.67,2,7.0,1,0
26467,14,7,27,1.32,992576.0,126.67,0.3,4,4.0,4,1
637228,12,6,25,-7.36,1020236.0,126.31,0.2,4,3.0,3,1
420640,1,5,19,16.06,43646.0,88.99,0.46,2,1.0,2,0
267915,12,6,25,0.27,1082750.0,127.37,0.23,4,3.0,3,1
14733,0,4,22,2.37,50000.0,107.97,0.63,2,6.0,1,0
813072,12,9,32,-5.6,971139.0,124.91,0.24,3,3.0,5,1
755202,13,7,25,-15.57,944409.0,125.49,0.3,4,3.0,3,1
684510,10,9,28,-18.36,905370.0,123.57,0.29,4,3.0,4,1
552105,11,6,32,0.28,1019153.0,134.84,0.34,3,7.0,2,1
717110,1,2,21,4.31,131145.0,113.53,0.56,2,7.0,1,0
616296,0,2,37,15.28,114862.0,99.23,0.66,2,4.0,1,0
203067,9,6,23,7.24,1059770.0,131.09,0.18,4,4.0,2,1
269571,1,1,41,15.32,9507.0,94.99,0.62,2,4.0,1,1
68974,0,3,60,13.24,159077.0,115.24,0.73,3,7.0,1,0
259566,0,3,46,8.15,159532.0,118.8,0.77,2,8.0,1,0
415118,13,6,29,-8.49,980109.0,114.94,0.19,3,1.0,3,1
954527,11,7,32,3.94,1065972.0,133.11,0.25,3,5.0,3,1
197668,12,6,32,-15.33,1012521.0,127.92,0.25,4,4.0,3,0
640291,11,7,23,-13.9,997719.0,128.5,0.22,3,3.0,3,1
870308,0,4,21,2.38,95049.0,97.53,0.53,3,2.0,1,1
582206,7,8,30,-7.17,986791.0,117.08,0.16,3,0.0,2,0
233547,11,8,29,-11.17,972437.0,126.94,0.28,3,4.0,4,1
17429,0,5,44,6.32,84818.0,101.87,0.63,3,4.0,2,0
100073,1,4,42,0.83,202463.0,95.46,0.55,3,2.0,2,0
992025,12,6,28,-20.61,933307.0,119.52,0.3,4,3.0,2,1
986302,0,4,37,1.69,98633.0,100.83,0.59,2,3.0,1,0
410564,1,4,57,0.15,50884.0,116.78,0.78,3,8.0,1,0
726681,12,8,25,-11.44,940686.0,128.92,0.27,3,5.0,4,1
625751,14,6,33,-7.93,935244.0,124.99,0.23,3,3.0,3,1
664610,1,2,59,0.51,114638.0,93.16,0.62,2,3.0,1,0
854503,14,6,27,-10.15,1011192.0,129.93,0.31,4,5.0,3,1
140271,0,4,54,12.75,57415.0,113.21,0.63,2,6.0,1,1
485490,0,4,18,1.47,102529.0,80.61,0.4,3,0.0,1,1
437485,0,4,20,9.61,35805.0,85.07,0.48,2,0.0,1,0
273103,0,4,21,10.56,82946.0,89.31,0.57,2,1.0,1,0
614543,13,7,28,-12.32,927760.0,127.9,0.3,3,5.0,3,0
446040,10,7,24,-11.34,940443.0,120.11,0.26,4,2.0,2,1
846756,10,7,28,-3.36,1022340.0,134.91,0.24,3,6.0,3,0
715869,0,4,33,18.2,83233.0,104.22,0.66,2,4.0,1,0
154094,13,8,30,-3.93,940349.0,123.17,0.27,4,3.0,4,1
751337,2,4,20,1.85,55788.0,92.65,0.54,2,2.0,1,0
579387,1,3,49,5.25,111427.0,119.2,0.76,3,8.0,1,1
23710,1,5,48,4.11,132927.0,116.17,0.76,2,7.0,2,0
34470,12,8,24,0.87,1030604.0,131.2,0.16,4,4.0,4,1
91398,12,7,30,1.9,958576.0,135.08,0.34,4,7.0,3,0
946378,14,9,27,-15.32,1063890.0,122.08,0.2,4,2.0,5,0
383329,11,6,29,1.34,1039289.0,132.49,0.25,3,6.0,2,1
394049,10,6,29,-2.47,1068762.0,132.07,0.34,4,6.0,2,0
56788,13,7,31,11.69,1030760.0,129.25,0.25,3,5.0,4,0
497392,11,6,27,-1.27,1043159.0,131.94,0.26,3,6.0,3,1
714979,12,10,35,-7.91,1032465.0,127.46,0.35,3,4.0,5,1
553670,12,5,24,0.67,959502.0,131.69,0.3,4,7.0,2,1
227988,1,1,42,2.35,77713.0,77.54,0.6,3,0.0,1,0
778958,11,7,27,-10.44,1062141.0,129.4,0.29,4,5.0,3,1
378303,14,8,25,-4.65,1035610.0,121.0,0.25,4,2.0,5,0
391639,11,7,29,-1.11,1016124.0,117.42,0.21,3,0.0,3,1
327873,1,3,18,4.39,38105.0,86.82,0.54,3,1.0,1,0
453065,14,6,24,-3.05,1025312.0,126.89,0.22,3,3.0,3,1
681104,13,5,33,4.41,986023.0,129.12,0.22,4,4.0,2,1
862266,12,7,30,-9.81,963276.0,130.36,0.39,3,5.0,3,1
272652,12,6,28,-8.0,962271.0,118.93,0.3,4,3.0,2,1
788714,12,7,36,-16.32,1048934.0,128.94,0.26,4,4.0,4,1
642482,12,6,28,-20.96,985751.0,124.35,0.3,2,5.0,3,1
268786,12,6,30,3.14,1016781.0,127.02,0.22,4,3.0,3,1
185938,0,4,20,9.15,58590.0,109.21,0.61,3,6.0,1,1
877642,13,6,31,-0.07,964220.0,131.22,0.33,4,5.0,3,1
789782,15,7,25,-0.55,1070357.0,118.86,0.25,4,1.0,5,1
640919,12,5,27,13.61,917177.0,117.79,0.26,3,2.0,2,1
27348,15,7,29,-1.33,1041428.0,131.26,0.33,4,6.0,5,1
152979,2,4,60,2.4,132433.0,117.77,0.75,2,7.0,2,0
449225,1,2,18,25.64,85384.0,91.25,0.53,2,1.0,1,1
315947,3,5,48,7.91,5152.0,116.78,0.72,3,8.0,2,0
693609,13,6,27,-8.57,986596.0,118.3,0.26,4,3.0,3,1
559402,13,7,29,3.83,942758.0,123.53,0.27,4,2.0,3,1
850994,10,6,25,-13.01,888397.0,121.13,0.24,4,4.0,2,0
304343,2,1,33,8.46,27705.0,85.45,0.61,2,1.0,1,0
653610,0,5,20,0.11,58119.0,85.56,0.42,2,0.0,1,0
291435,4,3,35,0.86,50000.0,109.59,0.7,2,6.0,1,1
181790,13,6,24,-2.42,1047822.0,125.89,0.17,4,3.0,3,1
284907,0,2,39,21.46,170141.0,109.95,0.68,3,6.0,1,0
854346,0,3,22,8.61,138797.0,100.48,0.41,2,3.0,1,0
657760,1,4,44,3.19,123308.0,119.16,0.71,2,8.0,1,0
815541,13,5,23,1.02,1017179.0,122.41,0.24,4,2.0,2,1
108102,2,4,21,3.81,100546.0,94.91,0.5,2,2.0,2,0
971086,1,4,21,3.73,144320.0,105.78,0.61,2,4.0,1,0
770436,10,6,33,-17.11,971852.0,117.76,0.26,3,2.0,2,1
17928,0,2,42,2.73,50000.0,108.26,0.75,3,7.0,1,0
921737,0,4,43,0.55,101176.0,114.31,0.61,3,6.0,1,0
948795,0,4,33,25.77,76983.0,99.06,0.57,3,2.0,1,0
256429,0,3,19,3.97,139643.0,104.2,0.54,2,5.0,1,0
923629,12,6,29,-4.27,938910.0,124.78,0.24,3,5.0,2,0
795678,0,3,21,0.43,214217.0,94.39,0.41,3,2.0,1,0
521290,13,6,32,-7.58,1069180.0,130.25,0.28,4,5.0,3,1
873857,0,5,37,4.29,60301.0,104.49,0.67,3,4.0,1,0
341744,0,3,18,0.95,127602.0,104.69,0.65,2,4.0,1,0
305858,0,4,21,1.86,29006.0,94.33,0.51,1,3.0,1,1
719757,13,5,24,6.61,978779.0,125.89,0.28,3,3.0,2,1
559605,11,5,23,-1.39,940476.0,110.79,0.22,4,1.0,2,1
92647,11,6,39,-5.36,1124329.0,137.38,0.29,4,9.0,3,1
605780,13,9,30,7.79,948672.0,119.4,0.28,3,1.0,5,1
228693,2,3,59,6.25,112330.0,107.02,0.66,2,5.0,1,0
281061,11,6,33,-11.87,1011836.0,125.8,0.3,4,4.0,2,1
420267,4,3,21,4.19,155307.0,99.62,0.55,2,3.0,2,0
328127,13,7,32,-12.62,978260.0,120.9,0.22,4,2.0,4,1
592643,13,8,33,-1.28,1074658.0,128.07,0.22,4,4.0,5,1
391484,0,4,20,8.09,139460.0,111.57,0.61,2,6.0,1,0
165083,0,1,39,2.23,115291.0,123.36,0.75,2,9.0,1,0
942358,0,3,22,0.89,29309.0,97.2,0.64,3,3.0,1,0
213233,11,8,30,-7.13,995450.0,132.63,0.27,4,5.0,4,1
573744,13,6,26,3.73,1023806.0,123.17,0.26,4,3.0,3,1
824327,12,6,29,-7.25,985574.0,120.98,0.28,4,3.0,3,1
34804,1,5,47,6.45,87900.0,99.74,0.7,2,4.0,2,1
691020,0,4,45,0.84,50000.0,104.95,0.64,1,5.0,1,1
40945,11,5,30,3.0,959005.0,132.22,0.31,4,6.0,2,1
714095,0,5,19,4.82,27374.0,98.94,0.69,2,4.0,1,0
678813,13,7,33,-20.67,985994.0,119.25,0.22,3,1.0,4,1
498100,12,7,40,-6.44,1102956.0,138.95,0.36,3,9.0,4,1
790885,2,4,22,11.21,161593.0,100.26,0.45,2,3.0,2,0
107271,14,6,27,11.94,973385.0,136.28,0.31,4,8.0,3,1
765399,12,8,25,-1.4,1041310.0,128.87,0.19,4,4.0,4,1
431702,11,7,29,-15.72,1062834.0,127.52,0.24,4,4.0,3,1
881724,0,2,35,0.47,137782.0,118.35,0.68,3,8.0,1,0
876408,0,5,56,2.47,194665.0,115.79,0.65,3,7.0,2,0
59454,14,6,29,6.4,1040614.0,128.18,0.26,4,4.0,3,0
747313,12,6,40,14.49,959418.0,124.2,0.34,4,4.0,2,1
303356,0,4,52,2.06,80221.0,109.04,0.63,2,4.0,1,0
832488,12,7,29,-8.44,1023192.0,129.74,0.24,4,3.0,3,1
717889,11,6,25,-3.13,1075918.0,120.37,0.19,3,1.0,3,1
518897,0,4,46,2.59,145427.0,105.57,0.67,2,4.0,1,0
501349,12,8,24,2.04,976033.0,126.55,0.2,4,3.0,4,1
555892,0,5,20,11.3,174388.0,102.6,0.59,2,2.0,2,1
751777,13,8,26,-4.83,1081484.0,132.79,0.31,3,5.0,5,1
872641,14,6,23,-15.02,917446.0,130.8,0.38,3,7.0,3,0
311826,0,5,51,1.34,136885.0,120.38,0.74,2,7.0,2,0
499847,13,6,23,10.8,974171.0,119.37,0.32,4,3.0,3,1
605444,6,5,20,8.68,223092.0,116.43,0.58,3,5.0,2,1
41169,1,4,32,0.22,139105.0,115.83,0.59,2,7.0,1,0
201584,0,1,40,8.63,113970.0,96.33,0.55,2,3.0,1,1
443448,14,5,34,-6.33,1061763.0,129.85,0.26,3,6.0,3,1
177156,2,5,19,3.9,37337.0,97.42,0.68,2,3.0,2,0
209921,0,3,21,8.03,148468.0,96.61,0.45,3,2.0,1,0
347609,1,3,32,1.6,127743.0,102.08,0.53,2,4.0,1,1
149967,0,3,50,14.51,174524.0,116.3,0.75,2,7.0,1,0
468642,1,3,38,10.65,50739.0,94.42,0.62,3,2.0,1,0
929530,0,3,32,0.83,65103.0,94.46,0.57,2,3.0,1,0
969018,12,8,27,1.96,1040424.0,135.34,0.27,4,7.0,4,1
631810,13,7,25,3.5,1022802.0,126.68,0.19,4,3.0,4,1
681120,12,6,28,-14.93,994236.0,132.11,0.29,4,6.0,3,1
191232,0,5,31,7.26,85356.0,115.05,0.61,3,7.0,2,0
140046,2,2,19,11.95,78506.0,83.86,0.45,3,0.0,1,0
65239,10,8,30,-7.77,1034279.0,134.63,0.26,3,6.0,4,1
58058,0,4,22,3.8,46117.0,104.17,0.63,2,5.0,1,0
209333,0,5,21,1.01,64377.0,102.19,0.63,2,4.0,1,0
489549,3,5,54,0.98,93057.0,107.24,0.6,2,4.0,2,0
879453,0,1,59,9.75,128202.0,111.48,0.72,2,7.0,1,0
930621,1,4,41,15.14,112603.0,83.9,0.5,2,0.0,1,0
240682,11,10,27,-18.83,924315.0,131.02,0.26,4,4.0,5,1
39572,12,7,30,-20.01,1037444.0,127.35,0.22,4,3.0,4,1
377901,0,3,31,6.5,101127.0,101.43,0.54,2,4.0,1,0
843246,0,4,34,1.21,126894.0,82.84,0.5,2,0.0,1,0
952689,0,4,20,3.31,107919.0,111.75,0.58,3,5.0,1,1
462753,11,6,24,-5.26,978739.0,127.42,0.28,2,4.0,2,0
115823,11,6,30,5.58,1016353.0,120.98,0.19,3,2.0,2,1
819113,13,6,28,5.53,1075054.0,130.73,0.25,4,7.0,3,1
602874,0,5,34,6.28,41197.0,99.47,0.64,2,4.0,1,0
835472,1,3,36,9.76,129944.0,87.66,0.62,3,2.0,1,0
121797,13,5,30,14.42,1034880.0,130.26,0.31,4,5.0,2,1
381119,12,6,24,7.62,1080386.0,114.06,0.19,3,0.0,3,1
584682,0,4,19,8.27,84761.0,90.3,0.5,2,2.0,1,0
956669,12,5,29,-9.09,1030542.0,127.62,0.27,3,4.0,2,1
13211,11,9,24,4.99,1031499.0,128.77,0.19,4,2.0,5,1
442652,13,10,23,7.52,1127647.0,137.53,0.28,3,6.0,5,1
999967,15,6,23,-11.88,960732.0,120.95,0.24,3,0.0,3,1
444057,11,7,25,17.85,982671.0,123.41,0.22,4,3.0,3,1
698435,1,4,58,0.61,76458.0,105.55,0.79,1,6.0,1,0
206756,0,5,51,0.53,155318.0,119.17,0.67,2,8.0,2,1
39279,0,5,37,6.31,92657.0,119.54,0.72,2,8.0,2,0
170059,0,5,36,0.74,132679.0,91.85,0.51,2,1.0,2,0
812732,1,0,49,16.75,76747.0,100.92,0.69,2,6.0,1,1
162704,12,8,33,8.59,996478.0,134.74,0.43,4,8.0,4,0
339955,12,6,29,-17.79,1006355.0,118.98,0.16,4,0.0,3,0
39808,4,5,38,0.17,51188.0,105.68,0.69,3,5.0,2,0
21052,0,4,46,4.51,185884.0,118.57,0.66,3,7.0,1,0
553980,12,6,29,-14.06,961726.0,128.74,0.31,4,5.0,2,0
918272,11,8,30,-12.08,1031104.0,120.77,0.24,4,3.0,4,1
416757,0,5,57,5.48,226409.0,100.94,0.61,2,3.0,2,0
228839,0,3,21,6.99,90512.0,92.63,0.52,3,1.0,1,0
289357,12,7,36,-8.51,959447.0,134.46,0.29,4,7.0,3,0
765466,0,4,50,12.65,76664.0,124.24,0.81,2,10.0,1,0
237769,14,6,24,4.88,1066706.0,130.97,0.33,4,5.0,4,1
309200,3,3,21,4.95,50000.0,92.35,0.51,2,2.0,1,1
709034,0,4,48,1.71,132705.0,108.25,0.64,2,6.0,1,0
103946,2,4,22,0.76,86405.0,91.68,0.46,3,1.0,1,1
997770,15,6,24,-17.52,950057.0,130.17,0.29,3,5.0,3,1
613751,3,5,22,2.42,55792.0,91.4,0.53,2,1.0,2,0
329167,12,5,25,-14.1,988522.0,132.34,0.26,4,5.0,2,1
523348,13,7,37,5.55,1011179.0,130.5,0.24,4,4.0,4,1
937402,9,7,29,6.56,970799.0,130.83,0.31,4,5.0,2,1
634123,12,5,24,-12.81,972070.0,129.96,0.36,4,7.0,2,1
286557,0,3,47,6.33,138100.0,109.91,0.69,2,7.0,1,1
69085,12,7,35,-6.95,1041295.0,135.77,0.34,4,6.0,4,1
151937,12,6,26,-7.95,920026.0,121.45,0.23,3,2.0,2,1
712120,13,8,35,-25.77,948037.0,130.88,0.26,4,5.0,4,1
908436,0,4,53,6.47,156787.0,122.84,0.83,2,9.0,1,1
127679,13,6,28,-13.51,990590.0,131.88,0.29,4,5.0,3,1
434533,12,6,34,-4.11,895126.0,125.45,0.28,4,5.0,2,1
346553,1,4,21,4.29,93611.0,80.98,0.46,3,0.0,1,1
504870,12,7,30,3.13,1116263.0,120.29,0.19,4,2.0,4,0
261277,0,3,40,8.61,228704.0,117.46,0.68,3,7.0,1,0
927332,0,4,22,4.43,149242.0,99.0,0.54,2,3.0,1,0
539260,10,6,28,-4.89,1011476.0,119.39,0.21,3,3.0,2,1
510603,0,4,52,6.36,114503.0,98.83,0.62,2,3.0,1,0
755549,11,8,24,-12.94,1007939.0,117.16,0.17,3,0.0,4,0
332118,3,5,22,7.21,12923.0,100.1,0.61,2,3.0,2,0
504636,2,4,20,14.23,77916.0,100.57,0.6,2,3.0,1,1
477420,2,4,54,2.05,142481.0,121.64,0.74,2,8.0,2,0
939758,0,4,39,1.57,129815.0,104.88,0.57,2,4.0,1,0
851868,12,5,28,-25.57,974978.0,134.17,0.23,4,6.0,2,1
138170,13,10,33,2.21,908594.0,128.08,0.31,3,4.0,5,1
40703,0,3,39,8.33,107138.0,97.4,0.58,2,3.0,1,0
864562,0,2,21,11.43,74701.0,110.47,0.6,2,6.0,1,0
64752,12,7,28,-5.1,966662.0,131.01,0.25,4,4.0,3,1
985034,0,4,21,4.43,143700.0,95.71,0.54,3,2.0,1,0
239394,1,3,38,12.62,27273.0,89.44,0.6,2,3.0,1,0
856912,0,5,20,0.98,26808.0,115.26,0.63,2,7.0,1,1
71340,0,4,50,7.46,86957.0,108.65,0.74,2,6.0,1,0
217395,1,4,18,8.44,25143.0,88.93,0.56,2,2.0,1,0
760481,12,6,25,-4.7,988139.0,125.5,0.26,3,2.0,3,1
784348,9,7,36,-9.35,1024254.0,128.42,0.28,4,4.0,3,1
635235,1,2,34,1.88,93894.0,105.6,0.68,2,6.0,1,0
902717,0,4,20,11.45,143752.0,106.2,0.47,2,4.0,1,1
62792,0,2,53,6.69,124996.0,111.49,0.74,2,6.0,1,1
498062,0,4,48,5.84,50000.0,106.76,0.6,2,4.0,1,0
385723,12,6,29,-13.41,1054864.0,126.35,0.27,4,5.0,3,1
746867,13,6,34,-11.09,1002300.0,132.0,0.3,4,5.0,3,1
375882,13,7,26,3.87,899042.0,115.27,0.26,3,1.0,3,1
508348,14,6,24,-6.76,964939.0,122.63,0.28,4,3.0,3,1
96082,13,6,26,-9.54,1095610.0,122.85,0.23,3,1.0,3,1
722012,8,6,23,-16.12,951311.0,124.68,0.18,4,2.0,2,1
893140,0,5,20,9.92,147033.0,91.02,0.49,2,1.0,2,0
386596,0,2,39,1.36,131745.0,100.36,0.54,2,3.0,1,0
404416,10,6,26,6.14,995549.0,112.62,0.2,4,0.0,2,1
295618,0,3,39,7.79,133633.0,112.51,0.64,2,7.0,1,0
338892,2,5,31,1.2,117097.0,108.21,0.49,3,5.0,2,0
333159,1,3,19,13.81,178575.0,88.31,0.42,3,1.0,1,1
30903,1,4,39,3.4,65816.0,91.08,0.58,2,3.0,1,0
190508,11,8,24,-8.89,979290.0,120.19,0.2,3,0.0,4,1
67213,12,6,23,-3.52,1027431.0,127.24,0.26,4,4.0,3,1
101059,12,6,29,-7.62,898869.0,120.78,0.26,3,2.0,2,1
626412,13,9,41,6.04,989101.0,129.41,0.3,4,6.0,5,0
513278,10,6,31,-17.89,1037244.0,113.15,0.2,4,1.0,2,1
231097,11,5,31,6.93,926436.0,131.43,0.33,3,8.0,2,1
238237,13,6,23,-13.57,975686.0,125.14,0.2,3,4.0,3,0
429542,10,7,34,-14.34,1065892.0,124.08,0.15,4,2.0,3,1
358780,14,8,33,-13.32,1064361.0,135.35,0.41,4,8.0,5,0
535234,1,2,20,0.24,138161.0,85.93,0.41,2,1.0,1,0
520402,11,7,23,-8.09,966484.0,122.04,0.26,3,2.0,3,1
216343,0,4,21,12.21,73682.0,96.63,0.58,2,2.0,1,0
601913,13,8,27,-5.54,980918.0,122.81,0.21,3,1.0,4,1
751948,11,7,34,14.29,1017813.0,138.49,0.37,4,9.0,3,1
253630,0,3,41,0.35,91470.0,104.03,0.66,2,6.0,1,0
119264,12,7,25,10.2,917909.0,128.63,0.28,3,5.0,3,1
995845,14,7,37,-9.13,1111162.0,135.37,0.29,4,7.0,5,1
821543,11,6,24,-3.94,913056.0,118.98,0.22,3,1.0,2,1
76967,13,5,35,-11.27,999578.0,125.99,0.22,4,3.0,2,1
757474,3,4,32,4.89,73554.0,112.56,0.68,2,7.0,2,1
995920,3,5,19,4.21,26511.0,84.46,0.47,2,0.0,2,0
27884,13,9,31,-7.84,1041659.0,129.09,0.25,4,4.0,5,1
775730,12,7,27,0.61,981659.0,120.32,0.21,5,0.0,3,1
232430,13,5,29,-1.99,931119.0,122.99,0.34,3,3.0,2,0
94225,2,3,22,2.95,122131.0,94.36,0.49,3,3.0,1,0
663276,1,4,19,2.31,108704.0,95.04,0.58,2,3.0,1,1
270265,12,8,29,-5.41,1006663.0,125.57,0.3,4,4.0,4,1
463668,12,7,28,5.76,997589.0,129.06,0.23,4,4.0,3,1
886379,2,3,50,1.95,92916.0,97.67,0.59,3,3.0,1,0
223345,0,3,20,4.88,108928.0,94.14,0.6,3,2.0,1,0
907148,3,4,50,0.94,168095.0,117.21,0.75,3,6.0,2,0
102826,14,5,24,-9.45,973440.0,119.48,0.22,3,1.0,2,1
261473,11,7,29,-11.09,896058.0,106.46,0.22,3,0.0,3,1
9102,1,2,18,8.09,144460.0,98.03,0.54,3,3.0,1,0
806826,12,7,27,-24.57,996800.0,121.51,0.23,4,3.0,3,1
168113,0,4,22,2.9,21665.0,92.85,0.66,2,3.0,1,0
550038,1,3,18,1.1,99655.0,99.57,0.55,2,3.0,1,0
332202,3,4,18,4.21,9864.0,78.44,0.49,2,0.0,1,1
683913,13,5,23,-7.17,950414.0,119.79,0.2,4,1.0,2,0
829698,1,4,20,2.81,114715.0,101.04,0.53,2,3.0,1,1
547019,13,6,27,-10.13,1032883.0,132.83,0.24,4,5.0,3,1
461891,1,2,56,16.72,100721.0,121.32,0.83,2,11.0,1,0
774206,1,4,19,2.97,109942.0,110.69,0.54,2,5.0,1,1
398802,0,4,31,2.64,99243.0,96.11,0.51,3,3.0,1,0
787835,10,8,30,-22.79,976297.0,128.44,0.28,4,3.0,3,1
57168,6,6,32,-10.05,1050129.0,114.79,0.15,4,0.0,2,1
642272,11,7,37,-13.41,969867.0,127.96,0.33,4,4.0,3,0
375171,0,4,39,2.48,135436.0,106.85,0.63,2,4.0,1,1
699864,1,3,51,1.2,38058.0,112.36,0.73,3,6.0,1,0
804146,0,3,53,8.07,98477.0,108.77,0.73,2,5.0,1,1
801043,1,3,20,6.48,175527.0,109.79,0.63,2,4.0,1,0
259279,13,8,27,9.65,985186.0,131.05,0.24,4,5.0,4,1
297909,0,2,49,11.51,50000.0,102.11,0.76,2,5.0,1,0
602369,2,3,31,0.17,159339.0,94.91,0.54,2,3.0,1,0
548093,1,2,57,5.53,74941.0,113.21,0.7,2,7.0,1,0
596216,2,3,39,8.51,74929.0,95.04,0.65,3,2.0,1,1
558610,10,7,25,-4.56,996001.0,121.29,0.2,3,2.0,3,1
696812,12,6,23,-16.15,985096.0,130.03,0.25,3,5.0,3,1
157059,13,8,29,3.13,956533.0,124.17,0.24,4,3.0,4,1
672553,13,5,29,-7.33,1052208.0,114.72,0.18,4,1.0,2,1
70199,12,7,31,3.44,1029554.0,130.1,0.34,4,6.0,3,1
818682,12,7,33,0.8,1058445.0,131.26,0.28,4,5.0,4,0
486722,14,5,36,-7.69,1018076.0,132.84,0.39,4,8.0,3,0
237112,0,1,18,0.71,110870.0,88.9,0.54,2,2.0,1,0
73981,11,8,26,2.41,981992.0,107.71,0.22,3,0.0,4,1
172526,9,8,28,-5.64,1031817.0,133.11,0.18,4,6.0,3,0
374324,11,6,28,-14.89,1042635.0,128.0,0.25,3,3.0,3,1
756309,2,4,18,20.45,181175.0,113.63,0.61,2,7.0,2,0
993567,1,4,54,24.32,79936.0,117.29,0.76,2,8.0,1,0
813473,0,3,21,0.91,47456.0,87.2,0.47,2,1.0,1,0
981287,14,7,27,-16.57,1039952.0,126.55,0.21,4,3.0,4,1
336515,0,2,31,7.3,91271.0,106.97,0.6,2,6.0,1,0
22556,0,5,37,11.19,96070.0,99.25,0.65,3,5.0,2,0
488874,0,3,44,3.5,178337.0,99.17,0.58,2,3.0,1,0
273377,13,7,31,0.49,1040299.0,126.14,0.22,4,3.0,4,1
36938,13,8,33,-13.94,1093136.0,125.74,0.25,4,2.0,5,0
381595,0,4,22,2.64,95442.0,99.52,0.54,2,3.0,1,1
490957,0,3,54,16.36,135190.0,104.42,0.59,2,5.0,1,1
887510,12,6,26,-14.15,957242.0,120.65,0.29,4,3.0,2,1
324769,11,5,27,8.67,1000551.0,129.52,0.28,3,6.0,2,1
100840,10,5,36,-15.1,979612.0,127.77,0.29,4,4.0,2,1
227559,13,8,30,-2.03,970557.0,122.85,0.29,4,3.0,4,1
148937,0,4,19,8.16,124627.0,110.72,0.56,2,5.0,1,1
383303,13,6,30,7.02,1048278.0,133.69,0.27,4,7.0,3,1
211701,0,3,19,0.42,126220.0,85.72,0.58,2,1.0,1,0
390094,0,5,19,0.81,100341.0,107.11,0.57,2,4.0,2,1
661016,0,3,40,4.93,160280.0,120.28,0.66,3,6.0,1,0
531467,12,7,24,-24.83,992557.0,133.17,0.31,4,6.0,3,1
556548,14,7,24,-1.69,942800.0,131.62,0.27,4,5.0,4,1
289333,1,2,43,38.58,30328.0,92.69,0.65,2,3.0,1,0
600298,2,4,22,1.37,108520.0,98.84,0.5,2,3.0,2,0
194978,13,6,37,13.07,967500.0,126.05,0.32,4,5.0,3,0
641704,12,6,35,-17.0,997227.0,128.22,0.22,3,4.0,3,1
700186,1,5,19,16.48,50000.0,83.17,0.39,2,0.0,2,0
274930,1,2,36,1.43,49695.0,113.85,0.69,3,7.0,1,1
481708,0,5,18,5.13,96784.0,110.35,0.51,2,5.0,2,1
606228,0,5,19,3.18,78122.0,101.51,0.49,2,4.0,2,0
229562,12,8,35,-14.42,993220.0,122.43,0.26,4,3.0,4,0
229091,14,7,29,-0.83,998502.0,130.36,0.25,5,5.0,4,1
138722,0,4,20,13.66,251584.0,90.94,0.54,2,0.0,2,0
16625,2,4,55,1.4,55980.0,124.09,0.81,2,10.0,1,0
161827,1,3,21,2.77,75505.0,100.56,0.6,3,3.0,1,0
563278,0,0,33,5.01,53373.0,96.73,0.57,2,4.0,1,0
941629,0,4,22,7.6,94956.0,95.53,0.5,3,3.0,1,0
722645,2,3,56,1.34,84017.0,128.2,0.74,2,11.0,1,0
452033,1,4,20,3.23,71237.0,102.32,0.62,2,4.0,1,0
758828,0,3,19,2.43,137411.0,104.41,0.56,3,5.0,1,0
33444,1,3,33,5.08,93974.0,95.61,0.53,2,2.0,1,0
508006,12,6,26,9.23,1109245.0,135.02,0.23,4,7.0,3,1
150052,10,11,29,-11.09,1062625.0,132.51,0.27,3,5.0,5,0
357855,14,6,24,2.77,1019261.0,129.74,0.26,4,4.0,3,1
25431,0,4,20,22.23,90614.0,108.01,0.47,3,4.0,1,0
375011,13,6,23,-9.83,1019667.0,122.41,0.22,4,2.0,3,1
41504,14,7,28,-17.66,990860.0,127.2,0.28,3,4.0,4,1
994905,1,4,19,4.41,71477.0,98.65,0.59,2,3.0,1,0
164680,13,7,27,-10.95,1044785.0,123.45,0.24,4,4.0,4,0
536952,13,6,25,-5.67,1079413.0,125.76,0.32,3,3.0,3,0
946514,13,6,31,-10.83,1040397.0,123.64,0.32,4,4.0,3,1
359527,12,5,28,2.38,1051938.0,119.56,0.24,4,2.0,2,1
881707,3,4,42,2.62,17342.0,108.43,0.7,2,7.0,1,0
677951,0,3,20,17.41,161974.0,103.05,0.56,3,3.0,1,0
318703,13,7,31,12.26,1023632.0,128.32,0.22,3,3.0,4,1
183943,3,5,18,9.02,226058.0,99.57,0.42,3,2.0,2,0
844765,13,6,25,12.29,1014825.0,116.91,0.17,4,2.0,3,1
429565,0,3,46,8.56,44164.0,120.81,0.8,1,9.0,1,0
978794,10,6,25,6.74,1005692.0,128.43,0.17,3,4.0,2,1
903660,6,8,30,-33.07,965529.0,130.96,0.29,3,4.0,2,0
314963,0,3,50,9.52,153533.0,119.38,0.69,2,7.0,1,1
520296,1,4,42,1.48,84487.0,110.77,0.7,3,5.0,1,0
549563,1,4,21,1.29,39423.0,92.64,0.53,2,2.0,1,0
509077,0,1,37,3.41,128526.0,114.77,0.69,2,7.0,1,0
816540,0,4,20,9.1,165319.0,92.05,0.45,2,0.0,1,0
561526,0,5,19,5.57,70099.0,105.71,0.43,2,4.0,1,0
248966,12,7,31,-11.79,1071722.0,129.15,0.27,3,5.0,4,1
946563,1,3,34,13.97,123486.0,124.69,0.7,2,9.0,1,0
806249,0,3,54,1.93,116523.0,111.28,0.69,2,6.0,1,0
127020,1,4,37,1.16,44320.0,89.34,0.64,2,1.0,1,0
984587,11,8,27,-5.56,1017865.0,130.43,0.29,4,4.0,4,0
867843,1,3,52,5.69,190607.0,105.93,0.65,2,5.0,1,0
715186,10,7,38,1.74,986890.0,129.6,0.21,4,3.0,3,1
745458,1,3,22,2.63,106615.0,94.1,0.61,2,2.0,1,0
568219,0,3,19,8.28,196246.0,97.3,0.48,3,2.0,1,0
609317,1,4,20,0.93,216253.0,109.17,0.57,2,6.0,2,0
612571,0,2,49,3.3,105250.0,123.84,0.81,2,10.0,1,0
446418,14,6,25,-2.39,914926.0,127.34,0.25,4,4.0,3,1
150850,0,4,19,10.69,125103.0,107.65,0.65,2,6.0,1,0
267471,10,6,24,-10.56,1101154.0,127.76,0.29,3,4.0,2,1
328748,11,6,29,-4.76,970344.0,125.31,0.31,4,3.0,2,1
735394,13,6,30,-3.07,927852.0,126.49,0.24,4,4.0,3,1
840269,0,1,21,1.62,83944.0,102.45,0.59,2,5.0,1,0
230799,12,7,25,-18.86,971153.0,128.31,0.31,4,5.0,3,1
823620,0,3,47,6.63,74731.0,109.44,0.74,2,6.0,1,1
508329,12,7,31,-4.67,923475.0,131.05,0.38,3,6.0,3,1
955276,14,6,26,-3.79,1011965.0,131.73,0.33,4,6.0,3,1
635101,12,6,32,0.88,1056222.0,126.56,0.19,3,4.0,3,1
682977,0,4,59,0.84,27380.0,100.02,0.73,2,4.0,1,0
697348,0,4,22,3.23,127908.0,118.61,0.56,2,7.0,1,0
235134,11,6,28,0.47,1021872.0,129.07,0.23,4,4.0,2,1
540381,1,4,50,0.09,43748.0,107.07,0.71,3,5.0,1,0
531831,12,6,29,-4.78,936837.0,123.26,0.32,4,4.0,2,1
157326,2,2,20,3.74,109168.0,105.67,0.52,2,4.0,1,0
97952,12,5,29,0.55,1094050.0,129.91,0.24,4,5.0,2,1
377773,13,9,24,-9.93,1004005.0,127.89,0.25,3,4.0,5,0
871622,13,8,30,-8.66,1061253.0,126.02,0.23,3,3.0,5,0
396240,0,4,21,17.74,58847.0,84.31,0.55,2,0.0,1,0
370627,9,6,27,4.38,965842.0,121.69,0.23,3,2.0,2,0
743456,12,7,23,-21.08,994241.0,112.34,0.15,4,0.0,3,1
746517,0,4,39,0.14,217973.0,109.76,0.65,2,5.0,1,0
687957,0,3,45,22.73,166367.0,110.31,0.61,3,6.0,1,0
882736,1,1,47,5.62,59949.0,89.32,0.71,2,4.0,1,0
445626,3,0,52,4.55,92734.0,106.3,0.73,2,6.0,1,0
398512,2,3,45,7.86,81581.0,101.35,0.68,3,5.0,1,1
724838,11,7,26,-3.41,996073.0,136.88,0.34,3,8.0,3,0
278212,12,9,31,-11.27,1011185.0,124.34,0.26,3,3.0,5,1
887834,1,4,32,8.8,162031.0,100.67,0.51,3,2.0,2,0
949892,6,7,29,-8.43,1032920.0,131.67,0.24,4,5.0,2,1
933621,12,7,28,4.24,924329.0,122.81,0.25,3,4.0,3,0
222375,0,1,22,1.77,99992.0,94.58,0.5,3,2.0,1,1
540603,10,6,30,-17.26,996268.0,124.78,0.28,3,2.0,2,1
634116,12,5,33,-16.75,1036999.0,117.8,0.23,4,2.0,2,1
175165,12,8,27,16.09,1044826.0,123.31,0.26,4,3.0,4,1
992913,11,7,32,-8.05,1165160.0,135.86,0.31,4,6.0,4,1
206314,13,5,25,-3.49,1026690.0,119.52,0.22,4,2.0,2,0
373441,12,5,37,1.06,941415.0,131.66,0.36,3,6.0,2,1
21418,13,7,23,-0.04,998132.0,132.31,0.31,4,5.0,4,0
379408,12,7,28,2.04,1058515.0,136.8,0.32,4,7.0,4,1
113588,1,1,56,0.74,127583.0,112.59,0.73,3,7.0,1,0
306719,0,3,20,4.03,82987.0,109.17,0.63,2,5.0,1,0
285168,1,4,21,1.35,50000.0,92.22,0.53,2,2.0,1,0
830341,2,2,18,3.07,108874.0,79.97,0.47,3,0.0,1,0
406999,0,4,19,6.73,107708.0,98.48,0.62,2,4.0,1,1
282149,8,6,28,-15.72,1017340.0,121.47,0.2,4,2.0,2,1
820257,0,2,38,1.8,133657.0,110.68,0.76,2,7.0,1,0
350715,0,3,19,15.63,50000.0,98.66,0.53,2,4.0,1,0
659334,1,3,45,5.01,109087.0,120.04,0.77,3,8.0,1,0
773533,0,4,37,3.19,113462.0,98.21,0.58,3,4.0,1,0
288357,12,7,31,7.05,1020123.0,126.7,0.24,4,2.0,3,1
365830,12,6,32,0.04,1034605.0,136.36,0.36,4,7.0,3,1
230444,12,10,27,7.06,1005307.0,128.79,0.31,4,5.0,5,1
643902,0,3,19,1.99,32095.0,112.26,0.67,2,7.0,1,0
226149,3,3,31,5.04,120850.0,113.52,0.72,3,6.0,1,0
228770,11,6,41,-8.7,1069952.0,122.62,0.19,4,1.0,3,1
994439,0,4,38,10.14,119990.0,104.75,0.69,2,5.0,1,0
741160,2,4,20,11.46,50000.0,93.37,0.55,2,2.0,1,1
366039,10,8,35,-11.62,976285.0,127.51,0.28,3,4.0,3,1
361363,12,5,28,-4.47,1016694.0,135.06,0.33,4,8.0,2,1
523070,0,3,19,25.72,98992.0,92.3,0.51,3,1.0,1,1
176034,0,4,54,2.27,70103.0,104.1,0.71,3,5.0,1,1
186918,12,6,29,-15.44,999749.0,127.04,0.25,4,3.0,3,1
660389,1,5,22,2.76,62666.0,89.93,0.58,2,2.0,2,0
740904,1,5,19,5.26,153823.0,90.48,0.56,3,1.0,2,0
9809,12,7,33,-6.39,935636.0,124.37,0.24,4,4.0,3,0
324498,3,4,54,2.73,8370.0,99.48,0.63,2,4.0,1,0
29889,2,5,46,7.18,93339.0,121.94,0.71,2,9.0,2,1
101152,4,2,20,2.78,80113.0,103.5,0.6,1,4.0,1,0
308128,11,7,30,-19.96,980262.0,122.19,0.17,4,1.0,3,1
269593,13,6,27,-5.89,986727.0,119.5,0.15,4,1.0,3,1
538234,4,3,59,2.01,174596.0,110.34,0.6,2,6.0,2,0
878551,0,4,22,4.51,40806.0,101.37,0.66,2,4.0,1,0
857420,1,4,46,2.0,130785.0,111.32,0.65,2,6.0,1,0
651345,13,6,27,-28.08,1002280.0,125.1,0.32,3,4.0,3,1
225734,12,6,35,-16.47,929609.0,133.38,0.25,3,7.0,2,1
355114,0,4,19,0.72,68134.0,98.32,0.54,2,4.0,1,0
426382,0,3,34,2.42,111042.0,98.01,0.61,2,3.0,1,0
18051,1,4,21,1.16,50000.0,98.75,0.55,2,4.0,1,0
502545,0,2,21,1.49,31384.0,99.59,0.61,2,4.0,1,0
801554,0,4,59,3.74,42146.0,111.33,0.77,2,6.0,1,0
154767,11,8,35,-15.07,1005964.0,127.52,0.21,4,5.0,4,0
950870,12,5,23,-3.7,990511.0,122.09,0.25,4,4.0,2,1
456832,0,3,58,9.23,97703.0,115.44,0.79,2,7.0,1,0
954604,13,5,23,0.41,1060945.0,128.9,0.28,4,4.0,2,1
115556,1,4,59,4.03,69783.0,119.27,0.75,2,8.0,1,0
946351,0,5,58,4.49,146019.0,118.48,0.73,2,6.0,2,0
355122,7,7,37,-12.06,1023612.0,129.23,0.28,4,4.0,2,1
167160,1,1,31,4.78,37611.0,93.78,0.59,2,4.0,1,0
90762,1,4,34,3.19,74553.0,99.16,0.55,1,3.0,1,0
48375,9,7,26,-6.58,1076579.0,135.66,0.24,4,7.0,3,1
168024,0,1,52,6.28,115832.0,119.19,0.83,2,9.0,1,0
943076,13,9,24,2.94,969860.0,130.67,0.21,4,4.0,5,0
235624,12,7,24,0.72,920791.0,122.31,0.26,4,2.0,3,1
507148,11,5,38,-10.55,995127.0,125.25,0.27,3,5.0,2,0
447039,12,6,37,23.52,1036980.0,130.36,0.33,4,6.0,3,0
2330,11,5,32,0.48,1076901.0,135.15,0.26,4,7.0,2,1
299092,0,1,22,6.21,43858.0,99.22,0.66,3,4.0,1,1
441188,2,4,21,4.55,158885.0,97.38,0.49,3,2.0,2,0
102779,10,6,31,-1.32,978575.0,120.32,0.31,3,4.0,2,1
578599,11,7,34,4.09,1040732.0,129.07,0.27,4,5.0,3,1
850779,0,3,19,2.58,37634.0,109.55,0.58,2,6.0,1,1
420805,0,5,42,16.23,152415.0,108.84,0.67,2,6.0,2,0
488947,12,6,33,-11.61,962305.0,124.84,0.33,4,4.0,2,1
427507,12,6,30,-1.38,1081186.0,126.5,0.3,4,4.0,3,1
559028,0,3,21,15.35,50162.0,107.93,0.68,2,5.0,1,0
394526,11,8,27,-12.78,930826.0,119.33,0.29,4,1.0,3,1
337185,10,8,34,7.83,963266.0,121.43,0.27,4,2.0,3,1
509306,11,8,41,-5.96,1051243.0,135.35,0.36,3,7.0,4,1
270642,12,5,30,6.36,972342.0,124.33,0.29,3,4.0,2,1
964064,0,3,49,1.55,52238.0,114.54,0.73,3,7.0,1,0
301147,15,8,27,13.89,988953.0,131.54,0.26,4,5.0,5,1
250813,0,4,21,3.95,23470.0,93.89,0.58,2,3.0,1,1
955265,1,3,57,0.48,76274.0,113.87,0.77,2,8.0,1,0
360676,13,7,25,-27.07,968163.0,121.24,0.23,4,3.0,3,1
145260,0,4,34,8.27,80450.0,101.41,0.61,2,3.0,1,0
571314,12,7,26,-10.17,1041489.0,131.86,0.25,4,6.0,4,0
516763,0,1,18,6.52,74403.0,86.16,0.5,2,1.0,1,0
756256,13,8,24,-1.87,980587.0,127.65,0.23,4,4.0,4,1
701664,0,5,18,26.99,52984.0,99.04,0.51,3,2.0,1,1
899972,1,2,18,15.22,23337.0,73.4,0.46,2,0.0,1,0
242777,12,8,25,-3.99,920437.0,125.4,0.29,4,4.0,4,1
578672,9,7,33,-3.3,951028.0,134.07,0.36,3,7.0,2,1
967098,13,8,27,2.62,924314.0,118.8,0.23,4,2.0,4,1
771742,0,3,22,2.36,41614.0,106.06,0.6,2,5.0,1,0
621114,14,6,26,3.07,949753.0,124.44,0.22,3,4.0,3,1
318744,12,6,35,-11.75,971979.0,128.57,0.25,4,5.0,2,1
410767,0,4,21,3.62,98449.0,82.3,0.4,2,0.0,1,0
711686,0,4,34,5.19,154873.0,113.71,0.65,3,6.0,1,0
856771,11,7,30,-5.04,989379.0,127.52,0.21,4,4.0,3,1
138993,12,7,23,-9.37,1006870.0,128.07,0.25,3,5.0,3,1
684599,0,2,43,3.97,109432.0,89.14,0.53,2,2.0,1,0
380530,11,8,29,-10.54,891266.0,126.35,0.32,3,5.0,3,1
969068,13,5,29,-4.35,1052492.0,123.15,0.18,3,2.0,2,0
750698,5,3,19,3.18,89148.0,99.46,0.62,3,4.0,2,0
373263,1,5,33,22.75,130339.0,110.71,0.7,2,7.0,2,0
577693,12,5,26,-28.79,971614.0,131.01,0.31,4,5.0,2,0
592794,12,5,34,-8.4,943428.0,133.71,0.28,3,7.0,2,1
957188,14,8,28,-10.32,1005782.0,119.17,0.18,5,0.0,5,0
661887,11,6,30,-1.06,1040285.0,117.0,0.24,4,0.0,3,0
755891,1,4,49,3.92,120001.0,132.3,0.74,2,12.0,1,1
618188,10,6,36,-2.93,1007438.0,132.78,0.21,4,5.0,2,1
149795,1,4,22,8.3,70355.0,88.81,0.51,2,2.0,1,0
830785,13,7,28,-4.31,903408.0,118.49,0.23,3,2.0,3,0
19069,0,3,49,5.52,48990.0,98.89,0.59,2,2.0,1,1
823289,0,2,19,16.71,43662.0,78.6,0.48,2,0.0,1,0
233869,13,7,28,-13.26,988090.0,128.82,0.26,4,4.0,4,1
494986,13,7,33,-18.07,973536.0,124.73,0.31,4,4.0,3,1
101676,13,6,27,-12.16,982138.0,132.17,0.26,4,5.0,3,1
885581,12,9,30,-1.14,962257.0,120.46,0.21,4,2.0,5,0
170524,2,3,21,2.71,121332.0,98.59,0.63,3,3.0,1,0
974108,0,1,38,8.48,184438.0,89.77,0.47,3,2.0,1,0
255859,0,2,18,1.71,114180.0,104.28,0.64,2,4.0,1,1
748328,12,7,26,-9.4,973693.0,117.72,0.21,4,1.0,3,0
806064,13,6,24,-9.59,1011688.0,119.89,0.17,3,2.0,3,1
320417,0,3,54,1.94,46759.0,93.67,0.7,2,4.0,1,0
996333,12,5,23,-8.49,1041786.0,123.66,0.24,4,3.0,2,0
414396,10,5,30,-35.62,1026720.0,123.51,0.2,3,4.0,2,1
93238,13,5,29,-9.57,998378.0,126.92,0.31,4,4.0,2,1
378889,1,3,20,0.99,132688.0,113.48,0.53,2,5.0,1,0
434346,11,7,33,-1.47,986827.0,122.98,0.21,4,3.0,3,1
643899,1,3,22,3.91,151154.0,97.34,0.47,2,3.0,1,0
52226,11,6,32,-11.58,967135.0,124.34,0.23,3,3.0,2,1
760183,13,5,31,-18.77,927701.0,116.81,0.22,3,1.0,2,1
824576,13,6,30,-30.41,1051517.0,120.55,0.19,4,2.0,3,1
217577,0,5,22,1.53,84182.0,107.98,0.6,2,5.0,2,0
29623,14,7,28,-1.67,1005668.0,123.9,0.25,4,3.0,4,1
716928,13,9,26,-23.77,968885.0,135.87,0.23,3,7.0,5,1
361207,0,4,38,2.06,124681.0,104.55,0.66,2,5.0,1,0
412298,2,3,57,9.85,46734.0,94.81,0.62,2,3.0,1,0
905802,12,5,30,-18.93,1010684.0,117.18,0.22,3,1.0,2,0
622944,0,4,20,2.26,96511.0,101.05,0.59,3,3.0,1,0
152423,14,5,35,-0.28,970770.0,128.81,0.36,3,3.0,2,1
673179,0,4,19,0.77,51916.0,82.59,0.47,2,0.0,1,0
304884,11,7,27,10.0,967063.0,123.7,0.25,4,4.0,3,1
668672,0,3,19,1.16,96720.0,97.92,0.63,3,4.0,1,0
20770,0,4,20,11.32,90455.0,101.96,0.62,3,5.0,1,0
966015,11,5,30,-16.84,1028277.0,123.29,0.28,4,4.0,2,1
300997,0,4,22,0.49,102869.0,102.2,0.57,2,3.0,1,0
706634,11,7,23,-3.23,1038062.0,127.3,0.19,4,3.0,3,1
73717,13,7,29,-25.41,1001299.0,125.85,0.21,4,4.0,4,1
76565,0,3,59,0.48,110501.0,106.23,0.79,2,5.0,1,1
961219,12,5,30,-1.44,978552.0,115.58,0.19,4,1.0,2,1
694874,12,6,33,-4.18,1006195.0,127.56,0.26,4,5.0,3,0
917723,1,3,59,0.36,102065.0,113.32,0.7,2,6.0,1,1
411880,12,6,29,9.93,937427.0,122.55,0.27,4,2.0,2,1
348794,1,5,20,1.43,116611.0,94.12,0.47,2,3.0,2,0
705075,11,6,35,1.39,1000993.0,129.41,0.28,3,5.0,2,1
4847,3,4,21,13.67,64526.0,103.34,0.64,3,4.0,2,0
218902,2,4,22,2.61,115637.0,95.7,0.54,3,2.0,2,1
5362,11,5,30,-10.4,1023991.0,128.12,0.24,4,4.0,2,1
548556,13,7,30,-3.71,964207.0,111.43,0.17,3,0.0,3,1
707300,13,6,29,2.68,982963.0,135.58,0.3,4,7.0,3,0
394741,0,5,22,5.36,98030.0,103.94,0.6,2,4.0,2,0
87849,13,6,28,-22.98,1054475.0,130.71,0.23,4,4.0,3,1
398688,0,1,19,6.43,44059.0,102.11,0.57,2,5.0,1,1
299582,14,7,25,-19.13,965567.0,126.52,0.25,4,3.0,4,0
781603,0,3,39,4.94,106855.0,111.81,0.6,2,7.0,1,0
965969,12,7,23,-2.56,979589.0,132.61,0.24,3,5.0,3,1
152682,0,3,56,2.22,110332.0,118.53,0.81,2,9.0,1,1
419409,1,3,43,1.53,143836.0,100.53,0.65,2,3.0,1,0
342635,1,3,41,1.33,79834.0,102.55,0.59,3,3.0,1,0
280715,13,6,31,-4.0,1029786.0,112.71,0.18,4,0.0,3,1
110202,0,4,19,6.38,185821.0,109.89,0.56,3,6.0,1,0
886072,0,4,19,10.67,109417.0,90.14,0.5,2,1.0,1,0
566345,10,6,26,-6.42,977379.0,125.06,0.32,3,5.0,2,1
760632,2,2,60,4.69,112466.0,109.52,0.7,3,5.0,1,0
854484,12,5,28,-8.56,1013136.0,130.65,0.34,4,5.0,2,1
187677,9,7,26,6.55,988628.0,128.48,0.19,3,4.0,2,1
373438,0,3,21,4.19,77363.0,100.28,0.47,2,2.0,1,1
324488,13,7,24,5.42,1043028.0,119.4,0.16,4,0.0,4,1
625127,0,1,21,8.43,134613.0,108.66,0.68,2,5.0,1,0
952923,14,6,25,0.79,998270.0,129.91,0.29,3,4.0,3,1
951652,0,3,19,3.06,134064.0,101.61,0.59,2,4.0,1,0
404679,0,3,19,0.33,124889.0,109.7,0.61,2,5.0,1,1
232587,14,5,27,12.23,945157.0,127.1,0.27,3,5.0,2,1
755231,13,5,26,12.14,979866.0,132.95,0.28,3,6.0,2,1
90927,12,6,29,-10.64,972830.0,123.69,0.25,3,4.0,2,1
559900,2,3,32,10.0,39084.0,85.24,0.58,3,2.0,1,0
313203,13,6,24,1.56,979114.0,126.55,0.27,4,4.0,3,1
73464,3,5,44,5.63,80360.0,107.76,0.59,3,4.0,2,1
950581,13,6,26,-7.52,1056818.0,127.15,0.2,4,5.0,3,1
260362,9,6,43,13.9,1006268.0,135.73,0.38,3,7.0,2,1
722979,14,6,24,-3.21,1109376.0,131.18,0.3,4,4.0,4,0
452862,11,5,24,16.55,1112466.0,130.85,0.19,4,6.0,2,1
275546,1,5,57,5.93,147335.0,120.29,0.75,2,8.0,2,0
278233,1,4,21,0.34,66621.0,96.4,0.52,2,4.0,1,0
922736,14,7,30,-21.19,1002829.0,112.49,0.18,4,0.0,4,0
468215,7,3,21,6.64,223347.0,110.61,0.5,3,6.0,2,0
499644,1,4,22,6.86,87541.0,96.48,0.48,3,3.0,1,0
592304,12,8,30,7.79,898903.0,139.27,0.34,3,8.0,4,1
78359,12,7,30,-19.24,1009911.0,122.93,0.27,4,3.0,3,1
772589,2,3,54,3.11,114695.0,107.07,0.68,3,6.0,1,0
340866,2,3,19,10.64,99105.0,92.62,0.61,2,2.0,1,0
465455,1,3,37,11.93,2254.0,106.89,0.71,2,6.0,1,0
282369,11,7,25,-0.91,960045.0,120.13,0.15,4,2.0,3,1
346808,12,9,24,-1.02,1002109.0,123.46,0.22,3,2.0,5,1
90079,1,4,20,5.25,78663.0,89.27,0.56,3,2.0,1,1
93477,0,5,21,7.29,63054.0,112.68,0.67,2,6.0,1,0
250907,5,4,47,2.47,60657.0,122.02,0.71,3,8.0,2,0
46935,13,6,29,-4.32,1017953.0,123.4,0.29,4,4.0,3,0
581960,1,2,21,3.98,111046.0,99.63,0.53,2,4.0,1,0
436037,12,7,28,-6.83,1032068.0,128.1,0.23,4,2.0,3,1
255038,12,7,30,-3.4,1124305.0,131.79,0.25,4,5.0,4,0
239286,1,3,51,0.43,58263.0,110.46,0.68,3,7.0,1,0
180321,10,8,27,-5.94,1000137.0,129.82,0.29,3,4.0,3,0
787376,10,7,30,6.55,974605.0,132.0,0.3,3,6.0,3,0
280413,13,7,31,-3.23,1043316.0,132.24,0.22,5,5.0,4,0
190692,0,4,56,12.29,64280.0,115.41,0.76,2,7.0,1,0
624978,1,3,36,5.5,77490.0,79.45,0.5,2,0.0,1,0
778917,13,7,37,-1.55,973429.0,120.6,0.23,3,2.0,3,1
943231,3,3,19,15.69,131930.0,102.74,0.59,3,5.0,1,0
679940,12,5,38,-8.89,1071279.0,136.62,0.32,4,8.0,2,1
970009,13,6,24,9.33,1022160.0,129.94,0.28,4,5.0,3,1
261257,2,5,19,3.08,115508.0,112.99,0.61,2,6.0,2,0
318505,13,7,30,-3.81,978992.0,125.36,0.28,4,2.0,4,1
844417,1,4,50,1.03,39800.0,117.39,0.79,2,8.0,1,0
565506,12,8,30,-7.67,936389.0,128.14,0.25,3,4.0,4,1
89431,12,6,23,1.4,1012430.0,129.53,0.27,3,4.0,3,1
695015,0,4,59,0.77,97506.0,103.72,0.67,3,5.0,1,0
583067,1,4,40,3.57,114617.0,100.39,0.59,3,2.0,1,0
116622,7,9,23,-12.37,993797.0,124.12,0.2,4,2.0,3,1
317265,11,6,24,-2.57,1012829.0,129.95,0.23,4,5.0,2,1
303376,11,5,33,21.56,1040727.0,116.02,0.22,4,1.0,2,1
652222,11,6,31,0.32,1086270.0,134.71,0.34,4,6.0,3,1
32226,0,4,56,0.23,148135.0,127.63,0.84,2,10.0,1,0
183122,3,2,19,10.04,175574.0,105.24,0.58,2,5.0,1,0
722540,0,3,49,0.49,143378.0,120.15,0.79,3,9.0,1,1
228949,1,5,41,2.57,141085.0,93.68,0.43,2,2.0,2,0
628373,0,4,39,1.58,97798.0,106.7,0.57,3,5.0,1,0
273325,1,5,48,5.07,153732.0,108.26,0.73,2,5.0,2,0
676112,0,3,20,5.9,17342.0,77.4,0.47,2,0.0,1,0
215086,0,5,22,10.37,50000.0,103.2,0.64,3,5.0,1,0
595462,10,6,27,0.7,1013073.0,130.15,0.25,3,6.0,2,0
137690,3,4,21,3.04,111549.0,106.57,0.65,3,6.0,2,1
60384,0,5,34,2.09,182707.0,111.98,0.63,3,6.0,2,0
884505,12,6,32,-1.82,960966.0,122.51,0.29,4,3.0,2,0
816659,0,3,33,15.6,68397.0,112.91,0.67,2,6.0,1,0
198984,2,4,35,14.93,91048.0,105.63,0.66,2,5.0,1,1
391114,0,4,40,4.36,147358.0,107.7,0.59,2,6.0,1,0
839846,16,8,28,-14.91,1009571.0,131.79,0.29,4,6.0,5,0
956729,2,5,48,3.77,236656.0,101.46,0.55,2,3.0,2,0
623336,12,8,29,-2.35,1040456.0,129.68,0.34,4,6.0,4,0
623366,3,5,55,3.1,67861.0,107.27,0.68,2,5.0,2,0
741664,11,5,34,-17.32,1015123.0,131.61,0.34,4,6.0,2,1
347051,11,7,28,-0.95,968532.0,126.18,0.24,3,3.0,3,1
986788,12,9,34,-21.22,1079796.0,134.85,0.27,3,5.0,5,0
992965,10,7,36,-1.84,974985.0,121.09,0.2,4,2.0,3,1
326368,1,3,55,8.21,63492.0,108.76,0.61,2,6.0,1,0
745344,2,4,21,2.68,68605.0,83.41,0.49,2,1.0,1,0
658375,11,6,26,-7.59,1030170.0,131.83,0.29,3,4.0,2,1
742925,12,8,28,-32.04,1005746.0,119.86,0.23,4,3.0,4,1
695520,10,5,30,0.91,926001.0,128.96,0.4,3,5.0,2,0
809778,0,5,19,10.41,79034.0,98.8,0.53,3,4.0,2,0
539159,13,6,30,-14.69,1028351.0,130.43,0.26,3,6.0,3,1
2248,13,7,25,-18.95,1005777.0,124.9,0.23,4,3.0,4,1
740736,11,6,30,-26.88,1030227.0,136.1,0.32,4,8.0,2,0
191455,1,4,58,1.34,53797.0,113.25,0.69,3,7.0,1,0
673776,15,6,28,-5.28,934970.0,122.33,0.28,4,3.0,3,0
737940,0,3,19,9.04,152331.0,100.9,0.53,3,4.0,1,1
266852,12,7,25,-5.1,1027385.0,135.64,0.31,4,8.0,3,1
39013,12,7,25,1.5,908788.0,130.3,0.31,3,6.0,3,1
646390,2,1,47,1.68,89035.0,119.59,0.81,2,9.0,1,0
751109,11,7,29,-14.08,1029968.0,120.23,0.27,3,3.0,3,1
927451,0,3,21,0.13,164350.0,91.96,0.57,2,2.0,1,0
5504,1,4,54,0.97,97916.0,113.28,0.69,3,7.0,1,0
741521,0,5,37,9.09,87721.0,98.83,0.68,3,3.0,2,0
546979,13,6,26,-9.38,934450.0,121.18,0.27,4,4.0,3,1
599252,13,5,29,-28.34,1031854.0,120.25,0.28,5,3.0,2,1
786159,2,4,20,0.39,95693.0,108.38,0.62,2,6.0,1,0
907012,0,2,22,10.03,141550.0,88.89,0.47,2,2.0,1,0
58783,0,3,20,1.04,22623.0,90.88,0.57,2,3.0,1,1
949570,11,6,26,7.34,1016206.0,122.71,0.22,4,2.0,2,1
152886,3,4,43,3.17,117540.0,104.64,0.57,2,4.0,2,0
283133,11,7,32,-10.76,918602.0,131.25,0.36,3,7.0,3,1
489664,14,7,28,-6.69,1033893.0,123.77,0.23,3,3.0,4,1
76335,3,4,37,7.3,49910.0,118.47,0.71,2,7.0,2,0
86354,13,8,24,-11.83,1041839.0,126.65,0.23,4,3.0,5,0
163560,1,4,50,8.21,142996.0,122.29,0.77,2,9.0,1,0
947952,12,6,25,1.38,1057313.0,124.83,0.19,3,3.0,3,1
671246,6,6,33,-9.94,1024821.0,131.84,0.25,4,5.0,2,0
936698,2,4,18,3.21,165426.0,103.22,0.59,2,3.0,2,0
285399,2,3,21,0.54,165550.0,88.34,0.49,3,1.0,1,0
280052,11,8,25,4.72,1006094.0,135.12,0.31,4,6.0,4,1
813531,10,8,29,2.96,954151.0,123.76,0.32,3,4.0,3,1
900417,13,6,25,-10.93,1029187.0,129.66,0.22,4,5.0,3,0
393769,13,5,27,-16.19,1054092.0,129.43,0.23,5,4.0,2,1
427474,2,3,41,2.05,112716.0,112.72,0.71,3,6.0,1,0
104096,11,7,24,-22.0,1010273.0,136.22,0.28,4,7.0,3,0
859382,12,8,30,1.48,1129766.0,124.89,0.17,4,1.0,5,1
835637,0,4,21,9.29,125443.0,107.26,0.56,2,5.0,1,0
429219,2,5,18,2.08,134782.0,101.05,0.47,2,3.0,2,0
251308,11,9,28,1.47,1053289.0,127.95,0.22,3,2.0,5,1
31251,13,8,29,-4.66,972864.0,121.61,0.25,4,2.0,4,1
644642,14,7,28,4.03,1060115.0,131.57,0.26,4,4.0,4,1
799923,14,6,34,-3.68,1069099.0,121.64,0.2,4,1.0,4,1
426295,0,3,21,5.08,134625.0,90.2,0.52,2,2.0,1,0
725683,0,4,19,2.39,93858.0,111.55,0.55,2,6.0,1,1
692550,14,6,25,4.18,960498.0,131.18,0.28,3,4.0,3,0
265071,14,5,25,-18.34,1007140.0,118.68,0.2,4,2.0,3,1
23140,0,4,18,0.61,163016.0,97.31,0.49,2,2.0,1,1
615926,1,4,43,2.16,48358.0,106.65,0.69,2,5.0,1,1
604713,0,5,21,6.99,117498.0,100.54,0.64,2,5.0,2,0
807630,1,1,20,2.69,95866.0,84.58,0.44,1,2.0,1,0
478089,11,6,32,-9.12,953000.0,125.02,0.26,4,3.0,2,1
276875,0,5,42,4.75,142478.0,109.76,0.67,2,5.0,2,0
438388,14,5,23,-7.65,1033434.0,120.11,0.23,4,2.0,3,1
405793,0,3,21,1.52,135349.0,94.22,0.49,2,3.0,1,1
69075,11,7,27,11.75,968737.0,129.79,0.35,4,5.0,3,1
809547,15,8,43,10.84,954217.0,134.02,0.39,4,7.0,5,0
162954,13,7,23,-4.27,1026609.0,131.65,0.19,4,5.0,4,1
846196,10,6,27,11.75,1003783.0,125.73,0.2,4,3.0,2,1
192530,2,3,18,12.49,156405.0,116.98,0.58,2,8.0,1,0
384236,0,3,47,3.02,82583.0,115.52,0.71,2,8.0,1,0
125340,12,9,30,-24.92,1051177.0,125.62,0.17,4,3.0,5,1
11630,0,3,20,1.85,50028.0,117.27,0.67,1,8.0,1,1
185488,12,8,23,1.95,977010.0,124.78,0.25,4,4.0,4,1
10647,0,3,46,4.51,158298.0,118.73,0.72,3,9.0,1,1
795305,1,5,59,13.4,162612.0,114.73,0.7,3,7.0,2,0
433934,13,5,28,-7.17,958303.0,132.23,0.28,4,7.0,2,0
984728,0,3,20,3.3,201390.0,98.71,0.57,2,3.0,1,1
325144,0,2,18,8.72,17151.0,94.89,0.64,3,2.0,1,1
167369,1,4,19,21.41,87552.0,105.31,0.66,1,4.0,1,0
108368,13,6,25,13.52,987313.0,125.26,0.26,4,4.0,3,1
530259,1,4,45,7.12,123860.0,108.69,0.66,3,5.0,1,0
516122,0,3,43,1.88,108057.0,101.45,0.6,2,3.0,1,0
299297,0,4,42,5.96,109097.0,105.06,0.64,3,4.0,1,0
877316,0,5,20,3.8,155198.0,92.71,0.54,3,1.0,2,0
653052,0,3,21,7.68,123119.0,86.72,0.52,2,1.0,1,0
182573,3,3,18,4.08,33093.0,86.95,0.54,2,2.0,1,0
525549,1,4,21,4.95,59357.0,105.94,0.46,3,4.0,1,0
943790,0,4,39,11.69,77877.0,97.58,0.57,3,4.0,1,0
514605,0,4,20,3.32,202032.0,103.48,0.55,2,4.0,1,0
769108,13,6,27,-1.0,1066034.0,133.15,0.28,4,7.0,3,1
598774,2,4,48,14.2,75942.0,116.01,0.7,2,8.0,1,0
424963,11,7,36,19.2,1021684.0,130.68,0.33,4,5.0,3,1
638130,0,2,46,2.0,79052.0,111.7,0.71,2,7.0,1,0
303137,9,5,33,-0.32,937481.0,132.25,0.27,4,5.0,2,1
843588,4,4,18,3.91,155495.0,104.76,0.58,2,5.0,2,0
566001,13,6,33,0.76,965170.0,122.26,0.27,3,2.0,3,1
669603,13,5,31,-5.55,1069288.0,130.17,0.22,3,6.0,3,0
217957,0,4,34,0.59,152936.0,103.44,0.66,2,4.0,1,0
176676,12,6,25,-2.93,1100700.0,136.35,0.24,4,7.0,3,0
248630,15,7,31,-1.92,1092648.0,125.96,0.24,3,3.0,5,1
185607,13,6,26,8.67,1102780.0,128.29,0.22,4,5.0,3,1
218856,9,8,35,-2.87,1038822.0,133.36,0.29,3,6.0,3,1
575376,13,6,30,-1.95,900984.0,125.38,0.29,4,5.0,2,1
129340,1,3,38,1.37,97931.0,93.26,0.61,2,2.0,1,0
322322,1,3,20,7.68,126886.0,92.19,0.53,2,2.0,1,0
709231,1,2,35,6.01,173853.0,103.18,0.57,2,4.0,1,0
173444,0,3,20,0.11,215184.0,99.79,0.5,3,2.0,1,0
470073,0,5,19,8.14,69988.0,88.69,0.41,2,2.0,1,0
653786,10,7,28,3.65,971256.0,131.55,0.28,3,5.0,3,1
817289,14,7,30,1.87,1104830.0,133.16,0.26,4,5.0,5,1
73695,12,5,27,-14.88,1024324.0,118.38,0.18,4,2.0,2,1
970491,13,5,23,-22.7,934181.0,129.38,0.28,3,4.0,2,1
514742,2,4,20,1.87,83112.0,96.86,0.53,2,2.0,1,0
138670,13,7,23,6.81,1042381.0,133.44,0.31,3,7.0,4,1
680613,13,7,27,4.03,1086774.0,118.22,0.22,4,0.0,4,1
243717,13,5,23,-22.92,938243.0,131.11,0.29,3,5.0,2,1
440316,1,1,42,7.37,114166.0,105.62,0.62,2,5.0,1,1
826877,11,6,27,-4.89,1055532.0,123.68,0.2,4,3.0,3,0
86072,0,3,19,7.55,167848.0,95.97,0.55,1,2.0,1,1
147462,0,2,51,2.35,119070.0,103.85,0.68,3,5.0,1,0
502404,0,3,22,2.4,173079.0,102.39,0.58,2,4.0,1,0
527092,12,7,25,-1.88,996684.0,118.62,0.14,3,0.0,3,1
884838,13,5,29,-4.53,1001623.0,125.23,0.32,3,4.0,2,1
458968,9,9,33,1.03,1018679.0,134.8,0.25,3,7.0,4,1
378103,15,7,36,6.99,956436.0,124.5,0.24,4,3.0,4,1
629089,0,3,19,2.04,75250.0,92.14,0.58,3,2.0,1,0
184024,1,4,21,4.33,105330.0,99.01,0.5,2,3.0,1,0
828367,1,1,19,4.9,92753.0,105.36,0.63,2,5.0,1,0
730226,1,3,20,1.12,159293.0,102.56,0.5,3,4.0,1,1
139816,14,6,29,-12.65,1008378.0,130.18,0.28,3,5.0,3,0
252537,2,4,22,9.47,138970.0,104.11,0.59,3,3.0,2,1
453465,0,4,19,6.47,51478.0,88.92,0.56,2,2.0,1,0
102754,10,7,27,-6.02,1050153.0,117.16,0.2,3,1.0,3,1
420378,14,7,27,20.84,980516.0,133.87,0.36,4,7.0,4,1
394734,1,4,19,16.9,39788.0,86.33,0.67,2,2.0,1,0
990732,1,2,20,3.15,163019.0,101.37,0.54,3,4.0,1,0
534574,0,4,20,2.81,61562.0,87.18,0.47,2,1.0,1,1
212591,10,8,25,-0.32,1051661.0,125.33,0.24,3,4.0,4,1
884830,13,6,23,2.01,1062548.0,134.66,0.3,4,7.0,3,1
468817,15,7,27,-14.68,966797.0,117.95,0.22,4,1.0,4,1
870609,13,6,29,1.18,1004029.0,128.92,0.25,4,3.0,3,1
786839,0,2,52,7.23,163225.0,92.91,0.62,2,2.0,1,0
499407,1,4,20,4.1,158458.0,117.79,0.59,3,7.0,1,1
486535,11,8,26,-3.47,982026.0,130.22,0.29,3,5.0,4,1
785325,1,4,51,3.5,88644.0,113.02,0.62,2,6.0,1,0
417880,12,7,26,-7.83,953194.0,133.59,0.4,3,8.0,3,1
581676,12,6,31,-15.06,977772.0,122.35,0.29,4,4.0,2,0
981952,12,6,31,8.71,1058969.0,126.41,0.29,3,4.0,3,1
518348,2,3,38,4.15,176804.0,115.01,0.6,2,6.0,1,1
104955,12,7,28,0.09,961040.0,125.63,0.22,3,5.0,3,0
806996,0,4,38,2.51,117945.0,100.6,0.61,2,3.0,1,0
622718,0,1,50,11.8,159256.0,118.89,0.63,2,7.0,1,1
623658,0,3,37,1.86,174357.0,108.33,0.6,2,5.0,1,0
67046,1,3,21,2.93,72507.0,96.61,0.62,2,2.0,1,0
792325,11,7,31,16.2,981949.0,135.66,0.38,3,8.0,3,0
446078,12,5,32,0.78,1001545.0,120.76,0.26,4,1.0,2,1
657659,13,5,27,-15.69,1024059.0,121.58,0.2,5,2.0,2,0
438,13,6,27,-20.44,1012141.0,117.68,0.21,3,1.0,3,1
721729,1,1,21,8.2,187916.0,109.29,0.61,3,6.0,1,0
520547,11,6,32,-1.64,999436.0,125.92,0.3,4,2.0,2,1
123616,5,4,21,0.57,119992.0,99.2,0.58,2,3.0,2,0
715163,13,5,27,3.21,931260.0,125.7,0.25,3,3.0,2,1
347453,0,2,20,2.25,171918.0,96.99,0.53,2,2.0,1,0
19889,11,7,32,-12.46,1032034.0,127.41,0.26,3,3.0,3,0
18610,0,2,19,14.82,135667.0,114.12,0.53,2,7.0,1,0
893417,12,5,34,-12.85,1070042.0,122.52,0.27,5,3.0,2,1
837960,4,2,43,0.04,146648.0,120.58,0.67,2,8.0,1,1
302749,2,2,38,1.04,153813.0,96.03,0.58,2,2.0,1,0
370889,1,3,18,4.54,123148.0,89.84,0.57,3,2.0,1,0
366454,1,3,21,2.02,160145.0,107.22,0.59,2,5.0,1,0
954922,0,4,47,10.78,62186.0,104.47,0.68,2,4.0,1,0
548741,2,3,42,6.76,87988.0,114.8,0.64,2,7.0,1,1
609894,1,3,19,6.33,50000.0,102.47,0.64,2,5.0,1,1
170856,11,6,25,3.64,969380.0,126.41,0.23,4,4.0,2,1
742809,0,5,51,13.37,198634.0,115.95,0.75,2,7.0,2,0
667602,1,2,43,1.92,127458.0,103.87,0.66,2,5.0,1,1
751213,1,4,20,18.19,87573.0,114.17,0.62,2,7.0,1,1
572970,11,6,23,-20.26,975022.0,126.6,0.25,3,4.0,2,0
123366,0,3,21,3.26,50000.0,84.36,0.53,2,2.0,1,1
52051,2,4,38,10.39,24517.0,111.2,0.73,3,5.0,1,0
121998,14,6,27,-15.02,946694.0,127.77,0.27,4,4.0,3,0
209110,1,4,19,12.39,123091.0,100.14,0.52,3,3.0,1,0
427619,0,4,21,1.76,129101.0,89.28,0.45,3,1.0,1,0
338511,10,10,31,-9.37,1036444.0,134.26,0.31,3,7.0,5,1
37383,12,7,33,-10.09,994877.0,127.37,0.25,4,3.0,3,1
544093,0,5,34,0.99,84662.0,96.29,0.54,3,4.0,2,0
78614,0,3,20,2.5,148437.0,93.9,0.53,3,2.0,1,0
784995,11,9,26,-18.86,1044457.0,123.48,0.25,4,3.0,5,1
543872,2,2,21,3.09,132305.0,97.44,0.51,2,3.0,1,0
939061,1,3,19,5.59,109620.0,94.7,0.49,2,2.0,1,0
23940,1,4,55,2.19,196098.0,122.1,0.69,3,8.0,2,1
165583,11,6,26,16.03,1020088.0,137.73,0.33,3,9.0,2,1
902906,14,7,31,-7.56,1010210.0,130.26,0.25,3,5.0,4,1
971907,1,4,20,5.07,112788.0,108.07,0.53,2,4.0,1,1
484628,8,7,23,-0.34,1002515.0,116.11,0.18,4,1.0,2,1
232824,12,8,24,-14.18,1095837.0,130.9,0.2,4,4.0,5,1
908928,2,1,40,13.07,50000.0,109.71,0.69,3,6.0,1,1
923220,12,7,29,14.24,905800.0,128.94,0.3,3,5.0,3,1
200178,0,3,35,4.09,99550.0,77.96,0.56,3,1.0,1,0
623856,14,8,34,-18.66,868242.0,122.61,0.29,4,2.0,4,1
456019,0,4,59,2.28,100063.0,112.03,0.74,2,5.0,1,0
756900,0,3,20,16.85,156009.0,114.08,0.6,3,7.0,1,0
853256,0,3,41,1.56,160180.0,114.88,0.66,3,8.0,1,0
603002,12,7,25,-8.15,1048586.0,125.68,0.21,4,2.0,4,0
14563,3,5,51,6.98,54863.0,122.28,0.79,2,9.0,2,0
657256,1,4,21,1.87,104419.0,85.87,0.54,2,2.0,1,1
123992,1,5,21,3.76,97370.0,80.87,0.42,3,0.0,2,0
446710,11,6,23,-0.54,999370.0,134.08,0.25,3,6.0,2,1
229258,11,6,27,14.8,1007176.0,133.58,0.33,4,6.0,2,1
382088,0,4,60,2.42,160393.0,123.01,0.78,2,9.0,1,1
526873,0,3,20,0.13,86507.0,100.33,0.52,3,4.0,1,0
592134,11,7,26,-22.18,1015691.0,115.56,0.23,4,0.0,3,1
827334,12,5,32,-21.89,1012687.0,125.34,0.24,4,4.0,2,1
819753,12,6,29,-3.63,968258.0,127.59,0.32,4,5.0,2,1
662929,13,8,32,5.11,982133.0,122.38,0.25,3,2.0,4,1
32866,8,10,26,-7.04,941631.0,124.47,0.2,4,2.0,4,0
971022,10,5,28,4.65,950858.0,131.66,0.26,3,8.0,2,1
322366,1,3,56,4.89,173947.0,124.97,0.76,3,9.0,1,0
838835,13,6,32,1.34,1017922.0,133.29,0.24,4,6.0,3,1
507170,12,6,34,-19.85,984128.0,131.94,0.34,3,6.0,3,1
162105,3,4,41,6.07,81385.0,95.7,0.54,2,2.0,2,1
196448,0,4,18,1.18,62978.0,97.4,0.52,3,3.0,1,0
627598,0,5,19,14.49,142827.0,112.77,0.54,2,6.0,2,1
864489,0,4,50,1.5,78061.0,121.78,0.74,2,10.0,1,0
896544,0,3,32,1.96,195725.0,99.26,0.54,2,3.0,1,1
447250,12,6,32,1.53,957895.0,123.83,0.27,3,5.0,2,1
444823,5,8,37,5.75,1091070.0,124.24,0.15,3,1.0,2,1
920275,1,4,19,0.91,140333.0,104.44,0.48,3,4.0,1,0
681189,14,7,27,-1.37,952048.0,129.24,0.28,3,5.0,4,1
264829,10,8,35,-14.66,921994.0,131.07,0.36,3,6.0,3,1
977788,11,6,29,-10.49,959939.0,128.21,0.29,4,4.0,2,1
681723,1,4,21,12.46,104364.0,95.47,0.49,3,3.0,1,1
418564,11,7,38,-17.34,997017.0,138.43,0.36,3,9.0,3,1
10404,0,4,32,3.98,128701.0,87.84,0.44,3,1.0,1,0
692380,1,4,35,2.76,117668.0,102.22,0.68,3,5.0,1,0
3417,1,3,40,6.01,67891.0,117.75,0.7,2,8.0,1,0
822098,13,8,24,-12.49,897617.0,126.88,0.3,3,5.0,4,1
25173,3,4,18,7.11,117796.0,102.13,0.57,3,4.0,2,1
362963,0,3,33,18.82,27311.0,88.92,0.53,2,2.0,1,0
342359,0,1,47,1.97,102447.0,120.8,0.75,2,10.0,1,1
996748,11,5,24,1.42,983299.0,122.87,0.24,3,3.0,2,1
710742,2,4,51,5.54,209583.0,125.02,0.75,3,8.0,2,0
900033,12,7,24,4.68,934988.0,132.76,0.27,4,6.0,3,1
101315,0,5,54,0.95,81376.0,112.46,0.76,2,7.0,2,0
518046,11,5,32,-7.01,1075409.0,127.81,0.3,3,5.0,2,1
706662,12,8,29,3.91,1028926.0,130.95,0.23,4,5.0,4,0
264117,0,1,19,3.61,128670.0,102.17,0.61,2,5.0,1,0
737799,0,4,58,3.59,71054.0,112.65,0.76,2,7.0,1,0
364182,0,3,60,0.58,109502.0,119.48,0.8,3,8.0,1,0
591749,11,8,24,-13.64,1018657.0,120.88,0.18,3,2.0,4,0
939363,9,9,23,2.27,1014356.0,124.0,0.22,3,3.0,4,1
841427,12,5,29,-22.15,1066480.0,132.1,0.34,3,8.0,2,1
592979,15,7,29,-18.78,968887.0,126.23,0.32,4,5.0,4,0
446862,11,6,29,-2.5,998256.0,122.62,0.24,3,3.0,2,1
4729,12,6,26,5.03,1027269.0,124.67,0.23,3,3.0,3,1
546266,11,7,26,-2.24,994451.0,136.22,0.38,4,8.0,3,1
421423,0,4,19,0.28,118424.0,110.36,0.64,3,4.0,1,1
191942,0,5,40,10.4,172943.0,101.86,0.69,2,2.0,2,1
289779,14,7,31,23.12,932803.0,112.76,0.17,4,0.0,4,1
383430,1,5,46,0.32,46730.0,116.62,0.66,2,7.0,2,1
336917,14,5,25,-8.97,1041450.0,114.4,0.19,3,0.0,3,1
505695,0,4,19,5.14,72161.0,89.22,0.48,2,0.0,1,0
234751,13,6,27,5.54,1013383.0,116.4,0.18,3,1.0,3,1
206692,12,6,25,2.76,1001121.0,125.63,0.26,4,4.0,3,0
393200,0,4,20,0.13,148604.0,84.7,0.46,2,0.0,1,1
345747,0,5,19,11.22,75592.0,109.24,0.6,3,4.0,2,0
420662,12,7,25,-5.62,1055189.0,132.57,0.22,3,6.0,4,1
86540,0,4,49,7.03,89564.0,108.18,0.68,3,5.0,1,0
278057,11,6,34,-12.42,968838.0,120.23,0.22,3,2.0,2,0
298539,8,9,28,-27.35,1015895.0,136.57,0.27,3,8.0,4,1
6402,0,4,57,2.71,70242.0,120.97,0.7,2,8.0,1,0
777692,1,3,21,4.12,118672.0,96.83,0.57,2,4.0,1,0
595667,13,7,31,-9.32,972034.0,123.51,0.17,4,2.0,3,1
945682,1,4,36,1.05,132059.0,108.71,0.6,2,4.0,1,1
561430,12,6,27,-0.18,966984.0,128.28,0.32,3,4.0,2,1
250782,13,6,34,-5.83,905009.0,130.23,0.35,4,6.0,2,0
817761,14,7,23,-0.93,1075559.0,131.44,0.29,4,4.0,4,1
412916,13,6,27,-5.19,1033781.0,126.48,0.23,4,4.0,3,1
731152,13,7,25,1.21,1005663.0,124.86,0.17,3,2.0,4,1
5485,10,5,30,6.58,969861.0,128.92,0.29,3,5.0,2,1
531726,2,4,47,1.76,128961.0,105.49,0.68,2,6.0,2,1
537844,1,3,45,0.11,133079.0,113.45,0.67,2,6.0,1,0
113086,12,10,27,11.11,941954.0,129.65,0.18,3,4.0,5,1
510707,0,4,50,5.63,101644.0,102.63,0.71,2,5.0,1,0
632260,1,3,52,4.08,91769.0,108.0,0.62,3,5.0,1,1
80956,12,5,26,9.21,1065798.0,122.16,0.18,3,3.0,2,1
908417,13,7,26,-14.32,1042527.0,115.73,0.18,4,2.0,4,1
307063,13,7,36,-10.07,944517.0,133.16,0.33,3,7.0,3,1
533097,13,6,25,-1.26,994200.0,124.47,0.24,4,3.0,3,1
245835,0,2,45,0.92,116170.0,113.73,0.7,2,7.0,1,0
121997,1,3,22,17.27,48472.0,76.68,0.5,2,0.0,1,0
38453,1,3,46,2.05,94318.0,102.09,0.58,2,3.0,1,0
397777,13,6,30,10.61,1030429.0,128.97,0.29,4,5.0,3,1
107938,10,6,34,5.06,985188.0,130.64,0.38,3,6.0,2,1
618274,12,6,26,-4.71,1051701.0,128.7,0.26,3,4.0,3,0
447688,0,2,19,1.55,127507.0,90.95,0.45,2,2.0,1,0
960960,12,5,30,6.04,1065999.0,121.7,0.16,4,3.0,2,1
936378,11,6,32,5.89,963611.0,129.25,0.36,3,4.0,2,1
869338,12,7,40,-4.86,1101066.0,135.0,0.27,4,6.0,4,1
863077,12,7,29,-22.71,1027794.0,134.31,0.3,4,8.0,3,1
531732,12,6,27,-22.89,965809.0,119.23,0.26,4,2.0,2,1
446759,10,7,25,-0.93,1033583.0,127.02,0.29,3,4.0,3,1
20912,0,4,56,23.75,104844.0,117.34,0.75,3,8.0,1,0
495900,10,6,39,-8.54,998662.0,130.41,0.4,4,6.0,2,1
625835,0,3,49,10.78,76989.0,116.29,0.74,2,7.0,1,1
31934,11,6,30,-15.0,1030843.0,122.02,0.18,4,2.0,2,0
701524,2,2,50,0.43,55627.0,99.67,0.67,2,4.0,1,0
145299,11,6,27,2.54,1041392.0,124.75,0.26,3,4.0,3,1
609337,12,7,25,-12.23,1012576.0,122.48,0.16,3,3.0,3,0
17458,11,7,24,2.25,1009607.0,118.37,0.19,4,2.0,3,1
779848,14,7,25,-11.21,960588.0,123.75,0.23,4,3.0,4,1
178711,0,4,57,9.33,106702.0,123.23,0.74,2,10.0,1,0
489115,10,6,28,4.69,996223.0,130.84,0.26,3,6.0,2,0
87256,1,2,19,3.84,113593.0,93.56,0.49,2,2.0,1,0
512574,11,7,29,-8.04,1048055.0,124.17,0.18,4,3.0,3,1
24660,0,4,47,11.53,146945.0,95.66,0.57,2,3.0,1,0
813729,12,6,23,-1.41,947064.0,130.97,0.33,4,5.0,2,1
943668,1,3,40,14.35,76261.0,106.86,0.66,2,5.0,1,1
376714,12,10,27,14.85,927441.0,121.7,0.26,4,2.0,5,1
788300,0,4,21,7.05,199547.0,92.26,0.51,3,2.0,1,0
507004,2,5,21,8.63,139882.0,93.14,0.51,2,2.0,2,0
280007,0,4,43,2.61,50000.0,94.45,0.64,2,2.0,1,1
212792,13,6,23,16.59,950432.0,126.7,0.25,4,5.0,3,1
288926,11,7,33,-19.21,1049858.0,129.57,0.24,3,5.0,3,1
405962,12,6,27,14.43,946003.0,123.35,0.18,3,2.0,2,1
706780,0,5,22,16.9,27175.0,98.92,0.64,2,4.0,1,1
466733,12,7,33,-1.19,1014690.0,125.43,0.27,3,3.0,3,1
166020,2,4,19,1.17,90467.0,83.99,0.45,2,1.0,1,0
587987,11,5,27,1.63,1016487.0,122.5,0.28,4,4.0,2,1
510586,11,6,24,1.45,1060341.0,123.54,0.23,3,2.0,3,0
139180,8,8,33,-15.7,1068449.0,127.24,0.25,4,3.0,3,1
254864,1,4,55,10.24,168521.0,115.18,0.62,3,7.0,2,1
842465,9,7,25,-19.01,1036771.0,129.46,0.24,4,4.0,3,1
19853,0,3,21,0.89,34007.0,103.96,0.49,2,4.0,1,0
695401,13,7,27,-0.77,988053.0,109.83,0.21,4,0.0,4,0
116076,3,5,21,3.47,156000.0,103.92,0.57,2,3.0,2,0
83994,12,6,30,11.21,1037549.0,119.72,0.16,3,2.0,3,1
402767,1,3,60,0.74,60608.0,115.2,0.74,2,9.0,1,0
711024,11,9,30,-0.02,1018046.0,130.54,0.29,4,5.0,5,1
575115,0,4,19,2.53,125797.0,100.08,0.53,2,4.0,1,0
163488,2,2,20,0.46,63942.0,96.18,0.56,3,4.0,1,0
740415,13,6,26,-10.0,975630.0,120.15,0.26,4,2.0,3,1
809608,12,7,26,-0.32,1035576.0,129.55,0.24,4,4.0,3,0
394562,9,7,27,-17.93,972919.0,123.2,0.26,3,4.0,2,1
843698,12,6,25,1.37,992585.0,128.65,0.2,3,5.0,3,0
418178,10,5,27,-4.8,955464.0,118.71,0.18,4,2.0,2,0
375892,12,7,27,-6.74,1008443.0,125.77,0.25,4,4.0,3,1
742530,14,5,28,-10.0,973559.0,120.58,0.15,4,2.0,2,1
959997,1,4,18,0.57,21768.0,89.55,0.57,2,1.0,1,0
913937,12,9,27,-8.95,963240.0,128.55,0.31,3,4.0,5,1
500223,13,5,38,-6.51,1035933.0,137.15,0.46,4,9.0,2,1
753352,0,5,45,4.21,38439.0,124.44,0.85,2,11.0,1,1
377,13,6,27,-1.99,999983.0,131.31,0.33,3,6.0,3,1
2746,0,4,22,1.8,123049.0,104.02,0.47,2,4.0,1,0
119555,12,8,27,19.14,949912.0,129.02,0.26,4,5.0,4,1
791245,13,9,27,5.88,1054733.0,132.61,0.27,4,5.0,5,1
361721,0,3,19,2.46,137488.0,88.9,0.39,3,0.0,1,0
601455,0,3,20,0.02,195882.0,119.62,0.63,3,8.0,1,0
529103,0,3,47,10.6,85608.0,108.37,0.63,2,6.0,1,0
735615,4,3,21,4.92,130504.0,92.66,0.5,3,3.0,2,0
227757,12,8,26,-6.3,966338.0,121.92,0.23,4,1.0,4,1
811277,1,4,20,1.1,72661.0,100.4,0.55,2,4.0,1,0
868574,1,4,36,2.61,123813.0,97.38,0.55,2,1.0,1,0
469717,10,9,27,-3.61,1021120.0,126.22,0.22,4,3.0,4,1
95962,13,6,24,-5.49,1004943.0,111.51,0.16,4,0.0,3,1
72758,12,6,28,-8.11,999307.0,126.4,0.26,4,3.0,3,1
363162,10,6,26,14.86,968334.0,107.49,0.17,4,0.0,2,1
355710,12,6,28,-11.12,927976.0,126.76,0.35,4,3.0,2,0
807224,1,2,38,3.98,147858.0,92.4,0.6,2,3.0,1,1
984511,0,2,18,0.38,61324.0,85.3,0.52,3,2.0,1,0
495320,12,7,31,-6.27,973190.0,132.61,0.2,4,5.0,3,1
67987,12,6,33,4.36,1107376.0,125.99,0.19,4,2.0,3,1
911728,1,5,41,6.66,11445.0,120.03,0.73,2,9.0,2,0
979465,11,9,23,-7.26,1002234.0,126.57,0.24,4,2.0,5,1
161979,12,6,25,-14.63,893556.0,129.86,0.37,3,6.0,2,1
947031,12,5,26,-22.64,993661.0,116.14,0.22,4,2.0,2,1
396453,11,6,26,-11.04,953010.0,135.62,0.29,3,7.0,2,0
663891,0,4,45,4.47,104293.0,111.13,0.67,2,7.0,1,0
33130,13,9,23,6.3,1025958.0,132.13,0.2,4,6.0,5,1
384534,0,5,51,8.29,58262.0,98.53,0.65,3,3.0,1,0
764502,0,2,21,4.03,87798.0,98.79,0.55,2,3.0,1,0
292142,0,4,41,5.91,130587.0,110.4,0.59,3,5.0,1,0
832504,11,7,23,-19.5,1014318.0,127.18,0.2,4,4.0,3,1
731813,0,2,21,6.05,150584.0,84.25,0.4,2,0.0,1,0
1541,13,5,32,1.53,982472.0,119.94,0.19,4,1.0,2,1
653838,0,4,21,1.76,137823.0,102.93,0.53,3,4.0,1,0
637694,12,6,35,-15.13,948374.0,127.8,0.32,3,5.0,2,1
846892,1,4,21,1.3,50000.0,105.6,0.55,2,4.0,1,0
32526,12,7,23,-15.72,1010993.0,125.69,0.27,3,3.0,3,1
274581,0,4,19,7.83,180312.0,118.89,0.63,3,8.0,1,0
636454,13,6,32,-2.29,940819.0,131.69,0.31,4,6.0,3,0
352731,0,5,47,2.64,107364.0,117.77,0.73,2,8.0,2,1
608116,0,4,21,8.91,68147.0,89.17,0.59,2,1.0,1,0
649419,13,7,26,-8.9,1027646.0,132.18,0.28,4,5.0,4,1
443671,13,6,33,-2.09,994799.0,130.99,0.39,4,5.0,3,1
157485,13,6,23,-15.01,1004872.0,117.84,0.2,4,0.0,3,0
502943,13,7,31,-14.18,986770.0,128.91,0.2,3,5.0,4,1
957550,0,3,58,10.1,112931.0,107.57,0.56,3,5.0,1,1
124091,0,4,48,9.26,181218.0,121.24,0.68,2,8.0,1,1
620675,1,3,20,3.34,90818.0,98.11,0.54,2,2.0,1,0
226339,13,6,23,-9.31,890335.0,119.2,0.24,3,2.0,2,1
538144,9,6,24,-4.16,964343.0,126.04,0.33,4,5.0,2,1
997926,14,7,37,-7.66,1031535.0,128.98,0.32,4,4.0,4,1
629318,2,1,21,1.43,121399.0,90.76,0.5,2,2.0,1,1
374939,1,4,32,2.78,165262.0,108.8,0.62,2,5.0,2,0
943887,2,5,19,6.23,38834.0,81.15,0.56,2,0.0,2,0
363826,0,2,50,1.46,106537.0,115.06,0.78,2,8.0,1,0
151118,1,1,53,2.1,84643.0,105.19,0.67,2,6.0,1,0
801413,3,5,22,0.74,109119.0,103.21,0.52,2,4.0,2,1
600841,14,6,28,7.18,959344.0,118.67,0.23,3,2.0,3,1
402915,0,2,51,0.67,30842.0,113.87,0.7,2,8.0,1,0
942871,0,4,20,3.29,122137.0,100.99,0.49,2,3.0,1,0
640728,2,3,40,2.33,50000.0,96.83,0.66,2,4.0,1,0
425787,0,2,19,5.61,32543.0,85.79,0.48,2,1.0,1,0
367922,14,6,36,-15.98,983487.0,132.77,0.32,4,7.0,3,1
627946,10,5,23,-15.55,950001.0,121.53,0.2,4,3.0,2,1
165904,13,7,23,-8.38,1039499.0,120.77,0.18,4,1.0,4,0
776655,0,4,58,0.57,114315.0,104.26,0.76,2,4.0,1,1
909864,2,4,21,6.39,175178.0,118.89,0.58,2,7.0,2,0
417381,10,8,23,-10.44,1032924.0,126.46,0.26,4,3.0,4,1
999101,2,4,49,2.2,34252.0,113.15,0.74,2,7.0,1,0
550684,0,3,60,4.83,45754.0,116.31,0.78,2,7.0,1,0
630307,11,6,31,0.46,1025048.0,131.28,0.32,4,6.0,2,1
771921,12,5,32,0.89,1077142.0,127.93,0.28,3,5.0,2,1
143164,0,4,19,12.54,20068.0,79.75,0.48,2,0.0,1,1
219250,3,3,57,16.12,101102.0,111.86,0.76,2,7.0,1,0
318696,0,2,51,8.54,106529.0,117.37,0.73,2,8.0,1,0
299245,11,5,27,1.51,986283.0,120.97,0.19,3,2.0,2,1
177531,13,7,31,-26.88,979836.0,125.04,0.22,4,4.0,4,1
453564,11,8,25,-2.84,1070966.0,132.49,0.26,3,6.0,4,1
628849,0,2,33,2.84,61593.0,109.04,0.71,2,6.0,1,0
2705,13,6,26,-10.38,1018635.0,131.73,0.27,4,5.0,3,0
643946,13,7,32,10.2,1017233.0,125.13,0.25,3,3.0,4,1
931563,2,3,55,0.3,173568.0,106.62,0.65,3,5.0,1,0
563889,11,6,34,8.75,1075184.0,126.38,0.2,4,3.0,3,1
729277,10,6,25,-9.27,892474.0,124.69,0.28,4,4.0,2,0
66006,13,6,28,-24.22,1071150.0,130.35,0.22,4,5.0,3,1
262343,0,4,20,7.59,139186.0,116.08,0.66,2,7.0,1,0
422633,1,3,52,18.49,772.0,108.37,0.76,2,6.0,1,0
126735,14,8,32,-6.71,1064349.0,135.09,0.37,5,7.0,5,1
687488,3,3,37,13.74,129487.0,99.85,0.56,3,4.0,1,0
702275,13,5,23,2.56,980577.0,121.82,0.25,4,4.0,2,1
807746,0,4,57,13.04,86653.0,118.65,0.78,3,7.0,1,0
545208,12,5,23,-2.04,988810.0,128.26,0.15,4,4.0,2,1
852898,1,5,20,3.81,211500.0,104.34,0.5,3,3.0,2,0
931762,3,3,21,5.86,119907.0,92.96,0.53,2,2.0,1,1
194957,2,5,37,12.06,89432.0,89.72,0.49,2,1.0,2,0
644899,1,5,44,8.49,159565.0,116.23,0.6,3,6.0,2,0
65411,13,6,26,-8.33,1003848.0,135.83,0.28,4,8.0,3,1
336593,0,4,37,12.67,20084.0,102.48,0.74,2,4.0,1,0
477929,2,4,49,4.1,26769.0,101.68,0.74,2,4.0,1,0
699364,12,7,24,-12.69,1089690.0,131.57,0.23,4,5.0,4,1
715842,1,2,21,8.16,26110.0,88.09,0.47,3,2.0,1,1
644309,10,6,31,9.03,1046971.0,128.3,0.21,3,4.0,2,1
918644,12,5,24,-22.09,1007312.0,123.98,0.18,4,2.0,2,1
315230,13,7,27,17.74,949060.0,131.96,0.32,4,5.0,3,1
784284,12,5,23,-11.28,1000471.0,125.93,0.18,3,4.0,2,1
514813,0,5,51,6.38,139606.0,123.91,0.69,3,9.0,2,0
656303,0,0,18,27.28,78866.0,82.77,0.52,2,0.0,1,0
583952,13,6,23,-21.37,1046628.0,131.63,0.17,4,4.0,3,1
607589,11,5,28,-5.62,939898.0,131.69,0.26,3,7.0,2,1
89696,0,5,60,2.27,126929.0,122.24,0.77,3,9.0,2,0
74294,0,3,20,4.27,172973.0,89.18,0.35,2,0.0,1,0
18012,0,3,21,14.36,97167.0,91.11,0.49,2,3.0,1,0
954542,0,4,50,3.09,166590.0,100.74,0.53,2,3.0,1,0
608354,11,6,27,-3.49,1011156.0,126.19,0.23,4,3.0,2,1
389539,0,4,59,1.99,84428.0,110.93,0.72,2,6.0,1,0
442707,11,6,26,-8.35,948340.0,129.38,0.26,3,3.0,2,1
675144,12,9,28,-11.9,873911.0,120.98,0.24,4,2.0,4,1
531238,14,6,23,-3.16,1043280.0,121.97,0.25,4,2.0,3,1
430157,1,2,44,4.21,70344.0,95.74,0.71,2,4.0,1,0
237912,0,5,20,2.9,80524.0,100.23,0.53,2,3.0,2,0
263869,11,7,34,4.33,1008756.0,134.48,0.36,4,6.0,3,1
924942,13,9,34,0.65,984019.0,128.52,0.33,3,4.0,5,1
28982,10,7,35,-1.34,1155807.0,132.69,0.26,4,5.0,3,1
128966,2,4,49,13.57,72317.0,100.75,0.68,2,4.0,1,0
377588,11,7,25,-14.59,996259.0,133.2,0.32,4,6.0,3,1
407554,0,4,33,4.87,52664.0,113.6,0.76,2,8.0,1,0
865543,10,8,24,-17.5,1053579.0,125.62,0.23,3,2.0,4,1
950197,0,3,19,8.67,27651.0,95.98,0.53,2,4.0,1,0
69308,0,5,38,0.44,146558.0,115.65,0.62,3,6.0,2,1
545085,13,7,28,-0.32,1064228.0,125.6,0.16,4,3.0,4,1
253097,1,3,41,1.09,27685.0,102.63,0.69,1,4.0,1,0
810871,13,6,24,-4.45,977155.0,124.53,0.2,3,3.0,3,1
556781,0,0,37,2.13,33519.0,95.56,0.63,2,3.0,1,0
801355,12,6,31,-3.3,932032.0,122.01,0.3,4,3.0,2,1
649967,9,9,25,-11.55,1026039.0,130.65,0.34,3,5.0,4,1
658323,1,0,22,1.69,52727.0,85.85,0.39,2,1.0,1,1
44442,1,3,53,0.99,180045.0,117.7,0.75,2,7.0,1,0
708852,1,2,40,8.01,130023.0,107.34,0.66,2,5.0,1,1
628492,0,5,48,2.85,65597.0,116.14,0.75,3,6.0,1,1
112350,1,1,53,2.48,85882.0,99.55,0.61,3,3.0,1,0
883930,14,6,29,-10.74,996928.0,121.25,0.22,4,1.0,3,1
579134,0,1,21,3.48,70882.0,81.39,0.5,2,0.0,1,1
516267,11,8,24,10.06,1041619.0,129.31,0.2,4,3.0,4,0
494562,1,2,37,2.74,14106.0,98.85,0.73,3,5.0,1,1
453004,4,3,33,0.28,58267.0,99.09,0.54,2,3.0,1,0
689066,13,6,24,13.56,910988.0,123.35,0.27,3,3.0,2,1
798043,13,5,27,-8.32,946840.0,119.22,0.21,3,2.0,2,0
39198,0,4,22,0.51,112361.0,105.39,0.56,3,5.0,1,0
527317,13,10,24,-7.81,1036722.0,121.39,0.26,3,2.0,5,1
832975,13,8,30,-12.75,1020018.0,130.0,0.25,4,5.0,5,1
108656,12,7,25,-2.96,997579.0,126.34,0.24,4,4.0,3,1
573183,0,4,41,12.61,90092.0,117.57,0.72,3,9.0,1,1
411664,0,3,54,9.28,49004.0,102.0,0.69,2,5.0,1,1
46526,12,9,23,-10.53,1043443.0,130.51,0.18,4,3.0,5,1
37713,0,2,19,10.05,50000.0,102.73,0.41,2,4.0,1,0
727724,2,4,38,23.61,124502.0,106.86,0.67,2,4.0,2,1
917583,10,6,37,5.41,948803.0,123.86,0.21,3,4.0,2,1
798094,12,6,29,-2.41,1027405.0,130.44,0.21,4,5.0,3,0
514305,0,3,21,3.11,52450.0,103.52,0.54,2,4.0,1,0
10154,0,3,20,5.87,138961.0,109.07,0.52,1,6.0,1,1
543683,0,4,32,3.53,154522.0,90.53,0.54,2,3.0,1,0
400816,12,7,29,-6.65,1094787.0,122.7,0.15,4,2.0,4,1
938323,7,3,42,3.91,87166.0,99.4,0.71,2,4.0,2,1
635940,1,3,56,0.12,95559.0,114.47,0.74,2,8.0,1,1
812611,1,4,21,1.58,276662.0,120.08,0.54,2,7.0,2,0
959768,13,7,40,-9.7,987070.0,133.2,0.27,3,7.0,4,1
647408,11,7,28,5.62,1001373.0,130.6,0.24,4,4.0,3,1
894372,1,1,19,10.48,82554.0,89.91,0.57,3,2.0,1,0
558502,0,4,32,0.48,82022.0,90.61,0.64,2,3.0,1,0
702632,12,6,25,-12.31,1010870.0,129.0,0.19,4,4.0,3,1
12535,1,5,22,3.14,176794.0,86.14,0.51,2,0.0,2,0
83113,14,7,23,-6.04,1005587.0,120.06,0.15,3,2.0,4,1
300492,0,3,33,5.53,91971.0,87.53,0.48,2,2.0,1,0
457573,1,4,59,11.0,120943.0,101.1,0.59,2,3.0,1,0
172876,13,6,23,-23.33,1021118.0,125.89,0.27,4,4.0,3,0
377947,13,6,26,-43.96,930460.0,129.82,0.33,4,6.0,3,1
801362,3,3,20,1.85,55511.0,75.56,0.52,2,0.0,1,0
682315,0,5,22,3.19,101733.0,101.71,0.49,2,3.0,2,0
917218,3,3,36,5.02,97677.0,103.37,0.61,3,4.0,1,0
445453,12,6,28,-8.1,998377.0,123.74,0.25,4,4.0,3,1
938644,3,4,21,6.23,57737.0,88.6,0.5,2,1.0,2,0
395362,12,6,37,6.29,1085799.0,133.81,0.33,4,7.0,3,1
770938,12,7,31,-6.56,1028812.0,123.75,0.21,4,2.0,3,0
350263,1,4,46,1.49,80680.0,111.42,0.75,2,7.0,1,0
742878,1,3,32,15.47,141018.0,114.82,0.63,2,7.0,1,0
472867,15,6,29,-14.43,1047295.0,126.56,0.25,4,4.0,4,0
483701,0,4,19,1.74,169316.0,101.39,0.53,3,3.0,1,0
747428,12,8,26,2.16,970471.0,130.13,0.24,3,5.0,4,0
989677,12,9,26,-8.24,1063639.0,121.97,0.17,4,2.0,5,0
174403,14,7,26,6.03,1024574.0,123.89,0.19,4,3.0,4,0
920551,12,6,33,-8.59,1036077.0,118.33,0.26,3,1.0,3,1
230689,13,5,27,-2.17,1025523.0,121.11,0.16,4,1.0,2,1
562415,13,7,26,-5.29,1040464.0,132.32,0.22,4,6.0,4,1
941499,1,3,46,0.13,41916.0,123.21,0.8,2,10.0,1,0
385541,7,7,25,-13.24,1022889.0,124.53,0.2,3,3.0,2,0
349087,0,4,58,5.65,115759.0,102.35,0.66,2,4.0,1,0
320092,1,4,43,1.9,218344.0,116.1,0.65,3,6.0,2,0
947364,14,7,36,-29.1,943305.0,134.32,0.44,3,7.0,4,0
404348,1,3,18,22.88,76821.0,104.57,0.55,2,4.0,1,1
65381,4,3,20,1.53,181314.0,85.5,0.44,2,0.0,2,0
617323,0,2,19,0.14,191516.0,115.32,0.57,3,6.0,1,0
227081,13,6,28,-0.31,973806.0,131.89,0.23,3,4.0,3,1
691903,0,4,18,11.31,106139.0,92.69,0.46,2,0.0,1,0
76241,12,8,31,-10.3,987125.0,126.53,0.26,3,2.0,4,1
163394,1,3,19,4.69,119371.0,87.72,0.45,2,1.0,1,0
8089,12,6,34,-9.2,978630.0,129.1,0.31,4,4.0,3,1
281586,0,5,19,2.72,81356.0,109.62,0.49,2,5.0,2,0
84317,11,5,28,-17.1,958212.0,124.24,0.21,4,3.0,2,1
367763,11,7,28,-17.35,1084934.0,137.01,0.3,4,8.0,3,1
903023,10,6,24,11.22,1015133.0,127.95,0.18,3,4.0,2,1
411609,0,3,56,3.59,162993.0,123.11,0.76,2,9.0,1,0
690830,12,8,26,-8.25,1004572.0,134.41,0.26,4,5.0,4,1
853522,2,5,47,1.05,74823.0,119.87,0.73,3,9.0,2,1
316098,14,7,34,-11.05,915741.0,128.63,0.31,4,5.0,4,0
231993,2,2,19,7.52,130225.0,93.46,0.6,2,2.0,1,0
408769,0,3,19,5.99,68250.0,93.98,0.49,2,2.0,1,0
484444,10,6,32,11.58,978180.0,126.74,0.24,3,3.0,2,1
611216,3,4,48,4.44,80876.0,110.85,0.73,2,7.0,2,0
958885,14,7,29,-15.32,985568.0,123.37,0.19,4,2.0,4,1
811952,13,8,28,-10.39,963429.0,124.57,0.28,4,3.0,4,1
932291,3,3,19,11.64,97357.0,103.91,0.56,3,4.0,1,1
508179,0,4,20,2.01,18093.0,92.52,0.52,2,2.0,1,0
635862,0,3,21,0.17,50000.0,91.96,0.55,2,3.0,1,0
952931,10,11,28,-1.38,997098.0,131.31,0.29,4,5.0,5,1
395426,1,4,19,2.24,565.0,94.27,0.57,2,2.0,1,0
741906,11,5,34,-2.75,982480.0,130.21,0.49,4,8.0,2,1
220364,2,4,19,8.26,97170.0,83.0,0.46,2,1.0,1,0
833296,12,9,28,-8.34,994016.0,133.2,0.23,4,5.0,5,1
580513,13,5,29,-16.82,1018333.0,120.79,0.2,4,1.0,2,1
755508,1,5,44,1.6,87469.0,97.64,0.64,2,4.0,2,0
685941,2,4,20,12.09,35563.0,89.45,0.65,3,2.0,1,0
139124,2,3,55,12.67,114241.0,117.31,0.77,3,8.0,1,1
669416,10,5,23,21.6,985531.0,117.4,0.2,3,1.0,2,1
297762,13,7,36,-19.14,965164.0,130.71,0.37,4,6.0,3,1
534230,1,3,45,7.16,85787.0,101.88,0.6,2,4.0,1,0
984969,11,8,27,-26.66,1001350.0,128.46,0.23,4,4.0,4,1
452230,11,5,27,-3.38,1054948.0,123.24,0.2,4,3.0,2,1
798490,12,5,25,-21.98,879892.0,122.57,0.32,4,4.0,2,1
70290,14,7,23,-7.11,1021263.0,126.36,0.26,4,3.0,4,1
41406,1,4,46,5.44,111910.0,111.34,0.65,3,6.0,1,0
67199,12,8,24,-13.79,1037149.0,119.97,0.16,4,1.0,4,0
447094,1,3,53,4.05,118071.0,121.22,0.71,2,8.0,1,0
193736,11,5,26,-19.79,1012968.0,122.93,0.24,4,3.0,2,1
969542,0,3,21,2.77,142138.0,114.05,0.61,2,6.0,1,0
621655,12,5,23,-2.29,981511.0,114.08,0.21,4,0.0,2,0
45473,3,4,58,0.29,197713.0,106.64,0.65,2,4.0,2,1
735804,9,7,23,-2.81,1043151.0,116.74,0.16,4,0.0,3,0
32539,1,5,40,1.98,131752.0,106.18,0.63,3,5.0,2,0
476374,12,6,27,-1.95,1084573.0,129.11,0.2,4,4.0,3,1
207271,11,5,27,-5.49,1049454.0,127.56,0.21,4,4.0,2,0
940544,13,6,28,-3.65,1020090.0,130.01,0.25,3,5.0,3,1
394919,10,5,33,-16.26,1023219.0,132.01,0.24,3,6.0,2,1
119401,10,8,27,-0.5,975008.0,123.5,0.15,4,3.0,3,1
249617,0,5,21,21.14,125078.0,92.08,0.51,2,2.0,2,0
98269,0,5,21,9.36,108051.0,99.13,0.59,2,3.0,2,0
916173,12,7,31,-14.47,1004520.0,135.28,0.29,4,7.0,3,1
984025,0,4,52,7.78,185088.0,109.22,0.68,3,6.0,1,0
998425,14,6,28,2.37,950134.0,127.57,0.27,4,5.0,3,1
385229,1,2,20,1.37,56628.0,96.75,0.55,2,3.0,1,1
849026,10,6,36,-3.8,954625.0,132.0,0.34,4,8.0,2,1
991841,0,3,20,2.01,99359.0,97.07,0.57,2,4.0,1,1
168825,1,3,34,0.98,136624.0,110.3,0.63,2,7.0,1,1
88268,11,9,26,-5.15,995851.0,116.89,0.2,3,2.0,5,1
820049,10,6,27,-16.6,1017663.0,119.12,0.28,3,2.0,2,1
708113,1,3,21,7.98,58503.0,105.97,0.56,2,4.0,1,0
849510,1,2,52,3.64,66776.0,107.91,0.7,2,6.0,1,0
595585,2,5,56,9.45,89294.0,122.09,0.82,2,9.0,2,0
489996,0,4,20,4.52,73404.0,92.03,0.46,2,2.0,1,0
515810,0,2,18,8.39,170385.0,91.38,0.49,3,3.0,1,0
71725,14,5,29,-13.22,957084.0,128.38,0.26,4,5.0,2,1
74470,13,8,27,6.41,929477.0,122.4,0.28,3,1.0,4,1
306132,9,9,30,4.14,1008257.0,135.58,0.38,4,8.0,4,1
321261,13,6,33,-9.63,991754.0,127.04,0.25,3,4.0,3,1
538801,9,5,34,10.43,970154.0,126.61,0.24,3,5.0,2,1
790864,0,4,43,4.26,123160.0,86.38,0.45,2,0.0,1,1
809941,10,7,29,-5.49,1033130.0,125.29,0.23,3,2.0,3,1
676080,1,4,19,1.56,171234.0,95.18,0.48,2,2.0,2,0
153235,13,6,30,1.7,990007.0,128.74,0.33,3,5.0,3,1
789954,12,6,25,9.12,1012688.0,120.58,0.17,3,2.0,3,1
386385,0,4,20,3.7,39750.0,99.29,0.59,2,3.0,1,0
545585,0,5,42,10.51,76693.0,118.55,0.75,3,8.0,2,0
988940,11,9,25,-7.69,921316.0,121.98,0.19,3,2.0,4,1
455464,0,5,47,9.87,118332.0,128.57,0.75,2,11.0,2,0
934967,0,3,19,17.67,125258.0,103.69,0.57,2,3.0,1,1
628236,0,5,33,1.15,133306.0,117.0,0.71,2,7.0,2,0
862211,10,7,23,-13.12,925004.0,130.62,0.24,3,5.0,2,1
435368,0,4,20,20.75,181862.0,102.88,0.48,3,5.0,1,0
913404,11,7,23,6.06,974079.0,125.66,0.23,4,3.0,3,1
976360,11,7,25,-4.34,1056726.0,114.98,0.14,3,0.0,3,1
918914,12,7,24,-12.31,951787.0,129.61,0.36,3,6.0,3,1
198335,2,3,34,0.8,66173.0,90.58,0.6,3,2.0,1,0
261422,0,5,20,5.03,79679.0,110.0,0.62,2,6.0,2,0
811879,0,5,35,0.58,23168.0,110.44,0.65,2,6.0,1,1
291434,1,3,18,1.75,45610.0,99.99,0.66,2,5.0,1,0
737306,11,9,35,-7.98,922445.0,128.73,0.25,4,5.0,4,1
664374,12,6,26,-13.4,965441.0,126.81,0.33,4,5.0,2,1
647249,0,4,36,13.41,102397.0,126.23,0.7,2,11.0,1,0
371980,0,3,33,2.18,58576.0,93.73,0.65,3,4.0,1,0
709197,0,3,22,0.72,66147.0,84.62,0.48,2,1.0,1,0
952648,0,2,51,3.71,87100.0,106.97,0.71,2,6.0,1,1
661950,11,6,28,-16.71,1003079.0,127.47,0.23,3,4.0,2,1
559724,13,6,32,13.02,1028090.0,129.94,0.33,4,5.0,3,0
472170,14,7,30,1.76,993545.0,131.53,0.3,4,5.0,4,1
117131,14,7,25,-17.57,975867.0,123.79,0.28,4,2.0,4,0
401122,13,6,28,4.92,965838.0,121.62,0.25,4,2.0,3,1
422632,10,7,23,0.57,970655.0,120.13,0.25,3,2.0,3,1
6851,0,4,20,3.39,20932.0,107.77,0.68,2,4.0,1,0
477014,10,7,25,-6.09,954638.0,116.38,0.18,3,0.0,3,1
95564,11,7,24,-12.22,886151.0,129.37,0.32,4,5.0,2,0
318053,0,4,31,18.89,74562.0,105.11,0.65,2,6.0,1,0
63932,1,5,43,6.58,143849.0,104.47,0.73,3,4.0,2,1
405969,12,7,27,-8.0,985524.0,137.02,0.32,4,8.0,3,1
966105,0,5,22,6.31,158928.0,110.18,0.55,2,4.0,2,0
534369,0,1,48,0.76,138098.0,114.18,0.76,3,8.0,1,0
602427,11,8,27,-13.71,988779.0,130.97,0.39,3,6.0,4,1
452576,12,8,28,8.74,1062384.0,130.96,0.23,4,5.0,5,1
73919,3,1,41,5.24,89832.0,95.54,0.57,3,3.0,1,1
904114,4,5,54,12.1,175614.0,106.04,0.59,2,4.0,2,0
232833,0,3,20,5.39,101840.0,103.01,0.51,2,4.0,1,1
787970,0,4,21,6.01,126185.0,110.9,0.58,2,6.0,1,0
101878,0,5,48,4.04,96600.0,108.49,0.74,2,5.0,2,0
989942,12,5,38,-12.74,1060045.0,127.8,0.24,3,4.0,2,1
45063,2,2,58,10.2,105857.0,122.79,0.73,3,9.0,1,0
99567,14,5,26,-24.68,1101616.0,121.86,0.16,4,2.0,3,1
878262,0,4,45,10.33,186451.0,111.2,0.59,2,5.0,1,0
11489,2,4,40,3.51,129999.0,108.73,0.67,1,4.0,2,0
129385,11,6,25,-4.3,1023610.0,130.05,0.21,4,4.0,2,1
716564,0,3,21,1.04,96589.0,98.45,0.56,2,3.0,1,1
830239,12,6,28,-27.62,915744.0,131.16,0.32,4,7.0,2,0
20790,13,6,34,-11.55,961101.0,124.35,0.22,4,3.0,3,1
529891,14,7,29,-6.79,998243.0,127.68,0.22,3,3.0,4,0
923834,0,1,19,12.54,26392.0,92.0,0.49,2,2.0,1,0
342597,13,7,26,-0.5,972234.0,121.52,0.27,3,2.0,3,0
116819,0,1,46,1.66,147286.0,107.64,0.59,2,4.0,1,1
538760,1,3,42,0.13,98727.0,99.09,0.7,2,4.0,1,0
336269,11,8,35,-17.27,1015721.0,131.02,0.32,4,6.0,4,1
878906,14,9,25,-16.16,1069770.0,122.38,0.18,5,2.0,5,0
856997,1,3,37,2.19,70476.0,112.1,0.7,2,7.0,1,0
622894,0,5,19,3.93,124700.0,115.83,0.64,2,6.0,2,0
978643,12,5,24,7.28,976177.0,127.46,0.25,4,4.0,2,1
148759,0,5,56,7.72,58872.0,108.39,0.74,2,6.0,1,0
626479,3,4,50,8.18,83915.0,108.67,0.72,1,5.0,2,0
89641,7,3,19,19.44,140335.0,87.73,0.49,3,0.0,2,0
133249,13,6,34,-15.3,913502.0,133.85,0.33,4,7.0,2,1
95961,1,4,20,4.43,50000.0,93.0,0.59,3,2.0,1,0
578407,0,5,48,8.53,79131.0,113.71,0.68,2,6.0,2,0
460694,0,4,19,0.68,84586.0,97.24,0.55,2,3.0,1,0
770372,11,6,30,5.55,922268.0,117.18,0.26,3,3.0,2,1
504733,0,4,41,1.19,50000.0,109.09,0.61,2,5.0,1,0
835334,12,6,30,-0.32,899589.0,125.07,0.27,3,5.0,2,1
203154,0,4,35,4.96,138290.0,98.39,0.67,2,3.0,1,0
676379,2,3,58,5.44,50000.0,123.08,0.76,3,10.0,1,1
193614,1,3,20,16.78,85402.0,78.4,0.54,2,0.0,1,0
133358,11,6,30,2.48,935656.0,129.39,0.22,3,4.0,2,1
455455,14,5,28,4.31,1058572.0,124.77,0.24,4,3.0,3,1
368884,0,5,54,6.14,37139.0,104.23,0.76,2,5.0,1,1
215048,11,6,24,6.46,1034296.0,134.91,0.27,3,7.0,2,1
95523,10,5,33,-4.23,1054736.0,124.93,0.27,3,4.0,2,1
249483,0,4,21,18.62,61535.0,103.54,0.65,2,4.0,1,0
374567,12,7,33,2.64,974709.0,120.94,0.31,3,3.0,3,1
544270,11,6,27,-1.53,926352.0,131.25,0.35,3,6.0,2,1
573699,2,2,53,17.74,77930.0,97.77,0.63,3,3.0,1,0
112544,12,6,36,2.16,1010436.0,123.98,0.28,4,4.0,3,1
902444,2,4,38,9.13,170111.0,108.64,0.68,3,6.0,2,0
577619,0,2,21,12.01,110174.0,90.69,0.52,2,2.0,1,1
968710,11,7,30,-18.93,1017190.0,128.2,0.28,4,5.0,3,1
98189,12,6,30,-11.2,1021930.0,127.05,0.25,4,5.0,3,1
168930,13,6,24,-9.25,1012623.0,129.66,0.2,4,5.0,3,0
850104,0,5,21,7.74,116855.0,111.67,0.56,2,5.0,2,0
623707,0,4,21,7.19,78951.0,100.82,0.51,2,2.0,1,0
691476,13,7,28,3.45,1009438.0,125.57,0.2,3,4.0,4,1
528802,1,5,46,0.7,129112.0,118.41,0.68,3,8.0,2,1
618770,14,8,24,-9.14,1044859.0,134.91,0.21,4,6.0,5,1
737966,12,8,24,-5.59,1045555.0,125.94,0.19,4,3.0,4,1
275876,13,7,31,-7.6,985670.0,125.24,0.28,3,4.0,4,1
327940,3,3,19,1.05,49904.0,102.09,0.56,2,3.0,1,0
479792,0,2,20,5.02,79093.0,98.53,0.63,3,3.0,1,0
430207,0,2,18,0.04,79140.0,88.91,0.55,2,3.0,1,0
390703,13,6,26,17.72,924715.0,125.72,0.23,3,4.0,3,1
576322,13,7,25,-16.11,920313.0,118.57,0.26,3,2.0,3,1
777197,1,5,22,11.22,146154.0,105.61,0.54,2,3.0,2,0
523490,0,4,21,11.72,55659.0,119.58,0.64,2,8.0,1,0
629580,0,4,36,1.07,21265.0,109.03,0.72,2,6.0,1,0
787276,14,8,31,-8.84,928505.0,127.07,0.27,4,3.0,4,1
473348,13,5,24,-16.8,975933.0,125.55,0.24,4,4.0,2,1
647666,1,2,55,4.37,143110.0,116.02,0.69,2,7.0,1,0
215312,0,4,54,1.5,87064.0,112.58,0.69,2,7.0,1,0
899480,8,8,29,-7.46,1057323.0,127.09,0.24,3,4.0,3,1
892131,0,5,44,6.23,178917.0,101.22,0.56,2,2.0,2,0
922857,1,2,20,11.67,103684.0,88.2,0.51,2,2.0,1,0
723038,12,7,24,-0.19,1012174.0,130.12,0.27,3,5.0,3,1
443749,12,6,28,-9.57,1002234.0,131.39,0.26,4,5.0,3,1
402585,2,2,19,20.02,82071.0,100.06,0.6,2,4.0,1,0
215834,13,7,25,-0.3,964472.0,129.04,0.3,4,5.0,3,1
621711,12,6,26,0.35,966390.0,122.27,0.25,3,3.0,2,1
982719,13,6,23,-6.42,990986.0,123.88,0.22,3,3.0,3,1
576339,0,4,19,1.57,118402.0,105.66,0.5,3,4.0,1,0
953289,2,4,40,7.96,92154.0,113.76,0.65,3,7.0,1,0
851369,0,4,21,5.28,50437.0,114.23,0.59,1,8.0,1,0
971515,13,6,23,-3.47,974693.0,130.98,0.25,4,5.0,3,1
839482,10,9,23,-8.08,1027406.0,122.97,0.15,4,1.0,4,1
327082,0,4,38,8.85,140247.0,103.58,0.56,2,4.0,1,0
365639,0,5,18,9.5,56272.0,80.58,0.56,2,0.0,1,0
144995,10,5,25,-22.58,1010783.0,131.2,0.26,3,5.0,2,1
739894,11,7,27,-4.9,1067590.0,125.82,0.18,4,3.0,3,0
210093,0,5,19,6.11,86968.0,95.6,0.46,2,2.0,2,0
339305,11,10,27,-8.06,984096.0,129.68,0.27,3,4.0,5,1
949020,4,5,54,1.21,80948.0,108.73,0.71,3,7.0,2,0
908607,0,4,36,3.71,50945.0,97.64,0.54,2,4.0,1,0
238343,12,8,29,-25.76,930201.0,132.72,0.32,4,6.0,4,1
36078,2,4,19,1.15,115260.0,113.5,0.66,3,6.0,2,1
932373,1,4,21,3.22,2234.0,96.92,0.54,2,3.0,1,0
309082,0,4,22,1.58,62298.0,107.01,0.65,2,6.0,1,0
746736,12,7,29,-6.53,1037785.0,127.3,0.24,3,4.0,4,1
752052,10,5,37,-8.46,1052525.0,122.85,0.19,4,3.0,2,0
51080,12,6,27,-0.41,994522.0,135.19,0.26,4,6.0,3,1
119523,12,5,31,-2.01,1056779.0,125.06,0.22,4,3.0,2,1
406849,11,7,30,-22.14,995919.0,121.99,0.32,3,3.0,3,0
509956,12,7,27,3.19,1015809.0,127.56,0.21,4,4.0,3,1
246257,11,7,25,-13.63,1000926.0,117.42,0.2,4,0.0,3,1
173242,12,8,25,-6.95,995682.0,126.26,0.27,3,2.0,4,1
961309,0,2,47,7.14,156020.0,112.14,0.66,2,8.0,1,0
607573,12,6,30,-8.1,922250.0,115.04,0.22,4,1.0,2,1
310345,12,8,29,-2.13,1016197.0,133.51,0.24,4,7.0,4,0
795800,9,6,28,-21.63,1038564.0,128.31,0.27,4,4.0,2,1
102273,0,3,57,3.95,125277.0,111.79,0.67,2,6.0,1,0
892995,1,0,20,6.81,104727.0,79.52,0.45,2,0.0,1,0
802031,0,3,19,6.23,89478.0,104.35,0.54,2,3.0,1,0
356280,1,4,20,4.09,173557.0,97.03,0.65,3,4.0,2,1
474632,5,3,47,16.69,62861.0,94.67,0.64,2,3.0,2,0
399979,12,9,28,-5.71,1021552.0,118.43,0.16,4,0.0,5,1
54489,11,7,29,-14.51,855239.0,116.09,0.28,4,2.0,2,1
774299,2,3,21,17.53,34067.0,83.19,0.55,2,1.0,1,0
513607,13,6,25,9.98,1003503.0,118.77,0.22,3,3.0,3,1
930890,9,8,32,-7.4,1026277.0,137.79,0.42,4,9.0,3,1
132090,12,8,26,-20.75,978210.0,129.76,0.19,3,4.0,4,1
120001,0,5,54,1.15,45235.0,115.18,0.71,2,7.0,1,0
838754,0,1,18,0.02,129219.0,71.07,0.39,2,0.0,1,0
141625,0,4,32,0.13,131451.0,103.49,0.68,2,4.0,1,0
321405,14,8,33,-11.46,1005383.0,128.64,0.3,3,4.0,5,0
797142,1,4,31,27.26,143129.0,98.89,0.56,2,3.0,1,0
754287,0,4,37,7.18,172423.0,103.1,0.61,2,3.0,1,0
346394,0,4,32,0.77,181071.0,113.48,0.49,2,5.0,1,0
26042,14,6,31,3.31,1134446.0,119.61,0.2,4,2.0,4,1
949574,0,4,22,1.07,77277.0,85.03,0.5,3,1.0,1,0
861232,11,5,27,-12.83,1014847.0,122.95,0.27,3,4.0,2,0
773919,14,6,33,-13.34,1037808.0,115.38,0.2,4,0.0,3,1
78285,0,4,18,0.43,13895.0,107.33,0.74,2,5.0,1,0
288909,13,7,30,-8.15,994171.0,121.21,0.24,4,3.0,4,1
122643,0,5,20,18.21,156498.0,94.58,0.46,3,1.0,2,0
592861,11,6,24,-2.56,1044615.0,109.03,0.2,4,0.0,3,1
275286,13,6,29,-19.63,1026467.0,133.23,0.28,4,6.0,3,1
305795,12,5,27,-20.31,1001559.0,127.7,0.23,3,5.0,2,1
510006,13,10,34,7.38,974450.0,133.34,0.29,4,6.0,5,1
423678,10,5,24,-16.29,957052.0,127.64,0.3,3,5.0,2,0
455341,2,3,44,12.38,21779.0,122.85,0.75,3,9.0,1,0
860719,0,0,55,6.14,158037.0,113.1,0.7,3,7.0,1,1
581561,10,9,25,-13.01,998335.0,120.79,0.24,3,2.0,4,1
696249,14,6,25,-10.72,1005359.0,127.12,0.17,4,3.0,3,1
324196,0,3,48,20.18,101466.0,101.26,0.64,2,4.0,1,0
690987,0,4,42,2.05,113129.0,120.45,0.74,2,9.0,1,1
3792,1,3,38,0.49,107487.0,116.32,0.71,2,8.0,1,0
132709,3,3,36,8.89,144351.0,120.88,0.72,3,8.0,1,0
164144,0,4,21,22.12,86115.0,86.47,0.47,2,0.0,1,0
137779,11,5,31,10.56,1010895.0,130.0,0.26,3,4.0,2,1
182634,11,6,26,-7.71,958905.0,130.07,0.33,3,6.0,2,1
455026,3,5,48,2.87,164262.0,103.37,0.67,2,4.0,2,1
616773,0,1,52,5.08,32647.0,88.15,0.58,3,2.0,1,0
977603,1,3,37,8.49,129957.0,108.6,0.5,2,4.0,1,0
571371,13,8,29,-14.49,1018030.0,126.96,0.24,4,4.0,5,1
202666,0,3,46,5.92,86851.0,113.55,0.73,3,8.0,1,1
866673,13,6,30,-16.15,970340.0,121.19,0.17,4,2.0,3,1
723679,0,2,39,0.5,154593.0,103.82,0.6,2,4.0,1,0
92472,14,7,25,-16.78,1012020.0,131.15,0.26,3,4.0,4,0
944342,12,7,29,6.89,973264.0,123.19,0.24,3,2.0,3,1
935763,2,3,20,2.22,143301.0,113.98,0.65,2,7.0,1,1
887459,12,6,25,-7.35,975794.0,118.71,0.19,4,1.0,2,1
876302,0,1,50,9.05,29337.0,105.72,0.76,2,6.0,1,0
429655,13,9,28,4.78,929974.0,132.76,0.36,3,6.0,5,1
459142,11,6,29,1.59,977598.0,121.52,0.25,3,3.0,2,0
201599,0,2,31,3.71,84828.0,88.86,0.54,2,3.0,1,0
544386,12,6,25,-3.76,984696.0,124.17,0.2,4,2.0,3,0
547034,0,2,19,12.32,22979.0,83.65,0.48,2,2.0,1,0
78081,3,4,21,19.47,181200.0,109.08,0.57,3,5.0,2,0
295192,14,7,26,-17.59,1011404.0,121.96,0.24,3,2.0,4,1
250185,0,3,20,7.27,164857.0,108.14,0.55,2,5.0,1,0
416559,0,3,18,6.99,125399.0,95.2,0.47,2,2.0,1,1
646608,0,5,20,6.69,28994.0,117.54,0.76,1,7.0,1,1
961602,13,6,25,-12.0,1046556.0,131.75,0.28,4,6.0,3,1
651916,3,5,21,10.06,161067.0,96.47,0.5,2,3.0,2,0
764796,0,2,39,3.29,104523.0,104.38,0.58,2,4.0,1,0
616219,10,10,25,0.63,1005454.0,116.64,0.14,5,1.0,5,0
130710,13,7,33,-12.39,1064639.0,136.26,0.3,4,7.0,4,1
307185,11,10,24,-0.88,939017.0,120.9,0.23,3,1.0,5,1
363336,13,5,30,-4.79,942337.0,115.33,0.24,4,1.0,2,1
380690,15,10,24,-8.92,1074966.0,127.19,0.2,4,3.0,5,0
737944,11,7,28,2.59,1076367.0,130.3,0.22,3,5.0,3,1
747793,12,6,23,-22.14,956535.0,122.94,0.23,3,3.0,2,1
610517,11,6,32,5.02,1048898.0,128.39,0.15,3,2.0,3,1
781085,2,4,37,5.5,153623.0,116.63,0.58,2,6.0,2,1
708870,0,3,21,12.79,80268.0,102.19,0.51,2,3.0,1,0
620634,1,2,21,1.68,178661.0,97.32,0.55,2,2.0,1,0
158130,1,5,19,6.24,56268.0,112.48,0.56,2,6.0,2,0
164897,0,4,53,16.11,114180.0,111.84,0.67,2,4.0,1,0
674041,12,5,32,-8.49,907382.0,125.29,0.26,3,4.0,2,1
352018,1,3,20,0.41,197687.0,93.42,0.39,2,2.0,1,0
144123,2,2,21,1.6,69176.0,94.71,0.59,3,2.0,1,0
261784,3,3,21,11.84,69873.0,106.05,0.57,2,5.0,1,0
961249,0,2,21,1.32,117493.0,119.09,0.68,2,8.0,1,0
757333,13,7,32,-3.31,1055173.0,127.02,0.26,3,4.0,4,0
805224,14,8,28,-21.56,1089148.0,131.15,0.26,4,5.0,5,1
789185,0,5,21,1.68,94632.0,102.12,0.64,2,4.0,2,0
690746,1,3,53,3.81,41461.0,109.44,0.72,2,6.0,1,1
86036,0,3,18,8.49,7327.0,107.4,0.63,2,5.0,1,0
906461,8,6,29,-16.16,1012694.0,125.09,0.18,4,3.0,2,1
634480,4,5,37,8.9,115852.0,94.13,0.61,2,2.0,2,1
870681,14,6,32,4.9,979551.0,133.89,0.35,4,6.0,3,0
649176,2,4,49,7.27,131764.0,111.19,0.6,2,5.0,2,0
951592,12,8,24,-11.66,940803.0,125.82,0.19,4,4.0,4,0
40951,13,5,34,0.91,1094800.0,129.65,0.2,4,5.0,3,1
72523,12,7,25,-5.17,1039843.0,127.9,0.22,4,4.0,4,0
469035,0,1,59,22.91,78561.0,109.23,0.64,2,6.0,1,0
368962,0,4,35,23.39,27432.0,100.93,0.7,1,4.0,1,0
581147,1,4,54,6.44,15170.0,104.89,0.71,3,4.0,1,0
870254,13,7,32,13.58,935020.0,127.08,0.29,4,4.0,3,1
38828,1,3,31,7.21,1788.0,96.16,0.58,3,2.0,1,0
767299,1,1,19,0.75,99343.0,84.18,0.49,3,1.0,1,1
202897,12,6,26,-7.83,932184.0,129.9,0.25,4,6.0,2,0
918406,0,4,58,3.8,143558.0,123.72,0.77,2,9.0,1,0
364424,12,6,33,-16.35,1082519.0,129.21,0.24,4,5.0,3,1
242177,10,6,29,-2.66,1028221.0,128.45,0.28,4,4.0,2,1
495981,12,6,30,-2.91,1020551.0,126.39,0.24,3,3.0,3,1
167739,11,5,27,18.58,946658.0,115.27,0.19,3,1.0,2,1
544604,1,4,47,0.02,7897.0,112.1,0.72,2,6.0,1,0
1926,0,4,47,6.15,24868.0,106.82,0.74,2,5.0,1,0
963135,0,4,18,6.54,8637.0,114.65,0.64,2,6.0,1,1
883045,10,5,26,2.83,1033628.0,122.44,0.19,3,3.0,2,1
356281,14,5,25,0.92,1004877.0,112.7,0.2,4,1.0,3,1
499107,13,7,28,-4.14,1065939.0,131.14,0.21,3,5.0,4,1
873557,14,6,27,-2.76,979603.0,125.85,0.24,4,4.0,3,1
966087,10,7,28,0.27,976886.0,123.68,0.28,4,4.0,3,1
147537,1,3,37,5.09,126251.0,87.95,0.59,2,1.0,1,0
767809,2,4,19,4.83,117308.0,98.74,0.55,2,3.0,2,0
639269,13,9,26,-6.66,1050552.0,119.02,0.14,4,0.0,5,1
71000,12,7,25,-8.55,987456.0,126.82,0.27,3,5.0,3,1
411119,15,7,34,-8.94,911254.0,133.0,0.38,4,6.0,4,1
727279,0,4,20,6.29,42573.0,90.58,0.54,2,3.0,1,1
424682,12,7,24,-15.33,1071585.0,124.99,0.26,4,2.0,4,1
233488,0,2,19,12.58,10785.0,81.57,0.65,2,2.0,1,0
77738,0,3,21,3.51,170200.0,86.37,0.41,2,0.0,1,0
848332,0,4,19,6.34,150789.0,104.58,0.43,2,3.0,1,0
441529,1,4,44,8.04,147647.0,118.42,0.63,2,8.0,1,0
545387,12,7,30,-12.58,1008317.0,117.87,0.2,4,0.0,3,1
630003,13,9,25,-1.67,952763.0,125.54,0.2,3,2.0,5,1
827613,4,3,45,18.75,172195.0,120.54,0.69,3,8.0,2,0
689802,13,7,23,-13.16,957203.0,134.91,0.35,4,7.0,3,1
448986,1,3,22,10.16,103533.0,109.47,0.68,2,5.0,1,0
643828,0,4,47,2.63,33192.0,105.53,0.73,3,4.0,1,0
676245,12,5,26,-9.51,1039972.0,127.25,0.24,3,5.0,2,0
1704,1,3,54,1.41,63974.0,115.29,0.77,2,8.0,1,0
703876,1,2,22,2.34,126886.0,95.73,0.44,2,3.0,1,0
52520,12,5,29,-17.57,992140.0,129.93,0.22,3,5.0,2,1
938804,10,7,31,0.22,1019855.0,128.36,0.24,4,4.0,3,1
167517,13,8,24,-0.81,1093003.0,131.43,0.17,3,5.0,5,1
620257,13,8,27,1.86,1000663.0,122.85,0.24,4,4.0,5,1
885553,1,3,18,2.15,138090.0,99.45,0.61,2,4.0,1,0
282780,2,2,22,4.25,64238.0,96.92,0.58,2,4.0,1,1
606441,12,5,29,0.92,1066098.0,123.79,0.19,3,3.0,2,1
951151,1,3,40,12.82,198813.0,110.47,0.53,2,5.0,1,0
717769,12,9,31,-3.47,1034162.0,123.46,0.23,4,3.0,5,1
557562,12,5,33,-5.13,1014845.0,115.08,0.22,4,0.0,2,1
986030,11,7,29,-19.69,958345.0,125.91,0.28,3,4.0,3,1
119661,12,9,30,4.21,1078110.0,133.18,0.23,4,5.0,5,1
257871,13,9,26,-2.41,965490.0,120.69,0.2,4,1.0,5,0
196484,13,6,29,4.2,971548.0,128.12,0.23,3,4.0,3,0
39291,1,5,21,3.38,65475.0,110.33,0.59,3,5.0,2,0
813888,2,3,19,14.46,154477.0,87.88,0.53,3,2.0,1,0
435318,0,4,19,7.94,88590.0,84.31,0.53,3,0.0,1,0
145232,0,4,18,3.05,71284.0,84.67,0.57,1,2.0,1,0
872121,12,5,27,-6.42,1036375.0,128.59,0.25,3,4.0,2,0
932347,2,2,18,8.49,52889.0,105.67,0.6,2,6.0,1,0
693185,11,7,25,-7.65,1018264.0,123.54,0.23,3,5.0,3,1
967367,1,4,19,11.8,132855.0,76.18,0.51,3,0.0,1,0
303310,0,5,36,5.85,195630.0,100.6,0.58,2,4.0,2,0
647562,1,2,20,2.74,76092.0,84.44,0.47,2,1.0,1,0
767916,2,2,53,10.75,173567.0,127.79,0.79,2,10.0,1,0
749779,9,6,33,-8.04,998768.0,136.99,0.31,3,8.0,2,1
479843,2,1,36,2.26,24969.0,93.15,0.67,3,3.0,1,0
879659,8,6,28,-16.53,1055673.0,132.14,0.32,3,6.0,2,1
39593,1,4,19,2.79,151005.0,83.66,0.45,2,1.0,1,0
865711,0,5,20,6.46,106202.0,104.12,0.65,2,5.0,2,1
335624,2,3,44,5.17,140962.0,119.43,0.77,2,8.0,1,0
781329,14,8,30,-10.94,1083365.0,137.94,0.34,4,7.0,5,1
68615,1,3,21,3.02,53434.0,102.47,0.61,2,4.0,1,0
731208,12,5,25,-12.34,985319.0,127.57,0.34,3,4.0,2,1
445640,12,6,25,-6.34,949707.0,130.73,0.34,3,5.0,2,1
167538,14,6,29,2.8,978918.0,132.61,0.35,4,7.0,3,1
510074,0,3,21,2.85,72519.0,94.02,0.62,2,3.0,1,0
286518,13,7,23,-7.3,1021010.0,126.9,0.25,4,4.0,4,1
101919,9,10,27,2.38,914161.0,121.94,0.29,4,2.0,4,1
624315,0,3,20,0.39,73506.0,86.16,0.47,2,1.0,1,0
724576,0,5,33,0.7,131423.0,101.19,0.55,2,4.0,2,0
836105,12,7,29,-1.75,966850.0,115.96,0.2,4,1.0,3,1
247044,1,3,56,0.74,107891.0,112.65,0.74,3,7.0,1,0
835530,13,7,23,3.57,994488.0,124.82,0.24,4,4.0,4,1
806841,13,8,34,2.8,946636.0,131.23,0.35,4,5.0,4,1
664187,12,6,30,-18.72,956168.0,130.0,0.37,4,6.0,2,0
865626,14,6,32,-27.08,946866.0,122.16,0.21,4,3.0,3,1
928278,12,8,28,-18.16,1068122.0,134.21,0.24,4,6.0,5,1
742837,12,5,29,-5.78,983285.0,127.51,0.21,3,5.0,2,1
221951,0,4,21,1.54,57727.0,90.75,0.54,2,2.0,1,0
6063,0,3,19,6.45,150710.0,94.88,0.38,3,2.0,1,0
686831,12,5,26,6.8,946221.0,125.03,0.28,4,4.0,2,1
188958,1,3,19,4.58,100275.0,100.86,0.62,2,4.0,1,1
852458,13,8,27,-0.2,915590.0,121.11,0.23,4,3.0,4,1
717558,0,5,57,8.89,70604.0,113.93,0.71,2,7.0,1,0
942485,1,3,44,12.01,91693.0,111.55,0.71,2,5.0,1,0
260421,14,9,35,-37.47,1058310.0,133.81,0.29,4,6.0,5,1
131164,13,6,28,-6.15,1046693.0,124.26,0.25,4,3.0,3,1
73989,1,5,60,11.5,25091.0,119.13,0.75,2,8.0,2,0
687578,0,4,18,5.14,178335.0,117.06,0.63,2,6.0,1,0
457145,7,6,26,-18.22,934102.0,125.74,0.31,3,3.0,2,1
234999,1,3,43,6.58,147395.0,104.56,0.58,2,4.0,1,0
481710,13,10,23,-11.87,988450.0,127.82,0.23,4,3.0,5,1
834601,1,4,56,6.16,88079.0,110.23,0.66,2,6.0,1,0
763347,0,2,20,12.64,110798.0,100.6,0.57,2,5.0,1,1
227349,0,3,43,11.48,89253.0,114.02,0.72,2,7.0,1,1
32568,0,5,19,1.6,72778.0,112.91,0.63,2,7.0,2,0
269992,0,2,47,10.03,151710.0,95.72,0.54,2,2.0,1,1
821882,0,2,38,5.37,140816.0,112.87,0.66,3,6.0,1,0
401735,12,8,34,-15.74,1015566.0,126.36,0.3,4,3.0,4,1
549216,11,6,25,-17.46,1099449.0,135.63,0.26,3,6.0,3,1
643938,11,8,32,8.6,941055.0,131.06,0.27,4,4.0,3,0
900254,0,3,21,13.9,50049.0,94.31,0.48,2,2.0,1,0
423230,10,8,26,-10.79,941763.0,126.47,0.24,4,3.0,3,1
782985,11,5,33,-2.63,976374.0,127.02,0.36,4,5.0,2,1
493047,0,1,21,6.8,113151.0,96.88,0.51,2,3.0,1,0
169914,0,1,43,3.67,64038.0,110.76,0.66,3,7.0,1,0
157952,13,6,33,21.81,1118401.0,122.44,0.2,3,1.0,3,1
139517,0,4,52,0.23,100917.0,111.13,0.66,2,5.0,1,1
649371,14,5,29,-4.18,981474.0,128.39,0.34,4,5.0,2,1
998791,0,4,45,1.12,72713.0,95.82,0.67,3,3.0,1,0
81425,1,4,47,9.16,50000.0,97.49,0.68,3,4.0,1,0
420066,3,3,38,2.51,83728.0,93.95,0.68,3,3.0,1,1
668844,0,2,55,5.43,142418.0,117.56,0.74,3,8.0,1,1
971554,13,7,24,7.05,965158.0,120.6,0.22,4,3.0,3,0
570602,0,4,21,3.74,67969.0,102.12,0.59,2,4.0,1,1
219952,11,7,31,8.23,1051837.0,124.02,0.2,4,2.0,3,1
702375,0,5,51,5.56,112503.0,109.99,0.73,2,7.0,2,1
327773,10,6,27,-3.53,986798.0,125.72,0.15,3,3.0,2,0
150120,14,9,32,-2.98,979299.0,123.59,0.2,3,2.0,5,0
477943,11,5,29,-11.84,962508.0,115.37,0.23,4,2.0,2,1
864504,12,6,32,-1.76,984348.0,129.34,0.3,3,4.0,3,1
344136,12,7,27,-6.08,965775.0,121.88,0.23,3,2.0,3,1
658495,11,7,27,-7.48,1014749.0,121.46,0.2,4,2.0,3,1
517402,13,8,26,-11.0,1036556.0,131.84,0.26,3,6.0,5,1
101423,11,8,33,-3.38,1101150.0,134.31,0.28,3,6.0,4,0
277649,1,4,37,2.54,85317.0,107.54,0.64,2,5.0,1,1
176161,0,2,60,8.19,37408.0,100.68,0.72,1,5.0,1,1
718960,0,0,20,38.08,98908.0,108.51,0.66,2,7.0,1,0
863184,11,6,29,-6.07,994643.0,130.13,0.3,4,5.0,2,1
17567,0,3,19,1.04,123509.0,96.35,0.6,2,3.0,1,1
27262,0,5,20,8.58,127662.0,103.18,0.48,3,3.0,2,0
25067,1,4,31,3.24,78058.0,109.63,0.69,2,5.0,1,0
590284,9,8,25,-17.11,964321.0,125.55,0.29,3,3.0,3,1
297480,0,4,22,16.4,136736.0,83.51,0.48,2,1.0,1,0
646465,0,1,41,1.12,105646.0,108.83,0.69,3,7.0,1,0
581483,0,2,49,6.24,103371.0,99.87,0.65,1,3.0,1,0
678628,12,8,38,8.53,987798.0,127.67,0.22,4,4.0,4,1
635608,13,8,31,7.75,1042090.0,126.8,0.2,4,2.0,5,1
981329,0,4,56,1.22,202782.0,121.97,0.69,3,9.0,1,0
869363,0,5,20,15.91,37286.0,97.55,0.57,2,2.0,1,0
6104,13,7,31,2.47,944648.0,127.78,0.24,3,4.0,3,0
633768,13,6,35,-24.09,1109413.0,118.86,0.19,4,1.0,3,1
956255,11,6,30,-4.99,1032108.0,132.2,0.28,4,6.0,2,1
73588,0,4,56,5.93,208514.0,117.45,0.75,3,8.0,1,0
8087,13,7,28,-3.93,1044350.0,133.79,0.33,4,6.0,4,1
534438,5,3,19,0.57,133645.0,108.41,0.65,3,6.0,2,0
882355,1,4,47,5.31,107141.0,120.27,0.75,2,8.0,1,0
369256,2,2,21,2.1,132442.0,100.97,0.49,2,4.0,1,0
221034,0,4,48,0.16,93124.0,98.18,0.66,2,4.0,1,0
647891,12,5,32,3.26,995242.0,131.67,0.38,4,6.0,2,0
580554,0,2,34,3.98,140402.0,92.53,0.52,2,2.0,1,0
222654,0,4,20,3.4,50000.0,119.97,0.59,2,8.0,1,0
363536,0,5,21,2.39,26673.0,105.01,0.6,2,4.0,1,0
96007,11,5,29,-7.24,955476.0,127.42,0.32,4,5.0,2,1
25241,10,6,38,-21.46,1028117.0,124.77,0.33,3,4.0,2,1
716048,2,4,52,16.93,150876.0,114.98,0.71,2,7.0,2,0
939834,12,6,29,-8.13,953450.0,121.37,0.28,4,4.0,2,1
419899,11,6,32,4.52,979464.0,124.5,0.17,3,3.0,2,1
628145,11,9,30,-0.36,974283.0,130.04,0.28,4,4.0,5,1
557411,3,4,22,8.54,67047.0,90.87,0.6,3,3.0,2,0
187109,2,2,21,6.04,59058.0,79.09,0.53,2,0.0,1,0
890502,1,4,19,17.71,63322.0,80.77,0.45,2,0.0,1,1
893497,0,5,50,9.46,199461.0,116.31,0.64,2,6.0,2,0
689323,13,7,24,-6.22,971676.0,131.43,0.24,4,5.0,3,1
340780,5,3,22,3.93,54585.0,107.9,0.59,3,6.0,1,0
118212,13,8,29,-18.63,1032226.0,130.29,0.22,4,4.0,5,1
431116,3,3,49,12.87,42405.0,111.63,0.73,2,7.0,1,0
462481,10,6,32,-11.71,980311.0,123.23,0.23,4,3.0,2,1
66310,1,5,38,5.89,134391.0,102.1,0.63,2,4.0,2,0
49820,1,3,49,10.32,59115.0,99.23,0.67,2,5.0,1,0
204981,13,9,29,-10.42,986860.0,134.35,0.41,3,7.0,5,1
342314,0,3,58,11.26,163656.0,115.45,0.76,2,8.0,1,1
531367,11,5,29,-5.37,985433.0,127.83,0.25,4,5.0,2,1
786018,3,5,21,2.36,49542.0,102.06,0.62,2,3.0,2,0
146658,13,6,38,-21.91,1048254.0,128.57,0.23,3,4.0,3,1
923252,13,8,34,-27.79,945389.0,136.25,0.36,3,8.0,4,1
180522,0,3,51,1.67,85303.0,89.35,0.58,2,2.0,1,0
685659,13,6,26,-4.33,1029438.0,127.42,0.22,4,4.0,3,1
115626,0,1,18,9.01,163210.0,90.96,0.43,2,1.0,1,1
741337,11,7,31,-20.09,961614.0,129.76,0.34,4,6.0,3,1
705551,11,5,26,1.48,1022897.0,124.17,0.22,4,3.0,2,1
906753,1,1,20,14.91,131208.0,88.14,0.52,2,2.0,1,1
515448,2,2,35,6.72,89960.0,108.24,0.68,2,5.0,1,0
233896,0,4,37,2.7,41796.0,101.63,0.6,2,4.0,1,0
268249,0,3,22,0.9,100714.0,104.35,0.59,3,5.0,1,0
69998,13,6,35,-9.37,992875.0,129.66,0.28,3,6.0,3,1
276092,12,8,34,-3.21,962563.0,123.02,0.22,3,3.0,4,0
604083,10,8,36,-7.29,1046964.0,131.4,0.27,4,4.0,4,1
573109,0,3,19,9.76,161035.0,104.47,0.51,2,3.0,1,0
946167,13,8,28,-16.46,1136771.0,137.2,0.26,4,8.0,5,1
977137,0,4,42,4.77,43782.0,95.9,0.68,2,4.0,1,0
481864,12,6,25,-20.33,1048631.0,133.38,0.27,4,6.0,3,1
262115,1,3,47,2.61,159552.0,104.03,0.69,3,6.0,1,0
302150,13,8,28,12.21,1014938.0,128.28,0.19,4,3.0,5,1
332195,0,3,20,13.12,49047.0,91.43,0.48,2,2.0,1,1
866930,1,3,47,5.14,133145.0,106.51,0.64,2,6.0,1,0
369313,13,6,29,-11.57,935666.0,112.97,0.21,3,0.0,3,1
62999,11,5,29,-12.63,980188.0,123.58,0.25,3,4.0,2,1
460384,13,8,35,-13.53,1055730.0,131.9,0.21,3,4.0,5,1
310973,0,0,20,2.41,124479.0,95.28,0.52,3,4.0,1,0
286895,0,5,21,3.93,156567.0,81.44,0.45,2,0.0,2,1
235356,13,6,26,-8.03,1051420.0,137.4,0.34,4,7.0,3,1
534688,0,3,49,9.53,124010.0,108.64,0.7,2,6.0,1,0
178410,13,6,34,-13.01,962703.0,131.53,0.28,4,5.0,3,1
668558,13,7,30,5.96,1025177.0,125.17,0.3,4,3.0,4,1
939025,13,6,31,-11.3,999061.0,122.15,0.21,4,3.0,3,1
163751,11,5,28,7.85,1021117.0,122.27,0.22,4,3.0,2,1
720033,11,5,26,1.09,1094344.0,119.04,0.2,4,2.0,2,1
243895,11,6,33,-0.35,972883.0,135.43,0.33,4,7.0,2,1
549648,9,7,29,-20.09,1010201.0,122.5,0.26,3,3.0,2,1
440981,1,5,42,9.68,51745.0,108.67,0.74,2,5.0,2,0
202635,1,3,52,1.83,78279.0,116.68,0.72,2,8.0,1,1
878776,1,3,21,9.76,115981.0,113.02,0.64,2,7.0,1,1
698348,11,5,24,-7.48,1016759.0,129.06,0.2,3,5.0,2,1
955159,13,7,28,1.78,1020066.0,130.67,0.28,4,6.0,4,0
492490,12,6,28,-12.08,1115174.0,136.32,0.28,4,7.0,3,0
319649,11,7,28,0.88,1004829.0,122.7,0.3,3,3.0,3,0
676725,12,6,26,-12.4,911127.0,118.11,0.23,4,3.0,2,1
358520,0,4,18,11.7,142591.0,103.45,0.54,1,4.0,1,0
230904,13,8,34,-10.97,1008763.0,125.16,0.23,4,3.0,5,1
477170,11,6,24,4.14,964628.0,125.0,0.26,4,3.0,2,1
758869,13,6,34,-5.0,1026154.0,123.6,0.2,2,3.0,3,1
902215,1,5,20,6.16,26704.0,90.95,0.6,2,2.0,2,1
825373,10,5,27,-8.53,1096934.0,128.91,0.25,3,4.0,2,1
398942,12,8,26,0.43,1024459.0,137.66,0.31,4,7.0,4,0
523741,12,8,25,5.34,1004131.0,119.55,0.22,4,0.0,4,1
968272,0,4,22,2.4,171229.0,94.1,0.46,3,1.0,1,0
100936,2,2,31,2.76,162478.0,96.37,0.62,2,3.0,1,1
966439,3,3,21,1.39,95775.0,106.76,0.6,2,5.0,1,0
671996,3,4,35,4.42,77088.0,98.03,0.59,2,3.0,2,0
442938,13,8,36,-8.92,985772.0,134.31,0.38,3,5.0,4,1
442686,0,4,20,6.13,36013.0,98.81,0.56,2,4.0,1,0
16503,1,5,21,1.85,143121.0,100.51,0.61,2,3.0,2,0
188985,2,4,42,5.39,108162.0,107.99,0.68,2,5.0,2,0
556524,12,5,25,-7.79,1044393.0,123.81,0.22,4,3.0,2,0
214416,13,7,27,15.07,1047958.0,130.55,0.2,3,4.0,4,1
421307,1,4,53,14.18,133262.0,104.41,0.61,3,5.0,1,1
843134,14,8,23,-1.84,1023808.0,136.51,0.27,4,7.0,5,0
549751,2,5,18,1.09,25850.0,87.75,0.59,2,1.0,2,0
96872,1,2,20,2.54,80170.0,91.14,0.55,2,3.0,1,1
792490,1,4,22,1.56,145403.0,102.76,0.53,2,4.0,1,0
917118,0,4,19,6.7,84446.0,96.46,0.54,3,2.0,1,0
871367,0,4,22,2.68,200757.0,107.46,0.58,2,6.0,1,0
818892,13,7,32,-7.85,923858.0,128.08,0.38,4,5.0,3,1
97522,13,7,30,-1.32,1053312.0,133.48,0.25,4,5.0,4,1
208622,0,4,19,7.43,145465.0,100.74,0.6,2,4.0,1,1
579086,0,4,21,3.66,93180.0,91.83,0.6,2,2.0,1,0
722905,13,6,33,-14.94,1103256.0,133.42,0.29,4,5.0,3,0
520518,1,4,21,1.55,181417.0,101.5,0.44,3,4.0,2,0
195424,14,5,33,-23.49,908973.0,131.3,0.35,3,6.0,2,1
522630,0,3,55,4.65,106261.0,94.51,0.66,2,4.0,1,0
606790,0,3,43,18.15,90468.0,104.77,0.67,1,5.0,1,1
602467,2,4,43,16.94,136129.0,117.99,0.76,2,8.0,2,0
674983,12,7,25,13.24,1101021.0,120.42,0.17,3,2.0,4,0
274749,0,3,20,4.17,24571.0,100.35,0.57,2,3.0,1,0
535505,13,9,31,1.9,905172.0,134.11,0.34,4,6.0,5,1
620382,11,8,30,17.21,1023131.0,121.54,0.25,4,2.0,4,1
760970,11,6,34,-10.99,1016502.0,133.82,0.3,3,6.0,2,1
680778,0,3,21,3.7,116965.0,99.91,0.56,2,4.0,1,0
855868,1,4,41,3.14,139862.0,94.74,0.57,3,2.0,1,1
857780,12,5,23,1.61,1059079.0,130.65,0.3,4,5.0,2,0
403831,12,6,30,1.1,939597.0,134.47,0.33,4,6.0,2,1
957644,11,5,36,0.72,1070939.0,119.27,0.22,4,2.0,2,1
436231,1,4,21,6.34,64951.0,90.54,0.6,2,3.0,1,1
891770,0,2,58,3.01,113941.0,114.44,0.75,3,8.0,1,0
135558,13,8,27,1.55,1027788.0,126.55,0.25,4,3.0,5,0
488473,1,5,20,7.52,205397.0,117.22,0.56,2,6.0,2,0
415711,9,6,25,-24.65,996141.0,130.33,0.28,3,5.0,2,0
883143,1,3,21,8.74,152928.0,95.64,0.53,2,3.0,1,0
518964,11,6,23,0.33,998426.0,129.15,0.21,4,5.0,2,1
771551,12,8,25,3.51,1002783.0,127.63,0.26,4,4.0,4,1
417528,3,2,19,7.45,94845.0,86.27,0.52,2,2.0,1,1
786180,0,3,21,6.47,145069.0,105.41,0.54,3,4.0,1,0
676180,3,5,20,0.85,136231.0,90.93,0.44,3,0.0,2,1
337293,0,3,20,5.26,75980.0,92.9,0.56,2,2.0,1,0
677829,0,3,40,5.42,61364.0,85.54,0.48,3,1.0,1,1
237235,0,3,19,9.33,165217.0,95.33,0.52,3,3.0,1,0
136236,13,7,26,2.55,1035944.0,130.64,0.22,3,4.0,4,1
765257,13,8,27,-9.59,1012901.0,131.34,0.23,4,4.0,5,1
327956,0,2,35,0.56,137440.0,90.82,0.49,2,3.0,1,0
245236,9,6,34,-4.69,1035879.0,129.87,0.25,4,5.0,2,1
96572,15,9,29,-2.22,936945.0,133.17,0.31,3,5.0,5,1
797569,12,6,24,6.07,1049164.0,129.87,0.2,4,4.0,3,1
155589,0,2,21,1.61,127069.0,108.0,0.49,2,4.0,1,1
772735,12,6,23,-17.75,1013620.0,122.13,0.2,3,2.0,3,1
618441,13,6,30,-9.32,1026272.0,129.46,0.29,4,4.0,3,1
945356,13,7,28,5.84,944395.0,137.15,0.34,4,8.0,3,1
634865,13,8,27,-12.14,993469.0,134.4,0.3,3,6.0,4,0
492569,11,6,30,-17.22,1065162.0,123.72,0.2,4,3.0,3,1
393883,0,2,47,6.54,56918.0,122.11,0.78,2,10.0,1,0
152168,0,4,48,2.11,113976.0,118.75,0.75,3,7.0,1,0
974832,12,6,28,-2.02,970942.0,122.39,0.27,3,4.0,2,0
221655,4,3,51,0.9,145905.0,115.1,0.76,3,7.0,2,1
281841,5,6,38,-2.69,968365.0,121.84,0.31,3,4.0,2,1
557131,14,6,32,-3.6,1009588.0,127.74,0.3,4,5.0,3,0
959271,0,3,32,1.02,93752.0,109.6,0.74,2,5.0,1,1
163447,0,1,18,11.19,165376.0,93.5,0.46,2,3.0,1,1
265409,0,2,18,14.17,173426.0,98.37,0.53,2,3.0,1,0
677523,0,4,39,6.39,34952.0,111.7,0.7,2,5.0,1,0
557526,13,7,28,-10.04,1038284.0,115.13,0.17,4,0.0,4,1
89257,1,1,56,3.34,161882.0,123.83,0.76,2,9.0,1,0
119043,1,3,21,0.38,104906.0,103.94,0.57,2,4.0,1,1
686924,12,6,23,-29.83,1030078.0,114.34,0.17,4,0.0,3,1
778590,11,8,34,-28.95,989244.0,132.9,0.32,4,5.0,4,0
605989,0,1,20,45.65,140282.0,109.33,0.59,3,5.0,1,0
55239,1,1,32,2.25,55593.0,94.79,0.66,3,4.0,1,1
484584,12,6,32,2.46,973857.0,130.51,0.35,4,5.0,2,1
311862,13,7,27,-1.57,1007018.0,129.51,0.22,4,4.0,4,1
144604,13,5,30,10.56,973658.0,122.32,0.31,4,3.0,2,1
684241,13,8,30,13.5,963524.0,120.83,0.24,4,2.0,4,1
674529,1,4,20,4.69,144205.0,100.72,0.55,2,2.0,1,1
696732,0,3,21,1.47,38677.0,104.03,0.56,2,4.0,1,1
586933,12,6,31,-6.19,948062.0,121.65,0.19,3,2.0,2,0
454523,0,3,20,1.62,50000.0,77.26,0.56,2,0.0,1,0
766669,1,3,19,3.58,119195.0,94.86,0.55,2,2.0,1,0
99414,0,4,20,5.95,72864.0,92.53,0.5,2,1.0,1,1
419530,12,6,23,12.91,995789.0,131.19,0.23,4,5.0,3,1
876242,0,4,49,3.32,137494.0,109.48,0.73,2,5.0,1,0
819313,14,8,27,-1.64,1059220.0,127.83,0.2,4,3.0,5,1
457949,12,9,33,-6.12,1091769.0,135.79,0.32,4,6.0,5,1
841278,11,7,31,-1.52,1002303.0,126.71,0.26,4,4.0,3,0
342020,0,3,56,2.09,133135.0,106.72,0.73,2,5.0,1,0
764362,12,7,30,-13.03,1016109.0,121.01,0.17,4,2.0,3,1
102465,0,2,21,2.37,50000.0,88.62,0.51,2,2.0,1,1
491141,0,3,37,1.0,46914.0,120.49,0.71,2,7.0,1,0
267826,1,2,44,5.42,122329.0,100.15,0.66,2,5.0,1,0
853067,1,5,40,9.45,89348.0,97.55,0.55,2,3.0,2,0
473326,0,3,43,3.97,75516.0,114.68,0.68,2,7.0,1,1
642033,13,6,30,8.11,1053222.0,124.9,0.26,4,3.0,3,1
199491,10,8,25,-9.89,929598.0,128.83,0.21,4,5.0,3,1
131833,0,4,21,1.95,102106.0,109.58,0.55,2,4.0,1,1
419975,12,9,30,-1.59,992878.0,124.23,0.2,4,3.0,5,1
328265,1,4,39,0.18,51436.0,99.58,0.66,2,4.0,1,0
643351,12,6,30,-0.99,1036099.0,124.65,0.23,4,2.0,3,1
23033,12,8,24,-3.18,1108205.0,127.79,0.22,4,2.0,5,0
533017,0,2,21,4.59,71569.0,83.92,0.51,2,1.0,1,0
552327,0,2,21,0.2,150363.0,85.57,0.52,2,1.0,1,0
591578,9,6,27,0.45,1076119.0,134.85,0.34,4,7.0,2,1
8228,11,6,25,11.3,1103262.0,129.89,0.23,4,2.0,3,1
581397,13,6,25,-13.37,1071597.0,123.15,0.2,4,2.0,3,1
416588,13,5,27,-31.11,1008357.0,120.21,0.2,4,2.0,2,0
140716,1,3,19,13.02,111073.0,83.62,0.48,3,2.0,1,1
5517,3,5,20,1.25,105500.0,85.11,0.45,2,0.0,2,0
423369,0,3,21,2.84,72559.0,84.16,0.53,2,1.0,1,0
960293,3,3,19,3.62,114978.0,104.67,0.61,3,4.0,1,0
973994,0,4,19,3.75,69052.0,80.5,0.48,2,0.0,1,1
750047,2,4,22,10.72,65943.0,98.12,0.55,3,2.0,1,0
414038,0,5,56,5.04,40273.0,109.71,0.68,2,6.0,1,0
966022,12,6,31,-4.24,981230.0,126.54,0.27,4,5.0,3,1
222435,0,4,57,0.57,124093.0,122.7,0.77,3,10.0,1,0
638236,11,7,33,2.8,981803.0,132.15,0.29,4,6.0,3,0
275118,1,3,50,3.54,244352.0,104.82,0.62,2,5.0,1,0
225771,2,2,46,15.7,145994.0,112.82,0.66,2,7.0,1,0
628642,12,9,25,-9.56,940746.0,125.23,0.19,3,2.0,5,0
587221,0,5,18,6.67,86499.0,99.69,0.54,2,3.0,2,0
176021,9,7,27,11.74,1026999.0,122.05,0.18,4,1.0,3,1
334709,15,7,25,3.32,1036498.0,118.42,0.17,4,1.0,5,1
10011,0,4,45,5.47,134715.0,110.72,0.64,2,6.0,1,0
246629,1,4,22,0.74,152721.0,105.93,0.58,3,4.0,1,1
482871,14,10,29,-5.42,997011.0,123.31,0.3,3,3.0,5,1
909268,12,6,25,7.57,1082632.0,133.54,0.27,4,6.0,3,1
288988,12,7,25,-18.15,922686.0,126.75,0.25,4,4.0,3,1
20093,2,4,22,1.86,55865.0,105.91,0.57,2,4.0,1,1
96366,11,5,29,-21.85,987867.0,117.62,0.17,4,1.0,2,1
818276,0,4,22,7.57,135733.0,97.82,0.48,2,3.0,1,0
84234,12,6,29,-13.47,1079893.0,120.48,0.2,4,2.0,3,0
645341,12,7,34,-24.03,969567.0,129.84,0.25,3,4.0,3,1
701850,12,5,32,-8.66,1031778.0,128.66,0.35,4,5.0,2,1
929141,1,4,21,2.16,68380.0,105.14,0.71,2,5.0,1,1
782267,12,7,28,4.91,977279.0,118.58,0.2,3,1.0,3,1
913076,11,8,27,-8.69,1015738.0,125.51,0.19,4,3.0,4,1
73542,0,4,52,7.6,43338.0,114.6,0.71,2,7.0,1,0
359004,0,3,35,6.44,97755.0,87.14,0.48,2,1.0,1,0
18844,2,4,39,3.92,82579.0,99.31,0.7,3,4.0,1,1
849818,1,3,48,6.93,182473.0,122.62,0.75,3,8.0,1,0
241010,1,5,44,0.3,142906.0,114.37,0.66,2,6.0,2,0
698892,11,9,27,-10.71,1032890.0,126.1,0.22,3,3.0,5,0
46016,1,5,54,4.19,66377.0,116.2,0.69,3,8.0,2,1
34652,1,4,18,1.11,153372.0,92.0,0.52,2,1.0,1,0
500310,11,5,33,-10.48,999890.0,131.19,0.26,4,5.0,2,1
521529,12,5,23,-10.84,995812.0,121.41,0.29,4,3.0,2,1
820880,14,6,30,-0.48,972848.0,134.07,0.33,4,8.0,3,1
424154,0,4,41,4.61,71286.0,105.13,0.65,2,4.0,1,0
9813,13,7,28,-4.49,981212.0,118.62,0.26,3,1.0,4,1
897398,0,2,19,10.96,153570.0,104.83,0.53,2,4.0,1,1
684469,13,7,25,8.91,923524.0,136.28,0.27,4,7.0,3,1
620522,12,7,27,4.05,932918.0,118.25,0.2,3,2.0,3,1
376575,12,6,35,-8.82,993698.0,134.15,0.3,4,7.0,3,0
731066,11,7,24,-20.78,1021684.0,124.16,0.24,4,3.0,3,0
322527,1,4,21,2.5,131608.0,90.41,0.55,2,2.0,1,0
585196,12,8,31,-2.04,994396.0,127.83,0.26,3,4.0,4,1
751992,0,3,18,22.3,137298.0,84.14,0.48,2,0.0,1,0
284961,13,8,24,-1.31,1011643.0,128.74,0.3,3,4.0,5,1
327122,11,6,25,-9.36,1005650.0,122.82,0.2,4,1.0,2,1
175386,1,2,21,4.12,50000.0,98.35,0.45,3,3.0,1,1
198604,0,3,45,8.87,113231.0,127.53,0.77,2,11.0,1,0
943290,12,8,25,-1.11,1007614.0,121.43,0.26,4,2.0,4,0
651922,1,3,19,7.05,85927.0,85.15,0.51,2,1.0,1,1
409761,12,6,37,5.19,1072594.0,126.73,0.21,3,3.0,3,0
103047,0,3,20,2.19,141892.0,102.57,0.51,2,4.0,1,1
162184,11,7,27,0.61,981623.0,121.35,0.22,4,3.0,3,0
59783,10,7,23,-4.4,974911.0,116.57,0.22,3,0.0,3,1
352460,13,8,24,-8.92,1020780.0,130.25,0.28,4,4.0,5,0
869665,1,5,38,15.83,141273.0,111.38,0.65,2,5.0,2,1
718267,0,2,19,0.39,101703.0,87.83,0.42,3,2.0,1,0
953950,12,5,31,-20.5,952665.0,132.45,0.29,3,6.0,2,1
5019,0,4,21,6.52,201634.0,112.53,0.61,2,6.0,1,0
236286,12,6,26,-13.07,1016927.0,133.51,0.3,4,6.0,3,1
725575,1,3,47,5.76,60224.0,86.02,0.63,2,2.0,1,0
48141,2,4,38,3.02,18179.0,98.95,0.7,2,4.0,1,0
259852,11,7,33,-1.63,1003598.0,126.24,0.3,4,3.0,3,1
336706,0,3,47,0.67,173685.0,101.48,0.61,3,4.0,1,0
364140,4,3,40,8.07,168358.0,111.87,0.59,3,5.0,2,0
92743,1,4,49,18.98,77327.0,113.97,0.7,2,7.0,1,0
749401,0,3,34,8.68,170180.0,103.18,0.59,3,3.0,1,1
905295,14,6,29,5.38,980978.0,134.11,0.31,4,7.0,3,1
933506,5,4,43,4.86,71551.0,102.66,0.61,2,4.0,2,0
350741,10,8,23,-20.73,1009543.0,125.06,0.24,2,2.0,3,1
426028,12,6,27,-13.67,1101765.0,132.41,0.28,4,5.0,3,1
862790,12,8,27,-3.62,1045203.0,127.99,0.26,4,5.0,4,1
445196,9,8,32,-24.35,1073753.0,135.86,0.35,3,7.0,4,0
829411,12,8,23,-7.57,952647.0,118.58,0.23,4,0.0,4,1
66669,12,8,32,-12.53,1024754.0,134.12,0.34,4,6.0,4,1
628836,1,4,19,0.63,173386.0,100.13,0.53,3,3.0,2,0
398984,10,6,26,-4.67,976152.0,117.56,0.18,4,0.0,2,1
291938,13,9,23,-13.33,1144247.0,130.1,0.22,3,3.0,5,1
348610,11,8,30,-9.17,971678.0,126.53,0.25,3,3.0,4,1
172471,14,6,31,-14.09,1080856.0,126.46,0.2,4,4.0,4,1
215245,0,3,54,11.32,4056.0,111.95,0.79,1,7.0,1,0
313116,1,3,58,6.13,116976.0,106.32,0.61,2,7.0,1,0
477694,3,5,35,18.1,80858.0,108.66,0.58,2,5.0,2,0
742163,12,8,31,12.75,1068397.0,129.27,0.19,4,2.0,5,1
811488,12,5,26,-7.62,1036852.0,117.2,0.18,3,1.0,2,1
689315,14,6,35,-4.41,963178.0,121.87,0.23,4,3.0,3,1
962731,1,3,18,2.44,51152.0,120.79,0.63,2,9.0,1,0
958074,2,2,39,4.8,91348.0,108.19,0.7,3,5.0,1,0
838903,12,7,28,-4.72,1003346.0,118.49,0.27,3,2.0,3,1
191049,0,3,18,1.33,62321.0,92.31,0.55,2,2.0,1,0
358131,10,7,26,-15.4,981484.0,131.01,0.37,4,6.0,3,1
870853,14,6,25,6.55,999266.0,123.82,0.2,4,3.0,3,0
227549,15,5,31,-3.94,1005163.0,130.47,0.3,3,6.0,3,1
231381,0,5,43,5.28,187882.0,106.51,0.61,1,4.0,2,0
331891,11,6,27,-12.58,976161.0,136.58,0.28,4,7.0,2,1
21061,2,3,48,11.63,74244.0,104.1,0.57,2,5.0,1,1
70467,12,6,25,-3.56,1039044.0,127.52,0.19,4,3.0,3,1
210180,12,6,32,4.01,991307.0,127.59,0.3,4,4.0,3,0
304351,13,5,25,4.93,981634.0,120.48,0.21,4,3.0,2,1
744716,1,3,19,4.05,243712.0,90.1,0.51,3,2.0,1,0
11027,2,3,20,1.98,146068.0,96.85,0.51,2,2.0,1,1
750893,14,6,25,10.92,1027272.0,127.52,0.2,4,4.0,3,1
485655,12,5,24,1.44,979392.0,130.65,0.29,4,4.0,2,0
127289,12,7,25,-7.29,1022880.0,115.35,0.19,3,1.0,3,1
265609,4,5,21,7.66,105494.0,104.38,0.61,3,4.0,2,1
158693,0,1,21,4.81,69034.0,90.33,0.53,2,3.0,1,0
963121,0,4,59,13.33,167031.0,103.84,0.7,2,4.0,1,1
931633,0,2,46,7.77,60678.0,97.97,0.71,3,4.0,1,0
143206,1,3,43,1.44,148748.0,107.06,0.66,2,4.0,1,0
91494,1,5,45,3.33,30087.0,101.81,0.62,2,5.0,2,1
976202,14,8,30,-8.07,1011861.0,130.0,0.28,4,4.0,5,1
890428,13,5,28,-20.38,968165.0,127.41,0.29,4,4.0,2,1
516479,12,8,23,-7.12,1046210.0,128.88,0.22,4,3.0,4,1
7341,0,3,46,6.37,139857.0,98.56,0.66,2,5.0,1,0
813152,0,5,38,2.47,124614.0,107.08,0.69,2,5.0,2,0
625399,11,6,27,16.57,1020214.0,130.41,0.28,4,6.0,2,1
796771,2,2,22,1.17,86498.0,98.0,0.53,3,3.0,1,0
791407,9,6,29,-0.38,1009053.0,121.43,0.24,3,3.0,2,0
610055,0,3,20,3.27,157065.0,86.63,0.53,3,0.0,1,1
1721,0,2,40,2.59,91752.0,94.74,0.59,3,4.0,1,0
772760,10,8,32,-14.19,987553.0,132.88,0.33,4,6.0,3,1
287809,13,7,31,8.01,996798.0,123.43,0.2,4,3.0,4,0
285949,2,4,38,15.25,104719.0,105.75,0.61,2,5.0,2,0
541899,0,4,20,3.09,116972.0,93.25,0.48,2,2.0,1,0
185685,13,7,28,-1.8,949369.0,129.94,0.31,3,5.0,3,1
122456,13,5,36,5.24,1009320.0,128.39,0.33,4,5.0,2,1
128235,2,5,55,2.44,113785.0,119.17,0.7,2,7.0,2,0
733182,12,5,25,-8.52,992281.0,126.95,0.23,2,3.0,2,1
770195,8,3,37,0.71,132170.0,103.33,0.66,2,4.0,2,0
971268,1,3,38,16.9,73341.0,107.06,0.64,2,5.0,1,0
100551,0,4,40,10.14,67570.0,110.18,0.64,2,7.0,1,0
280823,0,4,59,0.6,215183.0,114.07,0.76,2,6.0,1,0
480525,0,2,52,0.45,94385.0,110.93,0.7,2,8.0,1,0
30187,15,8,29,-5.07,954703.0,121.2,0.22,3,2.0,5,1
403954,14,9,31,-7.85,982910.0,134.67,0.34,4,6.0,5,0
342768,11,7,26,-6.22,1029884.0,124.76,0.24,4,3.0,3,1
129253,2,3,20,10.06,18980.0,98.25,0.58,3,4.0,1,1
774939,0,2,20,4.26,123329.0,93.96,0.67,2,4.0,1,1
440508,10,8,24,-8.47,1053098.0,130.31,0.2,3,4.0,4,1
498946,11,6,30,-2.44,954551.0,122.01,0.28,4,2.0,2,1
762808,3,3,21,20.45,137340.0,83.37,0.46,3,0.0,1,1
757408,0,2,39,0.85,57230.0,104.4,0.65,2,6.0,1,0
171006,0,3,22,1.03,128288.0,109.14,0.6,2,5.0,1,0
967484,0,4,21,1.8,128725.0,109.56,0.61,2,4.0,1,1
202658,12,7,25,-6.87,1004668.0,128.59,0.22,3,3.0,3,1
255483,13,7,30,-9.45,1072664.0,133.4,0.31,3,6.0,4,1
101396,11,5,27,16.88,952140.0,119.46,0.3,4,2.0,2,0
100581,0,5,22,14.15,131512.0,104.47,0.44,1,2.0,2,1
850760,12,7,23,-5.26,977633.0,122.53,0.19,3,3.0,3,1
712467,12,8,30,-0.36,934399.0,117.53,0.23,4,1.0,4,1
719144,13,7,25,8.71,1018798.0,132.56,0.34,4,6.0,4,1
980328,0,3,22,11.92,118697.0,104.11,0.56,2,5.0,1,0
434258,1,4,19,4.51,33621.0,106.1,0.58,2,5.0,1,0
220239,0,5,32,1.77,109196.0,113.49,0.58,3,6.0,2,0
487094,14,7,24,-6.84,1001057.0,115.28,0.17,3,0.0,4,1
248385,3,4,42,6.49,77511.0,109.26,0.73,2,5.0,2,0
862896,13,5,25,8.44,990550.0,124.77,0.22,4,2.0,2,1
221111,0,3,46,0.58,119674.0,105.45,0.68,3,6.0,1,0
269052,12,5,33,-11.75,962747.0,128.77,0.32,4,6.0,2,0
101497,13,8,25,-1.62,949852.0,131.79,0.32,4,6.0,4,1
715068,0,4,19,2.18,69980.0,77.32,0.49,2,0.0,1,1
399401,0,2,19,2.76,78019.0,103.87,0.59,2,6.0,1,1
419715,2,2,19,0.58,57713.0,87.95,0.51,2,1.0,1,0
891343,0,5,57,5.16,103960.0,114.85,0.71,2,8.0,2,0
817948,0,3,35,10.63,135431.0,107.16,0.61,2,3.0,1,0
679604,2,3,20,3.66,95882.0,119.49,0.55,1,8.0,1,0
447878,0,5,21,0.25,88633.0,98.51,0.58,1,2.0,2,1
979496,0,4,50,1.44,44345.0,99.46,0.67,2,5.0,1,0
864420,11,6,38,5.31,954107.0,126.59,0.32,3,5.0,2,1
691588,0,3,52,19.51,111326.0,93.54,0.67,2,4.0,1,0
679856,11,6,36,6.69,1074976.0,125.77,0.28,4,4.0,3,0
382859,12,6,23,3.18,990327.0,114.1,0.2,4,0.0,3,1
393788,0,3,48,1.0,65673.0,110.57,0.77,3,7.0,1,0
149935,12,6,24,-10.85,1002915.0,117.6,0.2,4,1.0,3,1
837531,9,6,28,-4.34,956679.0,109.92,0.25,3,0.0,2,1
234346,0,4,19,7.23,131690.0,90.72,0.43,2,0.0,1,1
513201,1,1,54,8.99,45652.0,112.44,0.75,3,6.0,1,1
966926,12,6,31,10.17,946134.0,127.44,0.27,3,4.0,2,1
174567,13,8,30,-5.23,1042863.0,135.92,0.31,4,6.0,5,1
256408,12,6,31,-13.4,953194.0,132.77,0.3,4,5.0,2,1
9657,10,6,23,-1.86,1004923.0,123.59,0.19,4,2.0,2,1
17737,0,3,57,5.44,36760.0,120.83,0.74,3,9.0,1,0
427543,15,6,35,-1.7,1032175.0,139.11,0.43,4,10.0,4,1
4663,0,2,19,2.12,121242.0,93.04,0.55,1,3.0,1,0
890870,0,2,56,0.62,117587.0,103.84,0.63,2,3.0,1,0
550613,1,4,21,3.14,26819.0,111.49,0.54,3,7.0,1,0
786799,0,5,20,10.46,120632.0,92.81,0.59,2,3.0,2,0
178895,13,6,30,-4.52,1050395.0,122.29,0.2,3,3.0,3,1
788823,1,4,35,0.51,88485.0,111.09,0.64,2,6.0,1,0
973458,0,3,20,12.25,1976.0,100.08,0.49,3,4.0,1,0
789949,12,6,33,-5.64,1028290.0,130.5,0.33,4,4.0,3,0
381230,11,7,23,-5.47,1063809.0,119.42,0.19,3,0.0,3,1
22622,12,6,27,-13.87,976760.0,130.55,0.31,3,5.0,2,1
870626,11,8,28,-15.63,1004727.0,121.97,0.2,4,1.0,4,1
796336,2,5,59,5.89,147608.0,114.14,0.75,2,8.0,2,0
404619,11,5,35,-9.31,987368.0,124.3,0.32,3,4.0,2,1
326616,0,4,21,11.49,9795.0,100.35,0.63,2,4.0,1,1
786342,2,4,20,6.72,97511.0,93.1,0.46,2,2.0,1,0
632279,9,6,30,-2.44,1004093.0,129.16,0.22,4,3.0,2,0
550498,1,4,44,3.63,170791.0,107.09,0.56,3,4.0,2,0
706011,14,7,24,-4.19,1027405.0,131.21,0.27,4,5.0,4,0
81688,0,4,19,25.18,195020.0,107.73,0.55,2,4.0,1,1
32754,12,5,26,3.71,954143.0,131.74,0.33,4,6.0,2,1
93183,13,5,26,-6.02,983638.0,116.54,0.18,4,0.0,2,0
593214,9,8,24,10.34,993492.0,129.85,0.32,3,5.0,3,0
270411,4,4,59,4.82,15764.0,114.48,0.8,2,9.0,2,0
64277,12,6,24,-12.27,993086.0,125.44,0.21,4,3.0,3,1
288735,0,1,20,6.8,84975.0,76.87,0.37,3,1.0,1,0
659637,1,4,20,1.9,213934.0,105.94,0.51,2,4.0,2,0
918532,1,2,19,22.51,47398.0,85.22,0.51,2,1.0,1,0
823444,1,4,21,0.55,15591.0,101.78,0.61,3,4.0,1,0
612478,12,7,24,-5.3,992188.0,125.55,0.19,4,3.0,3,1
375987,11,6,33,-21.84,1132870.0,132.56,0.25,4,6.0,3,1
378914,1,1,60,1.31,175194.0,109.06,0.74,2,7.0,1,0
553228,6,3,18,11.23,36665.0,94.63,0.58,2,3.0,2,0
331479,0,5,18,10.69,58326.0,105.0,0.62,2,5.0,1,1
316347,0,3,35,3.26,110068.0,94.7,0.55,1,2.0,1,0
582918,13,7,30,12.48,1028824.0,120.93,0.25,3,3.0,4,1
742874,11,7,33,-3.8,1002421.0,132.07,0.34,3,4.0,3,0
668181,12,8,27,0.32,1017481.0,124.62,0.15,3,3.0,4,1
562181,14,7,28,-4.35,960045.0,127.79,0.4,4,6.0,4,0
980583,8,7,24,-5.09,1023779.0,123.33,0.24,4,3.0,2,1
997955,0,3,22,11.45,68888.0,95.46,0.57,2,3.0,1,1
816205,11,8,33,-3.08,988782.0,137.72,0.39,4,8.0,4,1
710660,13,5,33,9.68,1057814.0,123.71,0.16,4,1.0,2,1
931270,12,7,30,-11.0,1043364.0,130.61,0.28,3,6.0,4,1
627097,14,5,31,-9.15,1100930.0,111.15,0.16,4,0.0,3,1
236419,12,7,32,0.77,982005.0,120.94,0.17,3,3.0,3,0
140676,15,7,31,-2.31,991989.0,122.77,0.17,4,1.0,4,1
303921,13,5,29,2.08,1055474.0,121.08,0.24,4,3.0,2,1
317048,14,8,31,-18.1,954994.0,120.89,0.21,4,1.0,5,1
467563,1,4,57,9.17,162995.0,104.73,0.58,2,4.0,2,0
225619,13,6,34,-6.02,1086355.0,135.02,0.24,4,6.0,3,0
885174,12,8,24,-7.37,1048674.0,127.91,0.18,4,4.0,4,0
883368,0,2,19,3.88,123176.0,91.3,0.54,3,2.0,1,0
242344,13,6,36,10.06,995422.0,124.59,0.34,3,3.0,3,1
485613,2,2,40,4.35,79676.0,102.42,0.64,2,5.0,1,0
116366,13,10,23,-1.61,957312.0,134.38,0.24,4,6.0,5,1
324173,9,7,26,-6.9,1088204.0,128.24,0.24,4,5.0,3,1
455428,0,1,52,5.57,167311.0,115.87,0.68,3,8.0,1,0
47656,12,8,28,6.55,1005602.0,128.2,0.29,4,5.0,4,1
819728,12,8,29,-14.21,940292.0,137.28,0.36,3,9.0,4,1
384835,12,7,28,5.61,981056.0,117.79,0.26,3,1.0,3,1
702810,12,5,36,-12.46,1074602.0,133.71,0.34,4,7.0,2,1
746958,1,3,22,1.51,133377.0,94.53,0.51,3,3.0,1,1
597779,11,5,24,9.24,1065182.0,125.44,0.22,3,3.0,2,1
53110,1,3,21,5.26,102661.0,90.83,0.5,2,1.0,1,0
808724,13,7,30,3.89,1035983.0,124.66,0.27,3,3.0,4,1
751299,0,2,21,1.07,89249.0,90.2,0.42,2,3.0,1,0
114262,1,4,19,13.45,71462.0,94.68,0.55,2,1.0,1,0
968682,0,3,41,6.04,72590.0,101.93,0.62,2,5.0,1,1
387351,0,3,21,0.02,37342.0,95.57,0.61,2,3.0,1,1
325554,10,6,29,-6.96,1004691.0,120.97,0.21,4,1.0,2,0
921668,11,6,25,-5.55,1016851.0,125.17,0.28,3,3.0,2,1
1161,11,5,28,3.09,960201.0,116.2,0.16,4,1.0,2,0
336368,1,5,37,3.97,56668.0,101.54,0.49,2,2.0,2,1
144639,12,7,29,-5.44,1107102.0,130.76,0.24,4,4.0,4,1
451595,1,4,21,0.97,111325.0,107.3,0.66,1,5.0,1,0
160417,0,5,55,3.45,82800.0,131.14,0.81,2,13.0,2,0
443425,13,5,28,-15.62,915921.0,122.91,0.26,4,3.0,2,1
945802,12,6,28,-3.64,949313.0,123.22,0.27,3,3.0,2,1
288130,3,2,58,0.47,65422.0,119.25,0.8,2,9.0,1,0
158666,12,7,33,-10.18,1010160.0,125.11,0.19,4,3.0,3,1
224190,12,8,26,-6.6,979326.0,129.08,0.3,3,4.0,4,1
605920,0,3,19,3.35,50000.0,97.66,0.51,3,4.0,1,0
815939,13,6,25,-20.05,1021918.0,126.04,0.27,4,3.0,3,1
960978,0,5,33,2.53,90014.0,93.8,0.46,2,2.0,2,0
926709,12,7,29,-9.43,963893.0,132.85,0.28,4,5.0,3,1
291586,12,6,27,6.53,925007.0,128.08,0.3,3,5.0,2,0
246129,1,4,21,4.2,82178.0,108.99,0.57,2,5.0,1,0
616388,13,7,35,-11.33,1008374.0,130.67,0.28,3,5.0,4,0
743628,1,2,33,6.46,114506.0,96.61,0.59,3,3.0,1,0
426960,13,7,30,-11.14,1067381.0,132.74,0.3,4,5.0,4,0
770067,1,4,58,18.08,174854.0,113.06,0.69,3,7.0,2,0
909491,0,3,35,15.05,181216.0,94.32,0.61,2,2.0,1,1
160959,12,6,30,-6.24,1082070.0,118.83,0.21,4,2.0,3,0
559645,0,5,43,17.54,109767.0,123.28,0.77,2,9.0,2,0
126908,0,3,40,6.33,79553.0,101.99,0.57,2,3.0,1,1
109118,4,4,57,0.68,155671.0,120.95,0.65,3,8.0,2,0
358426,2,2,35,5.88,70640.0,94.77,0.62,3,2.0,1,0
463792,11,6,24,1.0,1018055.0,129.75,0.34,3,6.0,2,1
557317,12,6,32,11.42,962851.0,122.45,0.18,4,1.0,2,1
759886,0,4,20,1.06,105797.0,100.16,0.47,2,3.0,1,0
291069,10,7,24,-1.73,930005.0,125.35,0.29,3,3.0,2,1
731088,0,3,20,5.54,73142.0,105.15,0.53,2,6.0,1,1
610028,1,5,18,0.31,167553.0,89.34,0.49,2,1.0,2,1
356680,0,5,37,2.14,201086.0,121.94,0.72,2,9.0,2,1
496007,2,5,60,1.44,22196.0,104.64,0.69,2,5.0,2,1
190105,2,3,18,6.92,54656.0,78.23,0.48,3,0.0,1,0
525808,0,4,19,5.36,138858.0,95.48,0.56,2,3.0,1,1
799027,11,7,26,-7.83,906544.0,130.11,0.37,4,6.0,3,1
150383,12,7,35,-10.51,1073644.0,133.53,0.28,3,6.0,4,1
962512,0,5,20,7.93,24913.0,89.62,0.51,2,1.0,1,1
945089,13,6,32,-2.92,979471.0,120.05,0.32,3,4.0,3,1
773183,1,5,34,1.31,110667.0,110.61,0.53,2,5.0,2,0
937686,13,7,36,3.4,943636.0,132.07,0.43,4,6.0,3,1
127866,13,9,28,-7.2,949256.0,135.11,0.35,3,6.0,5,1
421360,13,7,32,-10.25,1019802.0,119.42,0.24,4,2.0,4,0
897825,0,4,20,0.55,74752.0,104.56,0.57,2,4.0,1,0
462241,13,7,26,-8.74,999430.0,117.83,0.23,4,1.0,4,1
204967,0,4,19,1.82,147903.0,92.9,0.49,2,3.0,1,0
604687,2,4,54,1.6,49965.0,126.35,0.81,3,11.0,1,1
691244,0,3,59,4.26,154317.0,118.99,0.76,2,8.0,1,0
165184,1,1,22,4.38,69616.0,82.03,0.51,2,2.0,1,0
986539,0,4,55,0.19,120880.0,98.61,0.63,3,4.0,1,0
554917,4,3,36,9.17,61912.0,116.89,0.64,3,7.0,1,0
434814,13,6,30,1.1,1041787.0,121.3,0.25,4,2.0,3,1
783798,3,2,20,0.05,120006.0,96.82,0.49,2,2.0,1,0
237653,0,3,20,1.73,80405.0,94.1,0.58,2,3.0,1,0
516384,13,7,29,-7.6,1071166.0,129.46,0.25,4,4.0,4,1
397891,0,3,20,3.26,40013.0,82.22,0.41,1,0.0,1,0
451858,14,7,26,-25.65,1038570.0,122.46,0.16,3,1.0,4,1
724708,11,6,25,1.9,942068.0,124.45,0.26,3,3.0,2,0
293471,0,4,20,3.02,23283.0,87.5,0.48,2,2.0,1,0
994148,1,4,20,2.87,107245.0,100.28,0.56,2,3.0,1,0
546287,0,3,46,14.76,77692.0,119.05,0.77,2,8.0,1,1
21406,0,3,42,2.33,80602.0,104.01,0.67,2,4.0,1,0
695450,2,3,47,8.92,89058.0,108.79,0.76,1,7.0,1,0
220781,15,5,34,2.43,1017155.0,124.33,0.23,3,4.0,3,1
241838,4,4,40,10.66,70902.0,102.54,0.7,3,4.0,2,0
748506,2,4,46,10.23,67846.0,122.8,0.63,2,9.0,1,0
82198,11,5,23,-11.01,1010258.0,128.17,0.31,4,5.0,2,0
322576,12,7,29,-1.56,963731.0,129.11,0.33,4,5.0,3,1
264041,2,4,53,2.79,52175.0,120.53,0.81,2,9.0,1,0
410227,13,7,31,2.11,977955.0,121.59,0.3,4,4.0,4,1
909564,0,3,20,3.64,137313.0,107.56,0.57,3,5.0,1,0
733311,10,6,29,12.14,1016885.0,126.78,0.31,4,4.0,2,1
563829,0,4,20,0.97,34626.0,107.61,0.63,2,4.0,1,0
981389,1,4,55,3.71,22529.0,112.85,0.74,2,8.0,1,0
963775,1,3,37,12.79,98239.0,111.15,0.58,2,6.0,1,0
175023,9,7,25,-8.14,1003350.0,129.13,0.24,4,3.0,2,1
679789,14,8,29,3.47,1054292.0,122.57,0.17,4,2.0,5,0
511047,1,0,49,0.24,38548.0,103.46,0.72,2,5.0,1,0
175050,1,4,21,13.96,31912.0,100.01,0.62,2,3.0,1,1
631518,15,7,28,-7.69,951315.0,122.89,0.25,3,3.0,4,1
368677,1,5,33,5.51,117741.0,106.92,0.62,2,5.0,2,0
982462,11,9,32,-4.57,1024368.0,122.81,0.22,4,2.0,5,1
345403,0,4,18,4.97,81949.0,98.56,0.55,2,2.0,1,0
639604,14,10,23,-12.93,1036334.0,130.63,0.19,4,3.0,5,0
248570,10,7,30,-1.8,963776.0,125.62,0.16,4,4.0,3,1
657088,0,5,20,8.71,92458.0,96.57,0.49,2,3.0,2,1
244050,14,7,31,22.55,952287.0,133.35,0.29,4,6.0,4,0
231416,0,4,19,1.69,113943.0,90.6,0.44,3,1.0,1,0
897659,11,8,29,-20.38,1035916.0,133.38,0.33,3,6.0,4,1
794399,10,5,27,1.9,1031389.0,121.07,0.19,4,2.0,2,1
951283,15,7,26,-21.13,965993.0,129.6,0.29,4,5.0,4,1
346861,0,4,39,13.08,84605.0,93.85,0.63,2,3.0,1,1
869744,2,4,21,0.83,20540.0,99.7,0.57,2,4.0,1,0
788271,14,6,26,1.76,1034034.0,128.11,0.23,3,3.0,3,0
644345,11,5,23,-17.43,952034.0,113.56,0.22,4,0.0,2,1
53672,0,4,52,5.96,130114.0,109.69,0.73,2,7.0,1,0
994189,0,3,20,4.11,112589.0,116.7,0.65,2,7.0,1,0
796916,12,6,28,-13.1,914212.0,125.15,0.26,3,3.0,2,0
114353,12,7,25,14.3,1045915.0,120.26,0.22,4,1.0,4,0
546370,1,4,20,5.04,115402.0,94.81,0.42,2,1.0,1,0
630475,13,6,28,-7.21,1015185.0,124.77,0.18,3,3.0,3,0
104475,0,2,47,2.94,94098.0,111.49,0.64,2,6.0,1,0
529474,11,7,36,3.64,999081.0,128.98,0.36,4,5.0,3,1
113007,2,3,43,4.02,135129.0,119.28,0.66,2,8.0,1,0
664923,11,7,39,-21.53,982952.0,123.35,0.22,4,4.0,3,1
268400,1,4,51,2.05,123992.0,109.19,0.61,3,6.0,1,1
242809,0,1,59,3.24,2966.0,104.09,0.71,2,4.0,1,0
921410,11,7,23,-5.58,1027719.0,122.33,0.24,4,3.0,3,1
879819,13,7,32,-5.75,1006015.0,127.19,0.27,4,4.0,4,1
976584,1,4,56,2.58,121935.0,100.55,0.66,2,4.0,1,1
891579,0,4,19,1.93,29453.0,109.8,0.58,2,6.0,1,0
600115,10,7,30,-5.94,947658.0,129.31,0.28,4,4.0,2,1
144609,11,6,29,-7.33,1026257.0,127.79,0.24,3,3.0,2,1
743688,4,2,18,14.28,46322.0,101.97,0.64,3,5.0,1,0
361438,0,4,45,8.53,95038.0,112.92,0.72,2,7.0,1,0
707442,14,6,29,5.82,1015758.0,121.99,0.22,3,2.0,3,1
708668,1,2,20,3.52,113800.0,89.96,0.59,2,2.0,1,0
329190,0,4,19,13.91,108711.0,93.87,0.49,3,2.0,1,0
430682,0,3,21,3.42,141809.0,98.94,0.55,2,3.0,1,0
344139,1,4,19,1.7,63072.0,83.23,0.51,2,1.0,1,0
435948,0,4,19,2.82,132530.0,109.78,0.51,2,6.0,1,1
722519,1,3,46,3.31,101183.0,91.33,0.67,2,3.0,1,1
645528,2,3,45,3.81,59810.0,99.54,0.69,2,5.0,1,0
168305,10,7,25,11.05,1002016.0,129.49,0.27,3,5.0,3,1
822616,0,4,21,2.44,29013.0,92.37,0.58,2,4.0,1,0
176133,1,1,37,7.62,50000.0,109.88,0.76,2,8.0,1,0
589870,2,5,47,2.18,83456.0,114.94,0.73,1,7.0,2,0
805779,11,5,25,10.66,1067832.0,129.82,0.3,4,5.0,2,1
906026,11,9,26,3.36,1006063.0,128.4,0.2,3,3.0,5,1
529621,11,6,36,-7.66,970956.0,129.54,0.33,3,5.0,2,1
607074,13,9,30,-18.77,956034.0,128.28,0.24,3,4.0,5,1
81445,13,5,33,-9.28,986145.0,124.93,0.23,3,4.0,2,0
698034,2,4,20,0.43,83170.0,86.69,0.52,3,2.0,1,0
954462,13,6,24,7.59,938220.0,114.28,0.19,3,1.0,3,1
228121,10,6,28,0.58,1008155.0,133.37,0.22,4,5.0,2,0
911937,12,6,26,-4.49,983495.0,129.39,0.26,3,6.0,3,1
547177,11,6,28,10.82,971875.0,133.03,0.26,4,6.0,2,1
753625,11,6,32,-15.28,974036.0,129.37,0.27,4,5.0,2,1
531953,0,5,20,4.6,50000.0,92.3,0.56,2,1.0,1,0
176092,0,1,19,7.24,127248.0,94.82,0.54,2,3.0,1,0
199218,0,4,42,5.35,119095.0,97.08,0.6,2,4.0,1,0
349320,12,5,25,-5.31,1007509.0,117.06,0.16,3,0.0,2,1
568259,0,5,21,8.74,78028.0,103.91,0.5,2,3.0,2,0
923899,1,2,51,2.67,50000.0,124.88,0.77,3,10.0,1,0
764023,1,4,20,3.17,77030.0,97.18,0.59,2,4.0,1,0
776361,13,6,23,-3.15,989577.0,122.89,0.26,4,2.0,3,0
749886,9,5,33,1.71,1022505.0,129.45,0.3,4,5.0,2,1
909905,0,5,21,4.67,147502.0,100.93,0.63,2,3.0,2,1
530320,10,6,29,-15.1,1002902.0,133.22,0.29,4,7.0,2,1
606636,1,5,34,2.06,150453.0,106.13,0.55,2,4.0,2,0
29308,1,4,51,20.38,143949.0,110.63,0.61,2,6.0,1,1
328760,12,6,28,-16.73,1021364.0,128.07,0.21,4,4.0,3,1
374611,0,4,20,2.05,105281.0,112.84,0.61,2,6.0,1,0
885850,1,3,55,2.31,149679.0,109.53,0.62,3,6.0,1,0
531784,0,4,21,3.3,127871.0,110.36,0.53,2,5.0,1,1
175075,12,6,24,0.92,1005414.0,113.66,0.16,3,0.0,3,1
380381,0,4,20,2.54,136591.0,114.27,0.63,2,7.0,1,0
129536,11,6,30,-6.64,1053192.0,133.52,0.32,4,6.0,3,1
325342,12,7,28,0.02,1022199.0,124.82,0.21,4,2.0,3,1
727431,12,6,23,-13.04,1019297.0,121.39,0.19,4,3.0,3,1
657887,12,7,31,-19.02,935080.0,121.13,0.21,3,2.0,3,0
670543,13,6,30,-4.39,1017388.0,132.93,0.31,4,6.0,3,1
113751,10,5,24,-3.34,1045588.0,129.0,0.32,4,5.0,2,1
629730,1,3,19,2.49,140519.0,96.12,0.6,2,3.0,1,1
891960,0,4,50,21.88,51320.0,101.11,0.68,2,5.0,1,1
709332,1,3,19,9.76,44584.0,79.34,0.54,3,0.0,1,1
745231,12,7,25,-3.11,1081275.0,135.58,0.33,3,7.0,4,1
657524,13,7,26,-8.59,1028801.0,121.86,0.2,3,1.0,4,1
532170,12,7,24,8.32,911452.0,126.39,0.2,4,4.0,3,0
109664,0,4,20,1.34,114311.0,92.66,0.49,2,1.0,1,1
881243,11,7,31,-1.22,969308.0,124.57,0.29,3,3.0,3,1
816660,13,8,39,-3.34,1057565.0,136.33,0.28,4,7.0,5,1
20855,2,5,21,4.07,40233.0,99.69,0.58,2,3.0,2,0
711969,2,3,18,3.28,119080.0,97.11,0.52,2,3.0,1,0
342819,13,7,28,-14.26,1044176.0,130.25,0.25,4,5.0,4,1
122355,1,3,18,0.37,100925.0,113.67,0.55,2,6.0,1,0
832178,12,6,26,3.86,1016146.0,122.25,0.22,4,3.0,3,1
759645,0,4,18,3.13,33084.0,97.05,0.48,3,4.0,1,1
106247,1,4,19,6.3,40723.0,107.15,0.68,2,5.0,1,1
941656,0,4,20,4.3,163795.0,105.12,0.61,3,5.0,1,1
804445,10,7,23,-8.27,983368.0,127.15,0.21,4,4.0,3,1
412633,0,5,47,16.99,185837.0,92.3,0.54,2,1.0,2,1
391913,12,7,23,-7.84,991367.0,133.0,0.23,4,5.0,3,1
62416,10,7,29,-19.77,987667.0,123.1,0.29,3,4.0,3,1
693082,0,3,35,4.69,121308.0,100.88,0.68,3,4.0,1,0
854941,12,7,23,-20.37,1003410.0,121.98,0.21,4,2.0,3,1
627417,13,7,34,-15.8,1050866.0,117.55,0.23,3,0.0,4,1
589460,12,6,33,-0.75,1025836.0,131.6,0.36,3,4.0,3,1
167142,12,8,31,-15.66,1043606.0,130.11,0.29,3,4.0,4,1
274055,0,5,19,10.02,154123.0,87.84,0.45,2,1.0,2,0
304088,12,6,29,0.76,968423.0,126.21,0.22,3,3.0,2,1
178971,11,5,31,4.8,1023426.0,121.96,0.23,3,2.0,2,0
690386,10,7,32,-4.74,921453.0,126.63,0.34,4,4.0,2,1
377532,0,3,39,1.26,86909.0,102.77,0.7,2,5.0,1,0
619683,2,4,56,2.06,50000.0,118.94,0.85,2,9.0,1,0
667814,2,4,38,7.52,162986.0,114.04,0.74,3,7.0,2,0
532534,0,4,32,6.21,47567.0,95.64,0.6,2,2.0,1,0
411240,2,2,60,3.83,87946.0,108.6,0.78,1,6.0,1,0
646380,2,4,20,3.99,34860.0,108.05,0.63,2,5.0,1,0
139959,2,5,59,6.51,91453.0,118.59,0.86,2,8.0,2,1
312974,11,6,27,-13.26,975130.0,121.66,0.28,3,3.0,2,1
558586,12,6,30,-17.79,998428.0,127.3,0.33,4,5.0,3,0
637347,1,5,20,1.01,106537.0,85.7,0.5,2,1.0,2,0
962686,10,5,27,-8.37,977323.0,126.88,0.3,3,4.0,2,1
906415,0,4,55,1.97,94396.0,112.2,0.71,2,7.0,1,0
267135,0,4,22,3.67,149908.0,99.12,0.5,3,4.0,1,0
197262,11,5,31,-0.28,1003341.0,125.66,0.29,4,5.0,2,0
726909,0,1,57,1.74,22482.0,100.41,0.73,2,6.0,1,0
729764,13,7,25,7.2,969228.0,115.75,0.2,3,1.0,3,0
312823,14,6,26,-16.45,1062544.0,127.49,0.24,4,4.0,3,1
633182,2,3,48,0.19,137956.0,107.8,0.58,2,4.0,1,0
347560,0,4,51,1.63,157602.0,118.55,0.64,3,8.0,1,0
404932,0,3,33,8.04,56101.0,95.27,0.48,2,2.0,1,1
323249,12,5,33,-8.92,1065742.0,126.97,0.23,4,4.0,2,1
624913,0,5,19,14.4,142111.0,97.18,0.51,2,2.0,2,0
868777,10,7,34,-5.27,964159.0,129.76,0.27,3,3.0,3,1
743548,14,9,30,6.28,1110617.0,136.79,0.34,4,8.0,5,0
652405,9,6,34,-7.38,1053240.0,135.05,0.29,4,7.0,2,1
767188,10,6,25,-8.7,1039446.0,137.81,0.33,4,9.0,2,0
84841,2,2,43,1.04,59224.0,92.3,0.63,2,4.0,1,0
588689,10,8,28,-7.72,1024274.0,121.25,0.16,3,3.0,4,1
260346,1,4,49,8.64,3069.0,102.34,0.66,3,5.0,1,0
582819,0,4,21,1.0,152654.0,94.22,0.52,2,1.0,1,1
318375,10,6,27,1.63,1002391.0,123.56,0.22,3,3.0,2,1
160461,0,4,48,0.56,142499.0,102.91,0.56,2,4.0,1,0
101981,13,7,25,-6.24,1016691.0,117.86,0.21,4,1.0,4,1
825860,2,3,47,8.47,66209.0,99.48,0.67,3,6.0,1,0
436323,11,6,30,5.82,1073121.0,125.5,0.28,4,3.0,3,1
257526,13,8,28,-5.34,1009212.0,118.62,0.23,3,1.0,5,1
253781,2,4,19,4.39,91861.0,101.79,0.66,2,5.0,1,0
707248,13,8,24,0.3,952684.0,117.91,0.2,4,2.0,4,1
302643,1,4,53,3.1,97731.0,110.6,0.72,2,6.0,1,1
917914,0,2,18,8.56,102767.0,102.95,0.63,1,4.0,1,1
800418,1,3,20,2.65,26736.0,107.87,0.62,2,4.0,1,0
785540,0,4,55,16.47,69268.0,104.1,0.72,2,5.0,1,1
321927,11,6,26,-8.97,1012796.0,125.64,0.24,4,4.0,2,1
462567,12,6,31,-3.91,1027078.0,124.09,0.21,3,3.0,3,1
832644,0,5,22,8.7,91659.0,99.4,0.54,2,4.0,2,0
971628,2,3,21,11.26,107956.0,82.56,0.52,2,0.0,1,0
28934,12,7,33,13.43,954019.0,119.12,0.23,4,3.0,3,1
815086,12,9,34,2.55,879291.0,135.07,0.37,3,7.0,4,1
472498,1,2,36,2.52,138220.0,107.19,0.64,3,5.0,1,0
412989,0,4,20,2.72,109521.0,89.32,0.61,3,2.0,1,1
301809,11,8,29,0.37,991253.0,126.85,0.33,3,4.0,4,1
449345,1,1,21,6.36,19363.0,103.29,0.6,2,5.0,1,0
582304,0,2,59,7.3,198450.0,102.89,0.61,2,3.0,1,0
959316,0,3,33,0.26,78016.0,103.64,0.56,3,4.0,1,0
469773,13,6,27,-21.54,1045845.0,124.65,0.2,3,3.0,3,1
269758,12,7,25,-12.3,1001322.0,125.67,0.18,4,2.0,3,1
512183,0,5,33,0.16,139254.0,112.61,0.57,2,7.0,2,0
931582,12,8,32,6.13,907834.0,120.81,0.33,3,3.0,4,1
445267,13,7,38,4.39,1012080.0,118.1,0.23,4,0.0,4,1
202005,0,4,55,16.82,76254.0,83.41,0.57,2,0.0,1,0
323306,14,7,33,3.42,967895.0,121.36,0.21,4,3.0,4,1
891438,1,4,50,7.67,75091.0,120.15,0.75,2,8.0,1,0
996959,0,4,20,3.06,97455.0,94.59,0.47,2,3.0,1,1
687394,11,6,28,-18.12,1012696.0,134.27,0.32,4,7.0,2,1
922319,2,4,50,4.35,164930.0,110.65,0.6,2,6.0,2,0
635856,12,6,30,-5.58,914061.0,124.85,0.25,3,4.0,2,0
169426,0,3,19,1.3,156642.0,82.77,0.47,2,1.0,1,0
58294,0,4,22,12.63,115830.0,92.62,0.63,2,2.0,1,1
904699,12,6,26,-2.69,917775.0,121.64,0.27,3,3.0,2,0
552748,0,2,52,3.96,96926.0,111.26,0.65,2,7.0,1,0
805090,0,5,19,2.23,50827.0,91.77,0.56,3,2.0,1,1
209724,9,5,23,-5.05,1045449.0,124.69,0.22,3,4.0,2,1
181354,13,7,27,6.9,977086.0,128.46,0.22,4,5.0,4,0
916723,12,6,29,-6.41,1041838.0,131.1,0.27,4,5.0,3,1
284568,9,6,26,-6.53,942852.0,128.71,0.31,3,5.0,2,1
967859,0,2,33,5.85,182491.0,95.27,0.52,3,2.0,1,0
967428,1,1,19,11.06,50000.0,95.65,0.47,3,4.0,1,0
765470,12,7,33,-10.99,922000.0,133.36,0.29,3,6.0,3,0
950613,0,2,35,15.72,79390.0,110.95,0.65,3,6.0,1,0
584191,9,6,26,8.0,996666.0,134.36,0.28,3,6.0,2,1
927199,12,6,27,-12.38,1105067.0,134.11,0.18,4,6.0,3,1
96188,10,7,31,-6.21,1016514.0,132.23,0.28,3,6.0,3,1
838888,13,8,25,-7.59,1006524.0,132.41,0.25,4,5.0,5,1
202905,2,5,31,0.12,97500.0,90.29,0.56,2,2.0,2,0
57687,11,6,24,-21.13,1077585.0,126.63,0.2,3,4.0,3,1
556915,0,3,58,1.4,47164.0,107.32,0.8,2,6.0,1,0
457514,0,4,53,5.17,17464.0,104.29,0.72,2,6.0,1,0
318977,0,4,55,7.71,122871.0,115.97,0.74,2,8.0,1,0
363827,13,9,29,-12.8,1030030.0,124.52,0.26,3,4.0,5,1
479159,12,5,30,-9.79,1029717.0,130.45,0.23,4,5.0,2,1
433746,13,7,35,2.28,960789.0,135.68,0.33,3,8.0,3,1
535423,0,4,22,0.47,174443.0,104.31,0.62,2,4.0,1,1
665309,13,10,28,-11.92,953822.0,120.18,0.3,4,2.0,5,0
475526,10,9,29,-9.62,958864.0,131.37,0.26,3,6.0,4,1
461252,0,3,46,4.12,153423.0,114.52,0.68,2,7.0,1,1
211364,12,7,27,-3.05,1002590.0,118.9,0.19,3,2.0,3,1
799262,0,4,19,3.07,95102.0,108.54,0.59,2,5.0,1,0
601607,12,9,33,-5.75,995266.0,128.46,0.24,3,4.0,5,1
39888,0,4,59,5.44,27209.0,98.91,0.72,3,5.0,1,0
594440,1,4,33,5.19,156875.0,110.49,0.59,3,5.0,1,0
963193,10,6,31,5.19,943221.0,120.86,0.24,4,4.0,2,1
433905,1,3,51,9.85,104836.0,128.75,0.84,2,12.0,1,1
400949,13,5,24,3.76,977986.0,115.69,0.21,4,1.0,2,1
349539,1,4,48,1.29,68952.0,120.21,0.72,2,8.0,1,0
516082,0,3,18,3.12,165357.0,96.48,0.41,2,2.0,1,0
880259,2,3,32,42.57,107252.0,102.63,0.65,2,5.0,1,0
595312,0,1,22,0.18,52415.0,92.62,0.62,3,4.0,1,1
613129,10,6,25,-0.46,951694.0,121.97,0.23,4,3.0,2,1
494568,0,3,33,0.12,126322.0,99.41,0.56,2,2.0,1,0
992533,12,6,24,-22.0,969427.0,111.54,0.21,4,0.0,2,0
719120,0,3,20,2.11,104726.0,107.0,0.53,2,5.0,1,1
900303,13,6,34,-11.05,1066603.0,133.95,0.29,4,6.0,3,1
130661,11,7,26,-4.69,1008018.0,129.61,0.21,4,5.0,3,0
742813,1,5,21,14.7,118509.0,98.18,0.55,2,2.0,2,0
352089,1,4,43,3.76,101932.0,101.93,0.59,3,4.0,1,0
145682,12,7,24,-3.15,905222.0,122.05,0.2,4,1.0,3,0
385777,0,3,19,6.47,27147.0,86.76,0.5,2,1.0,1,0
223562,2,1,20,0.41,137768.0,86.91,0.45,2,1.0,1,0
610681,13,5,33,-5.3,1050793.0,126.9,0.26,3,4.0,2,1
232109,11,6,27,-8.26,945869.0,128.43,0.33,3,4.0,2,1
519870,13,6,33,-5.17,914790.0,136.52,0.36,3,9.0,2,1
224281,0,3,20,4.28,5735.0,95.96,0.73,2,4.0,1,1
526073,0,2,21,1.93,76441.0,100.17,0.62,3,5.0,1,0
909361,13,10,24,15.14,961260.0,121.85,0.24,3,3.0,5,0
136686,13,8,23,-7.31,1037669.0,130.77,0.28,4,6.0,5,1
139671,13,6,30,9.9,904692.0,131.31,0.29,4,5.0,2,1
693048,11,5,33,-3.97,1068761.0,122.84,0.21,3,3.0,2,1
750251,0,3,19,4.05,118093.0,86.95,0.54,3,1.0,1,0
132643,12,6,37,-6.94,1048674.0,137.15,0.43,3,9.0,3,1
757116,13,6,24,12.18,1034052.0,133.68,0.25,4,7.0,3,1
374671,0,3,19,1.37,66833.0,92.23,0.53,2,2.0,1,0
58140,14,6,27,-6.79,975357.0,125.65,0.24,4,2.0,3,1
619256,4,2,47,12.84,96559.0,106.31,0.67,2,5.0,1,1
638743,11,6,26,-9.41,896309.0,120.23,0.22,4,2.0,2,1
935035,10,7,23,-16.71,1011134.0,130.95,0.25,4,5.0,3,1
860167,0,4,21,1.11,126186.0,85.59,0.55,3,1.0,1,0
173399,0,4,21,15.35,64288.0,108.24,0.62,3,6.0,1,0
975254,12,8,34,20.85,956931.0,118.89,0.24,3,1.0,4,1
109843,13,6,32,1.26,974729.0,119.8,0.27,4,2.0,3,1
175322,0,4,21,19.2,133218.0,98.58,0.55,2,3.0,1,0
830890,0,4,21,3.31,161125.0,111.42,0.52,3,5.0,1,0
561838,3,2,53,5.8,94846.0,97.76,0.62,2,4.0,1,0
179664,14,5,36,-9.45,997511.0,119.21,0.24,3,1.0,2,1
871005,0,1,39,1.21,117473.0,103.67,0.66,2,5.0,1,0
919295,0,5,20,1.13,92608.0,89.58,0.46,2,2.0,2,1
467410,13,6,27,-12.15,999632.0,128.4,0.17,5,5.0,3,1
19844,9,7,27,-5.1,1036598.0,115.35,0.12,4,0.0,3,1
568491,3,3,38,14.13,134174.0,119.2,0.68,3,10.0,1,0
988076,12,6,29,3.25,1034214.0,125.84,0.16,4,4.0,3,1
194830,0,5,34,2.93,72638.0,84.58,0.5,2,1.0,2,1
687966,1,4,22,7.73,455.0,98.17,0.56,2,4.0,1,1
892974,0,4,21,4.29,769.0,83.49,0.55,2,2.0,1,0
29473,0,2,20,1.83,221327.0,112.21,0.47,2,6.0,1,1
728175,0,1,20,4.81,148445.0,89.52,0.53,3,2.0,1,0
961118,12,7,30,-18.41,967726.0,135.41,0.41,4,8.0,3,0
762785,13,5,26,-7.36,1033640.0,132.01,0.27,4,4.0,2,1
167700,11,6,26,-9.56,965482.0,129.85,0.33,3,5.0,2,1
421689,13,5,28,-13.6,1054810.0,126.12,0.23,4,2.0,2,1
373635,11,8,28,0.26,1045021.0,130.92,0.25,4,5.0,4,1
485033,0,1,21,8.51,87069.0,84.66,0.53,2,2.0,1,0
865260,0,4,20,10.14,104607.0,105.8,0.56,2,4.0,1,0
180507,0,4,51,1.89,64320.0,117.23,0.81,2,8.0,1,0
547122,1,4,22,1.42,115936.0,114.09,0.66,3,6.0,1,0
7155,1,4,43,1.48,61459.0,99.31,0.73,2,3.0,1,1
672321,0,3,55,16.86,123463.0,110.27,0.67,2,7.0,1,0
646541,12,8,39,-2.51,1042619.0,137.42,0.33,4,7.0,4,1
965356,12,7,28,-4.52,971304.0,133.46,0.33,4,7.0,3,1
209066,1,5,20,2.25,21625.0,82.21,0.52,2,0.0,2,0
765981,2,4,21,5.58,43430.0,83.47,0.62,2,1.0,1,0
380930,0,4,19,0.02,10698.0,100.34,0.6,2,4.0,1,1
384059,12,6,31,-1.89,958826.0,126.61,0.24,4,4.0,2,1
382326,10,5,23,7.3,991811.0,120.66,0.21,3,1.0,2,0
828356,12,7,26,0.62,982312.0,132.2,0.25,3,5.0,3,1
429077,1,3,18,5.2,74458.0,84.33,0.55,2,2.0,1,0
769303,0,4,20,2.82,62382.0,102.96,0.55,2,4.0,1,0
848753,14,6,24,-8.09,1027144.0,128.49,0.26,3,5.0,3,1
702428,2,4,19,2.25,102679.0,109.05,0.58,2,4.0,2,0
251805,10,5,28,-8.85,1010651.0,125.4,0.21,4,3.0,2,1
758480,0,5,22,3.63,26290.0,113.11,0.69,3,6.0,1,0
711,1,2,37,6.52,173995.0,110.23,0.6,3,5.0,1,0
23335,0,5,21,6.58,86679.0,89.25,0.54,2,2.0,2,0
774030,11,6,23,3.02,930313.0,125.9,0.29,4,4.0,2,1
601998,0,5,19,5.97,99335.0,95.29,0.46,2,2.0,2,0
922402,13,6,26,-15.39,997587.0,123.87,0.28,4,4.0,3,0
215440,0,4,22,0.17,9729.0,89.31,0.64,2,2.0,1,1
989569,11,5,26,-17.36,1015117.0,134.89,0.23,4,8.0,2,1
767153,13,6,25,5.6,1005394.0,118.75,0.25,4,2.0,3,1
119907,13,6,30,3.38,1050409.0,132.33,0.27,4,6.0,3,1
318568,2,3,54,1.61,38340.0,102.67,0.66,3,5.0,1,0
408875,0,1,21,4.82,89093.0,86.84,0.47,2,2.0,1,0
663140,0,3,31,2.5,113525.0,87.03,0.58,2,0.0,1,0
180877,0,2,51,8.54,107456.0,109.64,0.76,2,7.0,1,0
995253,8,7,25,-19.02,1005224.0,117.43,0.2,3,2.0,2,0
896289,12,7,28,-4.68,1038731.0,121.52,0.2,4,2.0,4,1
902811,2,4,22,4.56,27379.0,82.65,0.55,3,2.0,1,0
868499,1,4,35,10.38,174453.0,103.88,0.54,2,2.0,2,0
721656,12,8,31,7.65,966660.0,132.28,0.29,3,6.0,4,0
842223,1,2,34,2.04,97611.0,101.78,0.58,2,4.0,1,0
153627,12,6,27,-1.26,1056424.0,132.04,0.25,4,6.0,3,0
166474,4,4,22,21.55,77211.0,80.07,0.43,3,0.0,2,0
93755,12,5,27,-9.62,932271.0,125.19,0.3,4,4.0,2,1
567372,14,6,25,-8.1,1081379.0,120.11,0.12,4,2.0,4,1
163864,0,1,21,2.04,61925.0,90.93,0.54,1,3.0,1,0
275944,9,6,38,-4.51,1057874.0,128.18,0.3,4,4.0,2,0
814040,12,7,27,-21.44,1073166.0,126.64,0.26,4,4.0,4,1
303945,0,4,38,22.16,53283.0,99.5,0.65,1,5.0,1,0
198292,0,4,31,0.39,159014.0,106.82,0.61,2,5.0,1,0
573207,13,8,26,9.87,967631.0,126.31,0.3,4,3.0,4,1
788725,1,4,19,0.54,66287.0,89.54,0.54,2,2.0,1,1
32606,1,5,21,4.59,114626.0,80.2,0.47,2,0.0,2,0
827637,11,7,27,-11.07,997017.0,119.79,0.21,3,1.0,3,1
299676,12,7,35,-1.18,945562.0,132.25,0.31,4,6.0,3,1
337761,13,7,30,5.13,923986.0,132.77,0.36,4,8.0,3,1
274250,0,5,22,2.84,154574.0,101.8,0.53,2,3.0,2,0
780644,12,6,26,-8.69,1016467.0,131.33,0.26,4,6.0,3,1
868880,0,3,21,8.29,88753.0,100.95,0.63,2,5.0,1,0
921254,1,4,18,2.26,131695.0,76.91,0.48,3,0.0,1,0
650746,0,3,37,1.88,168957.0,113.28,0.7,2,6.0,1,1
748567,11,7,34,-14.26,1029697.0,131.45,0.25,5,7.0,3,0
599381,13,7,31,3.83,1003135.0,127.88,0.23,3,5.0,4,1
123863,0,4,58,5.43,65775.0,115.58,0.74,2,8.0,1,0
533833,0,4,19,13.7,143587.0,92.9,0.5,2,2.0,1,0
928849,13,9,30,16.52,983119.0,130.1,0.33,4,4.0,5,1
15282,12,6,25,18.86,1058745.0,120.5,0.18,4,0.0,3,1
228236,10,6,28,-14.86,1067113.0,130.56,0.26,4,6.0,2,1
558157,12,6,29,-24.05,958035.0,120.26,0.2,4,1.0,2,0
239385,0,4,21,3.63,97757.0,81.91,0.53,2,0.0,1,1
441636,13,8,27,-17.75,1011873.0,126.92,0.29,3,5.0,5,1
386959,0,1,35,14.08,37805.0,114.51,0.75,2,9.0,1,0
480368,0,3,38,3.91,81908.0,117.21,0.74,2,7.0,1,1
820987,13,6,27,-10.42,983937.0,116.89,0.22,4,1.0,3,1
305204,2,1,21,3.23,135621.0,78.24,0.41,3,0.0,1,0
383954,13,6,23,-2.31,995369.0,123.52,0.27,3,3.0,3,1
243099,0,2,36,5.41,58781.0,83.59,0.64,3,3.0,1,1
941727,1,5,38,12.82,176735.0,112.62,0.62,3,5.0,2,0
416678,10,7,24,-6.43,953265.0,124.5,0.27,3,4.0,3,1
612976,15,6,29,-15.59,1040331.0,132.16,0.34,3,6.0,4,1
328829,0,5,51,16.32,20410.0,115.68,0.69,2,7.0,1,0
987546,14,9,25,-9.14,941545.0,129.65,0.24,3,5.0,5,1
853199,2,4,57,7.14,64584.0,102.87,0.68,2,5.0,1,1
513466,13,5,27,0.42,1012207.0,128.27,0.21,4,4.0,2,1
435083,1,4,47,13.53,118625.0,107.85,0.68,2,5.0,1,0
434302,1,2,20,18.51,160414.0,84.51,0.53,2,1.0,1,0
729179,12,5,26,-13.15,1047405.0,131.21,0.23,4,5.0,2,1
26721,0,4,39,6.48,161429.0,109.52,0.58,3,5.0,1,0
316948,0,2,32,7.92,176294.0,102.29,0.61,2,4.0,1,0
767465,0,3,37,0.81,141727.0,114.87,0.72,2,8.0,1,1
978924,12,6,23,-14.74,970208.0,130.4,0.27,3,6.0,2,1
862090,4,4,21,13.72,78435.0,98.9,0.54,3,4.0,2,0
332350,10,9,31,19.79,992348.0,135.67,0.36,4,7.0,4,1
670382,14,6,26,-13.22,895616.0,122.51,0.27,4,4.0,3,0
134549,12,10,29,-17.05,913040.0,119.23,0.22,3,2.0,5,1
739517,3,4,20,0.64,130078.0,103.49,0.58,2,4.0,2,0
702574,11,6,26,-15.64,976390.0,114.1,0.23,4,0.0,2,0
171598,1,3,47,3.9,66800.0,91.29,0.65,2,5.0,1,1
414717,2,3,19,1.65,112167.0,104.32,0.65,2,5.0,1,0
875623,12,7,30,4.76,1006171.0,129.35,0.23,4,4.0,3,0
821780,1,1,21,13.63,74853.0,88.31,0.4,2,1.0,1,0
485583,2,4,18,3.08,112541.0,90.62,0.5,2,2.0,2,0
65379,11,8,35,-16.05,1017313.0,130.58,0.27,3,6.0,4,0
155380,12,6,34,-14.73,1020810.0,131.31,0.31,3,5.0,3,0
810422,4,3,56,0.06,166281.0,103.67,0.64,2,5.0,2,1
127782,0,4,22,0.28,91450.0,97.5,0.55,2,3.0,1,0
290018,0,2,43,0.98,161725.0,95.29,0.63,2,3.0,1,0
558858,12,7,27,-30.87,1020831.0,130.35,0.26,4,4.0,3,0
71287,1,4,21,15.55,27759.0,89.02,0.54,2,2.0,1,0
747043,13,6,28,-5.26,1017439.0,130.91,0.32,3,6.0,3,0
377122,0,4,19,4.29,142957.0,82.7,0.48,2,1.0,1,0
235355,0,4,20,0.98,52470.0,84.7,0.48,2,1.0,1,0
713880,10,7,23,-12.47,1021323.0,121.19,0.2,4,3.0,3,1
690234,13,5,26,-0.55,1076616.0,121.26,0.21,4,4.0,3,1
103536,14,7,26,-14.01,1045228.0,131.86,0.26,5,5.0,4,1
197658,0,3,55,6.18,50383.0,116.3,0.8,1,8.0,1,0
735835,0,4,20,7.38,119121.0,103.33,0.65,3,4.0,1,0
864547,13,7,33,-13.23,949078.0,140.04,0.54,4,10.0,3,1
985942,2,4,53,4.79,109012.0,107.33,0.73,2,5.0,2,0
522413,1,4,41,3.99,86028.0,122.59,0.71,3,9.0,1,0
660221,3,2,49,2.13,172267.0,101.98,0.66,2,5.0,1,1
466506,0,2,58,2.46,169558.0,130.02,0.82,2,11.0,1,0
34507,2,5,22,8.63,151006.0,91.69,0.57,2,1.0,2,0
358712,13,7,25,-1.0,1051625.0,126.54,0.26,3,3.0,4,1
713828,1,4,21,3.24,97169.0,82.87,0.5,2,1.0,1,0
44804,1,5,33,4.54,214502.0,100.03,0.57,3,3.0,2,1
633668,0,1,59,9.35,50445.0,117.55,0.78,2,8.0,1,0
41368,11,6,26,-10.43,921686.0,127.89,0.31,3,5.0,2,1
9218,12,7,28,-17.48,1027835.0,119.74,0.27,4,3.0,3,1
866866,0,3,20,10.55,76380.0,100.53,0.6,2,5.0,1,0
199042,12,8,28,-1.29,1044384.0,130.71,0.34,4,5.0,4,1
670544,11,6,36,0.2,995168.0,128.46,0.2,3,4.0,2,1
151228,13,7,26,7.0,1017503.0,127.48,0.28,4,4.0,4,1
100780,11,6,36,-1.32,1063548.0,131.68,0.33,3,5.0,3,1
283707,3,4,20,1.24,50000.0,99.96,0.45,2,3.0,2,0
23931,13,7,23,-7.72,989040.0,123.06,0.17,4,1.0,4,1
753880,1,5,20,24.31,127366.0,112.94,0.62,3,6.0,2,0
345305,0,2,56,0.41,37605.0,101.56,0.68,2,6.0,1,0
791981,13,7,26,-8.21,965804.0,114.53,0.17,4,0.0,3,1
218702,2,4,32,1.33,82668.0,84.67,0.54,2,0.0,1,0
537968,13,6,28,-0.68,1004137.0,117.92,0.21,4,1.0,3,1
942465,13,8,24,-5.23,1015371.0,121.5,0.21,4,2.0,5,1
424186,0,5,54,10.24,110026.0,103.37,0.54,2,3.0,2,0
166649,0,4,51,2.97,102326.0,115.29,0.76,2,7.0,1,0
138633,14,6,23,-11.9,1016152.0,130.99,0.25,4,5.0,3,0
802434,13,5,27,5.19,1026374.0,118.05,0.22,4,3.0,2,1
811543,2,4,20,0.84,54099.0,89.49,0.49,2,0.0,1,0
409450,13,8,37,-9.48,1033555.0,130.12,0.25,3,5.0,5,1
874279,1,5,36,4.47,51216.0,102.06,0.62,2,3.0,2,1
909732,2,5,20,12.52,82183.0,88.69,0.56,3,1.0,2,1
379837,1,1,44,6.26,16911.0,96.73,0.67,2,5.0,1,0
577939,1,2,21,4.21,147815.0,98.96,0.53,2,3.0,1,0
337368,0,3,36,5.15,102299.0,86.92,0.58,2,2.0,1,0
776785,12,9,29,0.93,1008743.0,130.39,0.31,3,5.0,5,0
566771,0,1,21,0.96,146943.0,104.42,0.56,2,5.0,1,1
805003,12,6,27,5.24,975291.0,127.19,0.29,3,4.0,2,1
20289,0,2,18,5.5,167001.0,106.61,0.49,2,4.0,1,1
799366,0,4,53,12.35,90779.0,118.57,0.69,3,7.0,1,0
787077,0,2,38,11.03,194874.0,98.1,0.49,3,4.0,1,1
462325,10,8,26,-6.21,1078622.0,131.3,0.21,4,5.0,4,1
45951,13,6,28,14.28,991328.0,126.94,0.24,3,4.0,3,1
810374,11,6,24,-16.88,1034272.0,127.13,0.22,4,4.0,2,1
777672,10,6,28,-3.76,955812.0,122.83,0.26,3,4.0,2,1
997540,0,2,21,1.84,63260.0,84.62,0.6,2,1.0,1,1
177975,13,6,28,-7.24,975241.0,135.43,0.33,3,7.0,3,1
728666,0,2,20,8.82,24564.0,92.56,0.59,2,3.0,1,0
670771,11,7,30,4.97,1003130.0,132.3,0.3,4,5.0,3,1
925045,7,8,24,-4.22,1006062.0,125.09,0.18,4,2.0,3,1
327751,3,4,22,10.04,104290.0,98.33,0.51,2,4.0,2,0
702265,14,5,32,3.05,1021861.0,124.86,0.2,4,4.0,3,1
648101,0,3,52,1.61,77017.0,115.44,0.69,2,6.0,1,0
613261,0,2,33,1.13,111736.0,106.3,0.6,3,4.0,1,0
560588,11,6,29,9.99,1067735.0,123.2,0.17,4,2.0,3,1
429266,0,5,33,2.81,117960.0,114.12,0.75,2,6.0,2,0
369162,9,7,29,-15.6,1079524.0,121.54,0.15,4,1.0,3,1
535395,12,6,24,14.96,1034772.0,128.52,0.22,3,4.0,3,1
297553,13,8,24,-2.33,1000767.0,118.52,0.18,4,0.0,5,1
78066,13,6,26,-8.1,1026476.0,120.64,0.16,4,1.0,3,1
468861,13,6,33,-1.94,1002052.0,126.76,0.3,4,4.0,3,1
863623,1,4,21,3.65,46723.0,97.53,0.51,3,4.0,1,0
169288,12,6,27,-1.07,1086548.0,127.69,0.23,3,4.0,3,1
15120,3,4,21,2.88,139156.0,103.49,0.52,2,4.0,2,0
629377,12,5,29,-9.5,1020858.0,132.42,0.31,4,7.0,2,1
323952,11,6,28,-1.27,992715.0,130.18,0.27,4,5.0,2,1
13017,2,2,54,8.31,203961.0,107.87,0.64,2,4.0,1,0
690648,14,6,25,3.63,959224.0,117.84,0.19,4,2.0,3,1
54195,2,2,21,2.89,121225.0,104.16,0.58,2,4.0,1,1
68445,12,7,24,-2.11,980036.0,120.75,0.18,4,2.0,3,1
466555,13,7,23,-1.12,1001811.0,119.7,0.24,3,1.0,4,1
44595,1,4,20,6.9,169638.0,99.64,0.45,2,2.0,2,1
765135,1,4,21,1.53,75376.0,108.41,0.59,3,5.0,1,0
816067,2,2,39,1.51,101113.0,105.43,0.58,3,6.0,1,0
929497,11,9,30,-21.4,1005395.0,134.0,0.3,3,6.0,5,1
842145,1,3,19,8.15,85447.0,100.68,0.55,3,4.0,1,0
174362,0,5,53,3.15,30799.0,93.26,0.67,2,2.0,1,0
199389,1,2,22,3.57,5905.0,85.07,0.58,3,3.0,1,1
841455,0,3,57,0.11,42883.0,95.06,0.71,2,3.0,1,0
668101,14,8,26,15.15,968990.0,124.93,0.18,4,4.0,5,0
481927,1,3,47,0.62,138580.0,111.45,0.59,2,5.0,1,0
894953,13,7,29,-15.37,913352.0,121.15,0.29,4,2.0,3,1
412476,0,2,58,4.49,50000.0,115.19,0.81,3,9.0,1,0
487598,13,7,33,2.76,989500.0,128.66,0.29,4,4.0,4,1
411506,1,4,20,2.82,61987.0,107.8,0.69,2,6.0,1,0
999261,15,5,25,9.0,1066719.0,135.09,0.31,3,7.0,3,1
278247,10,5,40,8.79,1034483.0,114.56,0.23,4,1.0,2,1
549599,12,5,26,-7.93,1066844.0,130.63,0.23,4,4.0,2,0
191396,2,4,32,6.2,113444.0,113.44,0.62,2,6.0,2,0
944705,0,3,22,1.63,105053.0,117.47,0.69,2,9.0,1,0
46468,0,2,57,5.58,77246.0,90.71,0.67,2,3.0,1,0
609411,0,2,21,6.76,101900.0,75.43,0.51,2,0.0,1,0
815020,0,4,19,4.69,112001.0,104.79,0.57,2,4.0,1,0
836886,0,3,32,5.19,109136.0,104.11,0.57,2,5.0,1,0
129829,1,3,19,3.89,140043.0,91.81,0.52,2,2.0,1,1
336983,12,7,37,6.62,1056266.0,135.33,0.23,4,4.0,4,1
368829,1,5,22,9.63,85687.0,101.83,0.64,3,4.0,2,0
47538,1,4,21,2.76,85612.0,105.44,0.64,3,5.0,1,0
769525,10,7,32,-6.7,1064420.0,135.05,0.29,4,8.0,3,1
176814,12,5,29,3.65,963201.0,123.9,0.32,4,4.0,2,1
14598,0,4,19,2.43,130949.0,111.16,0.58,2,6.0,1,0
604621,12,6,27,4.33,1108165.0,131.0,0.28,3,5.0,3,1
463495,13,5,27,1.81,1122722.0,124.37,0.16,3,2.0,3,1
717656,1,4,19,2.67,85908.0,94.49,0.63,2,2.0,1,0
518613,11,9,38,-17.48,1015549.0,133.46,0.34,3,7.0,5,0
897991,0,4,19,2.1,59102.0,88.02,0.48,2,1.0,1,0
918286,0,3,47,2.77,105550.0,123.6,0.71,3,9.0,1,0
272750,0,4,41,4.34,119993.0,99.31,0.6,2,3.0,1,0
404180,0,4,20,3.27,64306.0,96.61,0.6,2,3.0,1,0
601142,12,5,26,-8.02,1030649.0,133.95,0.28,4,8.0,2,1
704991,13,6,26,-9.81,1018762.0,130.05,0.36,4,6.0,3,0
426061,13,7,25,-5.79,1090432.0,134.95,0.19,4,7.0,4,1
95658,12,10,32,7.89,1049217.0,128.72,0.26,4,4.0,5,0
718405,12,5,28,3.14,942345.0,122.75,0.3,4,4.0,2,1
732678,0,4,19,13.96,159499.0,108.02,0.51,2,4.0,1,1
470960,13,7,31,-4.74,929859.0,128.43,0.29,4,4.0,3,0
592393,1,1,34,3.75,43102.0,93.62,0.65,2,4.0,1,0
695816,11,8,25,1.59,926682.0,123.47,0.26,4,4.0,3,1
954803,2,5,57,6.86,50431.0,116.4,0.78,2,7.0,2,0
823827,1,5,19,0.39,128341.0,94.45,0.57,3,2.0,2,1
244184,10,6,29,-4.21,971514.0,128.97,0.3,4,5.0,2,1
455191,12,6,30,-5.51,1094852.0,126.24,0.22,3,4.0,3,1
270538,1,3,19,0.64,103619.0,103.22,0.56,2,5.0,1,0
337130,11,5,30,5.44,1005228.0,129.65,0.33,3,5.0,2,1
482954,13,6,23,-10.08,1003270.0,117.9,0.2,4,0.0,3,1
274229,11,8,29,-11.41,1061749.0,135.9,0.3,4,7.0,4,0
782485,11,9,29,-16.72,995588.0,124.64,0.23,4,3.0,5,1
667337,12,6,28,0.28,979755.0,121.34,0.23,3,3.0,3,0
156036,1,5,18,5.49,124249.0,96.99,0.55,2,3.0,2,1
525574,15,7,28,-2.48,939701.0,119.34,0.21,3,1.0,4,1
167439,1,4,22,1.73,37919.0,99.28,0.58,2,3.0,1,0
88175,0,4,52,0.49,92635.0,103.95,0.66,2,5.0,1,0
937103,12,8,28,-11.97,996261.0,128.46,0.23,4,4.0,4,1
242437,0,5,32,12.98,168938.0,106.46,0.56,2,4.0,2,0
611465,12,9,29,-5.87,955403.0,124.25,0.46,3,4.0,5,1
876269,0,3,56,1.02,35522.0,110.11,0.69,2,7.0,1,0
171849,13,5,31,1.85,1006808.0,123.26,0.21,4,3.0,2,0
423860,13,5,27,-9.36,1030497.0,121.29,0.22,3,2.0,2,1
261721,2,3,45,6.55,85587.0,99.46,0.66,2,4.0,1,0
296836,0,5,20,8.37,102311.0,101.26,0.61,2,3.0,2,0
719036,0,4,42,3.5,88708.0,106.48,0.66,2,6.0,1,0
729879,12,6,29,-3.99,982604.0,127.73,0.27,4,5.0,3,0
365747,12,6,28,-7.22,1053267.0,133.69,0.27,3,6.0,3,0
927202,0,5,33,12.13,113394.0,98.97,0.58,1,3.0,2,0
445908,4,4,21,0.52,180442.0,98.53,0.56,2,2.0,2,1
431522,13,6,31,5.25,1027898.0,132.54,0.29,4,6.0,3,1
392965,12,6,29,-9.84,1076504.0,129.01,0.29,4,5.0,3,1
660610,1,4,22,15.53,48230.0,105.1,0.63,2,4.0,1,0
270799,0,2,19,2.21,106442.0,108.51,0.58,3,6.0,1,0
326241,0,5,20,3.42,74793.0,104.79,0.55,2,4.0,2,1
577514,1,2,19,13.47,43625.0,110.73,0.64,2,6.0,1,0
895131,2,4,58,3.7,96949.0,114.5,0.74,2,7.0,1,0
342079,11,6,26,-17.31,1095345.0,131.25,0.22,4,4.0,3,1
243310,0,4,20,10.48,210463.0,95.41,0.49,2,2.0,1,0
688213,0,3,20,3.1,12758.0,79.72,0.45,2,0.0,1,0
11846,0,3,19,1.43,139714.0,88.59,0.5,2,1.0,1,0
144868,11,7,27,-2.78,1069747.0,126.87,0.23,3,3.0,3,1
653828,13,6,25,-11.98,1073651.0,129.77,0.24,4,3.0,3,1
294064,0,3,20,1.71,63700.0,95.67,0.63,3,3.0,1,0
516380,3,4,22,7.23,133039.0,100.44,0.45,2,2.0,2,0
886701,12,7,25,-4.4,920774.0,134.58,0.33,4,8.0,3,0
795159,12,7,31,-8.88,1058449.0,133.59,0.24,3,6.0,4,0
201590,12,5,31,-4.24,981486.0,132.85,0.33,3,6.0,2,1
2902,12,5,34,-3.04,1062918.0,127.21,0.22,4,4.0,2,0
386685,9,8,33,-5.42,963429.0,131.06,0.35,4,6.0,3,1
229190,1,3,20,0.6,56849.0,92.05,0.52,2,3.0,1,0
206340,0,3,54,4.39,63112.0,104.03,0.76,2,5.0,1,0
623551,13,6,29,-18.49,1117855.0,126.02,0.21,4,4.0,3,0
259730,11,6,30,-4.52,1020885.0,125.11,0.2,3,3.0,2,1
737892,10,7,31,-9.17,1054766.0,127.91,0.26,4,4.0,3,1
794421,13,7,31,3.8,990272.0,121.2,0.21,3,2.0,4,1
145596,15,7,30,-7.18,1074921.0,125.58,0.31,4,4.0,5,0
893423,11,6,28,-13.86,1034689.0,132.56,0.31,4,7.0,2,1
221623,12,5,36,13.82,1031306.0,138.05,0.29,3,10.0,2,1
130753,1,5,19,1.29,39334.0,82.95,0.45,2,1.0,2,0
636993,2,5,43,22.15,88530.0,111.37,0.62,2,6.0,2,0
335727,11,7,28,0.24,1046658.0,122.82,0.22,3,2.0,3,0
481964,2,2,58,7.66,39141.0,114.88,0.75,2,8.0,1,0
482562,12,6,33,14.39,977908.0,120.54,0.29,4,2.0,2,0
677373,0,5,58,3.26,82248.0,111.7,0.69,2,6.0,2,0
688708,0,1,33,7.41,28331.0,107.12,0.61,2,5.0,1,0
498737,12,8,23,9.9,1078583.0,123.99,0.25,4,2.0,5,0
53025,2,2,22,9.46,75120.0,102.73,0.56,3,4.0,1,0
780701,11,8,25,-7.64,1032269.0,123.5,0.22,3,2.0,4,1
279964,1,4,42,1.0,98535.0,103.28,0.65,3,4.0,1,1
861198,13,6,40,-9.8,1076264.0,130.8,0.25,3,5.0,3,1
542308,0,5,19,2.46,111298.0,110.55,0.65,2,5.0,2,1
894153,0,4,38,0.85,96815.0,120.58,0.74,2,8.0,1,0
201019,2,3,49,15.09,159004.0,111.93,0.7,2,7.0,1,0
682321,13,6,29,-12.76,1079776.0,126.23,0.21,4,4.0,3,0
286642,1,4,43,1.21,63701.0,113.63,0.61,3,5.0,1,0
844701,12,7,31,-7.51,1017535.0,135.44,0.25,4,6.0,3,0
958130,0,2,21,2.65,93524.0,92.95,0.55,2,3.0,1,0
615443,2,4,46,1.0,55819.0,120.16,0.77,2,9.0,1,0
244143,0,4,55,9.85,123125.0,118.47,0.73,3,7.0,1,1
123907,0,4,20,0.84,5653.0,97.47,0.45,2,2.0,1,0
943468,12,5,27,-7.06,998519.0,116.28,0.19,4,0.0,2,0
752350,14,8,33,-8.07,963236.0,138.04,0.36,3,9.0,5,1
34074,11,8,28,9.8,1004906.0,125.53,0.27,3,3.0,4,1
167532,0,1,33,10.66,89094.0,102.48,0.69,2,5.0,1,0
867654,0,3,38,2.29,74786.0,99.35,0.56,2,4.0,1,0
157522,12,6,30,-10.42,956755.0,128.42,0.3,3,6.0,2,1
862578,11,7,28,9.35,945100.0,133.68,0.33,3,7.0,3,1
83202,0,4,21,1.6,39713.0,83.11,0.52,2,1.0,1,1
685880,0,3,59,8.13,188843.0,124.44,0.79,2,9.0,1,0
389281,0,3,50,3.62,157786.0,98.52,0.67,2,3.0,1,1
392017,1,2,20,0.68,164429.0,92.58,0.48,2,2.0,1,0
722688,9,6,23,-11.9,996299.0,126.6,0.28,4,5.0,2,1
4582,0,5,20,0.4,76418.0,80.81,0.48,3,0.0,2,0
532723,0,2,21,1.92,50000.0,92.06,0.52,2,2.0,1,0
768436,1,2,19,1.28,221878.0,99.1,0.48,2,3.0,1,0
14640,13,7,25,19.57,994188.0,128.99,0.27,4,5.0,4,1
81468,0,3,21,3.02,96895.0,97.51,0.55,2,3.0,1,0
64060,14,6,34,-23.67,977009.0,137.59,0.43,4,9.0,3,1
565966,2,3,19,7.44,88211.0,94.02,0.56,3,3.0,1,0
397943,0,5,49,6.99,50000.0,105.08,0.63,2,5.0,1,0
842500,13,5,30,-27.28,995229.0,132.9,0.34,5,6.0,2,1
638185,10,9,27,-8.94,986828.0,129.15,0.24,4,5.0,4,1
789850,1,4,21,17.54,154531.0,100.02,0.47,2,3.0,1,0
508331,1,3,53,9.46,76545.0,117.26,0.81,2,9.0,1,0
843189,12,6,32,-2.02,1033714.0,128.81,0.31,4,5.0,3,0
495282,0,4,18,0.18,160270.0,87.02,0.45,2,1.0,1,0
516881,3,4,53,5.98,127847.0,117.54,0.73,3,8.0,2,0
995608,14,8,33,-13.18,1022358.0,136.15,0.33,4,7.0,5,1
316607,12,8,23,-0.11,941080.0,114.92,0.26,3,0.0,4,0
153143,14,8,34,-3.67,999020.0,122.11,0.28,4,3.0,5,1
753382,11,5,31,-18.16,948512.0,126.41,0.32,4,5.0,2,1
402429,0,4,31,3.26,131825.0,79.35,0.52,3,1.0,1,0
692282,10,6,24,-21.48,1088020.0,116.82,0.21,4,0.0,2,1
496408,1,4,41,4.91,55097.0,110.11,0.68,2,7.0,1,0
471320,13,8,24,-19.26,970946.0,129.12,0.22,4,4.0,4,1
663435,14,8,37,-9.15,1080857.0,126.02,0.28,4,3.0,5,1
476885,13,7,31,-21.86,955735.0,116.2,0.3,4,1.0,3,1
321239,0,2,32,4.42,150606.0,84.73,0.48,2,1.0,1,0
187044,0,2,21,11.17,186623.0,106.91,0.56,2,5.0,1,0
536200,1,5,52,8.93,103252.0,115.02,0.78,2,7.0,2,1
497861,12,9,35,1.7,965772.0,124.6,0.36,4,3.0,5,0
844719,0,2,19,4.19,166138.0,97.05,0.52,2,3.0,1,0
13539,2,4,39,2.39,167596.0,111.24,0.65,3,4.0,2,0
99678,2,5,21,14.24,120139.0,103.61,0.52,2,3.0,2,0
229085,0,3,20,5.49,123361.0,113.19,0.63,2,6.0,1,0
853817,0,2,52,3.09,130835.0,104.35,0.62,2,4.0,1,0
854882,0,2,45,14.29,134494.0,92.62,0.66,2,4.0,1,1
779775,0,4,54,6.47,124715.0,111.1,0.7,2,7.0,1,0
132259,1,5,56,4.01,100731.0,102.06,0.68,3,4.0,2,0
38664,11,7,26,-8.59,1012396.0,123.19,0.25,4,3.0,3,1
288177,0,3,40,1.93,111173.0,114.31,0.68,2,8.0,1,1
872291,11,6,32,-2.19,1003535.0,132.9,0.36,4,7.0,2,1
78246,13,7,23,-5.25,994342.0,127.67,0.29,4,4.0,4,1
198086,0,3,21,4.03,27772.0,90.99,0.45,2,1.0,1,0
885108,0,2,41,2.26,36127.0,101.89,0.63,3,5.0,1,0
397478,9,7,29,3.86,1112600.0,127.34,0.26,4,3.0,3,1
352360,0,5,18,0.33,49242.0,80.25,0.46,2,0.0,1,1
692707,1,3,39,2.72,146278.0,103.61,0.65,2,5.0,1,1
12295,1,4,22,7.08,116596.0,83.5,0.51,1,1.0,1,0
431147,0,4,33,2.02,106830.0,107.27,0.6,1,5.0,1,1
117264,0,3,33,13.31,126064.0,107.04,0.62,2,6.0,1,0
979443,0,5,20,7.02,58322.0,87.97,0.49,2,1.0,1,0
576059,13,6,30,-13.66,1014434.0,133.14,0.26,3,6.0,3,1
700169,1,4,58,2.48,87936.0,117.7,0.8,2,7.0,1,0
387766,12,9,40,-23.29,1016113.0,130.73,0.28,3,3.0,5,1
428439,15,7,30,10.35,1046543.0,129.83,0.32,4,4.0,5,0
269073,12,7,27,15.15,946270.0,122.3,0.31,3,4.0,3,1
75736,0,3,60,6.34,63909.0,120.86,0.79,2,9.0,1,0
128971,12,8,33,0.58,1004093.0,134.52,0.34,5,8.0,4,1
563566,14,6,28,-11.16,1027953.0,128.87,0.3,4,4.0,3,1
242775,13,6,35,1.85,981161.0,132.96,0.28,3,7.0,3,1
59,2,5,18,10.23,48418.0,102.44,0.63,3,5.0,2,1
707147,10,6,32,-23.88,939297.0,131.23,0.3,4,6.0,2,1
88681,13,7,29,11.01,1041618.0,133.16,0.24,3,6.0,4,1
771843,13,5,25,-20.54,1023680.0,122.21,0.2,4,2.0,2,1
73147,0,4,19,3.04,199469.0,111.71,0.54,3,5.0,1,0
338314,1,3,49,6.03,60871.0,118.88,0.67,2,8.0,1,0
102044,10,5,27,-20.22,990450.0,129.12,0.24,4,5.0,2,0
118165,11,6,28,3.12,1018504.0,120.6,0.18,4,2.0,2,0
799314,13,7,25,-23.7,1092495.0,123.99,0.21,3,3.0,4,1
289947,12,5,30,14.15,1041651.0,128.37,0.26,4,5.0,2,1
948237,14,6,24,-7.95,1082943.0,127.61,0.25,3,4.0,4,1
829812,1,5,40,0.48,67701.0,115.47,0.66,2,8.0,2,1
147336,14,6,29,-11.18,959138.0,128.25,0.25,3,4.0,3,1
646539,12,6,26,-9.98,1008862.0,122.91,0.17,2,2.0,3,0
943500,13,7,24,-13.74,1022058.0,128.7,0.27,4,5.0,4,1
64558,4,3,38,8.13,34514.0,115.82,0.74,2,6.0,1,0
806840,12,5,31,5.85,961107.0,122.99,0.26,3,4.0,2,1
868034,0,3,58,1.78,35586.0,113.47,0.71,2,7.0,1,0
247852,13,7,29,-13.0,998106.0,125.67,0.25,4,3.0,4,0
196072,0,2,40,1.42,93116.0,98.99,0.56,2,4.0,1,0
462218,0,3,21,5.97,80132.0,112.45,0.64,2,7.0,1,0
872597,0,3,32,21.77,83427.0,105.25,0.64,2,6.0,1,0
608757,13,10,30,2.9,1022295.0,134.63,0.31,3,6.0,5,0
276662,2,2,40,3.38,8297.0,107.95,0.71,3,7.0,1,0
882049,13,7,35,-13.86,997242.0,124.79,0.28,4,3.0,4,0
610258,1,4,52,2.15,137185.0,84.32,0.54,3,1.0,1,0
878253,0,3,19,8.98,111298.0,97.97,0.57,3,3.0,1,0
224498,13,7,28,-19.54,1000298.0,128.94,0.3,4,5.0,4,0
727455,10,6,28,-5.74,986641.0,125.89,0.27,3,4.0,2,1
285742,1,3,32,6.33,85307.0,107.71,0.62,1,6.0,1,0
527971,0,5,51,1.34,51084.0,104.17,0.69,3,6.0,1,0
692641,0,4,35,5.21,77902.0,108.87,0.73,2,4.0,1,0
427741,1,3,36,3.48,171355.0,100.15,0.52,2,4.0,1,0
560590,0,5,21,13.23,146134.0,99.02,0.5,2,3.0,2,0
897757,0,1,47,0.68,29580.0,97.03,0.66,2,4.0,1,0
701598,0,4,20,3.23,21631.0,94.96,0.67,3,3.0,1,0
294616,1,3,53,7.58,80705.0,113.04,0.8,3,7.0,1,0
413307,12,7,26,-24.52,980248.0,126.03,0.24,4,4.0,3,1
21909,0,4,20,0.62,101778.0,111.08,0.49,2,4.0,1,0
964812,15,6,31,-16.55,1015554.0,126.04,0.3,3,4.0,4,0
447295,0,2,20,9.75,117434.0,96.86,0.57,3,3.0,1,0
257532,12,8,33,16.06,1041452.0,133.48,0.36,4,7.0,4,1
474771,12,5,27,-10.29,1003711.0,115.85,0.21,3,0.0,2,1
91577,2,3,20,14.5,59701.0,103.49,0.56,2,5.0,1,0
567971,11,9,25,-7.45,935232.0,126.84,0.29,4,4.0,4,0
335756,10,7,30,-6.31,969036.0,130.83,0.33,3,6.0,3,1
258072,13,6,26,-3.34,951375.0,121.68,0.22,4,3.0,3,1
660523,11,6,24,-8.44,1006072.0,133.82,0.29,4,6.0,2,1
490385,12,6,30,-8.61,963538.0,119.4,0.25,4,2.0,2,1
653116,1,3,18,1.69,91165.0,107.21,0.63,3,5.0,1,0
289421,0,3,20,7.26,60601.0,99.46,0.54,3,4.0,1,0
427820,11,6,27,8.18,1007974.0,126.05,0.32,3,4.0,2,0
878378,0,2,22,6.15,21539.0,93.74,0.56,2,3.0,1,0
130699,2,4,18,14.2,8805.0,81.46,0.6,3,2.0,1,0
299175,1,3,34,0.24,89686.0,106.64,0.6,2,5.0,1,0
88505,12,5,30,-16.04,1100988.0,126.36,0.25,4,4.0,2,1
189204,1,4,20,6.45,61166.0,104.23,0.53,2,5.0,1,0
779183,0,3,40,14.22,68039.0,114.65,0.71,2,8.0,1,1
520943,12,5,28,-3.19,1021981.0,125.44,0.2,4,3.0,2,0
331281,13,7,24,-18.27,943036.0,114.64,0.21,3,0.0,3,1
348680,6,5,28,-11.12,1006087.0,127.78,0.23,3,5.0,2,1
217320,1,2,20,19.33,127806.0,95.09,0.55,2,2.0,1,0
366388,0,5,22,3.01,79716.0,92.29,0.56,2,2.0,2,1
513624,0,3,56,11.5,87111.0,97.83,0.68,2,3.0,1,1
787150,10,8,30,-4.96,964856.0,127.22,0.26,4,5.0,3,1
824542,0,3,35,2.29,73794.0,105.37,0.58,2,4.0,1,0
185866,15,8,36,-9.0,890315.0,123.85,0.25,4,2.0,5,1
643760,1,2,20,8.89,84290.0,99.26,0.53,2,4.0,1,1
934978,0,2,20,10.04,183018.0,87.6,0.46,2,0.0,1,0
5494,13,6,32,-5.63,996307.0,126.17,0.26,4,4.0,3,1
495727,11,8,28,3.92,1014298.0,135.26,0.29,3,6.0,4,1
644048,12,9,28,4.06,961503.0,119.55,0.22,3,1.0,5,1
498998,1,4,32,3.41,169568.0,107.47,0.42,2,5.0,2,0
554997,3,3,20,4.43,120346.0,108.66,0.56,2,6.0,1,0
17881,1,4,38,0.91,116392.0,111.86,0.52,2,5.0,1,0
145199,11,6,25,9.0,1005289.0,125.94,0.22,3,4.0,2,1
10507,0,4,32,5.21,111877.0,110.99,0.6,3,6.0,1,0
258971,0,3,22,4.06,44550.0,107.51,0.6,2,5.0,1,0
964027,11,6,26,-17.3,1031599.0,128.83,0.32,4,5.0,2,1
934847,13,6,40,-22.61,1004720.0,112.44,0.2,4,1.0,3,1
906521,11,7,39,-9.0,985822.0,132.15,0.4,4,6.0,3,1
16274,13,7,28,-17.4,919584.0,129.41,0.24,4,4.0,3,1
467705,11,8,28,-7.57,1042482.0,125.68,0.23,4,3.0,4,0
983775,1,3,33,10.31,66093.0,105.85,0.64,3,6.0,1,1
155270,13,7,26,-8.47,1037184.0,137.42,0.34,3,9.0,4,1
120758,10,8,23,-8.97,988566.0,117.73,0.19,4,2.0,3,1
209309,13,6,24,-14.58,932721.0,127.52,0.25,4,5.0,3,1
475020,14,6,23,-12.96,935394.0,126.1,0.21,4,3.0,3,1
693213,13,8,33,-20.14,1025862.0,121.15,0.26,4,2.0,5,0
574915,13,6,28,-17.0,974186.0,127.46,0.22,4,6.0,3,0
890847,2,4,39,8.91,67970.0,115.73,0.72,3,8.0,1,0
187344,1,4,21,11.22,115600.0,80.8,0.46,2,0.0,1,1
615272,13,8,28,4.66,988820.0,125.87,0.28,4,3.0,4,1
942731,0,4,55,0.53,50000.0,111.23,0.76,2,7.0,1,0
456770,2,4,37,3.15,124381.0,109.82,0.61,2,6.0,2,0
319858,12,7,31,-13.63,1023184.0,129.64,0.24,4,5.0,3,1
969344,0,4,19,6.47,135134.0,94.38,0.52,2,0.0,1,0
594564,1,5,55,1.7,51122.0,122.99,0.82,2,8.0,2,0
163718,13,7,26,-2.91,1000548.0,119.63,0.17,4,2.0,4,1
784333,12,6,27,-19.57,960215.0,117.45,0.3,4,3.0,2,1
730014,0,5,20,7.9,203693.0,102.04,0.52,2,4.0,2,0
577576,13,6,28,-12.9,969559.0,131.0,0.28,4,6.0,3,0
945861,1,3,54,1.8,141831.0,118.03,0.77,2,7.0,1,0
393110,1,4,53,0.65,93173.0,120.14,0.72,2,8.0,1,0
995505,14,5,23,-5.03,1037631.0,128.91,0.33,5,5.0,3,1
812449,0,3,19,0.57,213561.0,106.35,0.55,2,4.0,1,0
2488,11,6,30,-10.69,1078064.0,116.43,0.18,4,0.0,3,1
205734,1,1,33,11.48,149726.0,92.77,0.62,3,3.0,1,0
49709,13,7,29,0.26,973297.0,125.48,0.24,3,4.0,3,1
313693,0,4,49,3.48,55181.0,115.38,0.71,2,7.0,1,0
537795,0,4,21,0.88,127256.0,102.03,0.5,2,4.0,1,0
136694,12,7,30,-5.4,1029309.0,135.14,0.33,3,6.0,3,1
338864,13,6,35,10.76,964407.0,136.32,0.33,4,7.0,3,0
228810,12,6,39,3.2,1051128.0,131.11,0.37,4,6.0,3,1
313620,13,7,26,-2.08,932483.0,122.06,0.23,3,2.0,3,1
602970,0,4,20,4.43,154184.0,102.85,0.59,2,4.0,1,0
647731,12,6,32,14.63,1053867.0,133.66,0.28,3,6.0,3,1
200716,0,3,53,11.67,129433.0,111.62,0.65,2,5.0,1,0
47107,2,2,20,0.52,118896.0,96.55,0.65,2,3.0,1,0
720724,13,7,31,-5.02,1049092.0,118.47,0.14,4,1.0,4,1
316701,0,2,32,4.55,50000.0,93.02,0.6,2,3.0,1,0
598653,1,4,20,10.19,60376.0,95.97,0.59,2,3.0,1,0
599505,0,4,19,2.16,116121.0,109.14,0.61,2,5.0,1,0
617058,12,6,29,-1.19,934255.0,123.38,0.2,3,2.0,2,1
910566,0,4,19,1.8,28586.0,80.41,0.48,1,0.0,1,0
589636,4,3,36,18.5,77722.0,103.39,0.61,2,4.0,1,0
5519,1,3,34,6.7,73205.0,99.11,0.68,2,3.0,1,0
171879,13,7,31,-7.38,954115.0,131.52,0.29,3,6.0,3,1
382392,13,7,39,6.29,1021897.0,129.52,0.25,4,4.0,4,1
696988,12,6,35,-5.2,950778.0,121.57,0.25,4,2.0,2,1
312255,1,4,20,10.13,106566.0,93.82,0.5,2,2.0,1,0
656799,1,3,56,4.59,122969.0,107.88,0.59,3,5.0,1,0
45328,0,1,34,8.02,110465.0,103.16,0.6,2,5.0,1,0
232069,3,3,54,5.27,60528.0,103.1,0.79,3,6.0,1,1
308540,0,2,20,6.03,31640.0,97.13,0.55,2,3.0,1,0
75020,0,4,43,3.75,84586.0,105.53,0.72,2,5.0,1,0
891144,1,3,44,7.8,112048.0,122.41,0.68,1,8.0,1,0
433079,13,5,24,-2.81,959014.0,130.64,0.29,4,5.0,2,0
990460,11,7,32,3.42,1027240.0,126.56,0.25,3,3.0,3,1
74067,2,4,44,2.62,64535.0,99.68,0.63,2,5.0,1,0
455894,12,7,33,-40.54,1095123.0,116.82,0.18,5,0.0,4,1
701305,11,7,26,-6.32,1025281.0,122.54,0.23,3,2.0,3,1
619507,2,3,57,1.14,178160.0,99.87,0.64,2,4.0,1,0
558333,1,4,58,4.53,102710.0,111.38,0.68,2,6.0,1,0
234562,2,4,34,4.45,88309.0,105.31,0.66,2,5.0,1,0
487433,1,0,19,3.02,54503.0,89.88,0.53,2,3.0,1,0
233199,3,1,20,9.9,93243.0,87.22,0.51,2,2.0,1,0
87432,12,6,29,-10.61,976541.0,130.23,0.26,4,6.0,2,1
196406,10,7,29,-1.68,946457.0,123.1,0.34,3,3.0,2,1
60031,0,3,18,13.09,68989.0,98.5,0.51,2,3.0,1,0
939988,0,4,38,6.94,110574.0,113.17,0.71,2,6.0,1,1
862808,1,5,58,16.18,141942.0,122.73,0.78,2,9.0,2,0
735956,0,4,37,5.1,59224.0,99.25,0.68,2,4.0,1,0
333329,11,6,33,-21.88,1040759.0,127.36,0.26,4,3.0,3,1
262447,10,5,30,-9.23,1012666.0,129.23,0.35,4,7.0,2,0
510724,0,3,45,3.03,119181.0,131.58,0.8,2,12.0,1,1
800076,12,7,30,-14.95,952184.0,132.68,0.33,4,6.0,3,0
783328,0,5,55,4.21,87799.0,118.46,0.67,2,7.0,2,0
113417,12,7,24,-4.06,928040.0,128.38,0.24,3,5.0,3,1
683515,2,4,55,2.49,177083.0,120.27,0.68,3,7.0,2,0
802998,1,4,18,1.98,48409.0,84.88,0.54,3,0.0,1,0
94333,0,3,21,6.16,118759.0,97.56,0.53,3,3.0,1,0
435482,12,9,30,0.49,960690.0,130.19,0.26,4,4.0,5,1
136435,0,3,55,5.55,208313.0,114.5,0.67,2,7.0,1,0
419958,1,5,19,8.77,126039.0,112.0,0.6,3,5.0,2,0
11896,1,1,33,1.99,50518.0,104.12,0.62,2,6.0,1,1
286449,12,5,31,26.99,1012504.0,136.7,0.38,3,7.0,2,1
273675,0,3,18,2.44,133492.0,86.06,0.57,2,1.0,1,0
115132,0,3,18,2.01,39349.0,93.51,0.55,2,3.0,1,0
814259,11,7,25,-5.46,1059215.0,125.53,0.2,4,2.0,3,1
523229,0,4,22,2.32,169273.0,110.26,0.58,2,4.0,1,0
642281,0,3,20,2.52,6653.0,96.82,0.46,2,4.0,1,0
699994,12,8,24,-7.19,941229.0,125.97,0.24,4,3.0,4,1
977240,12,6,26,-9.4,979182.0,128.92,0.3,4,5.0,3,1
372896,12,8,30,-9.37,908006.0,119.42,0.22,4,2.0,4,1
122210,14,8,26,4.88,1025623.0,128.5,0.21,4,4.0,5,1
976964,1,4,21,6.45,50871.0,114.37,0.71,2,7.0,1,0
787298,13,7,25,-5.99,993288.0,111.82,0.17,4,0.0,4,0
906486,2,3,21,6.16,15014.0,110.92,0.69,3,6.0,1,0
555965,1,4,57,1.98,81593.0,104.87,0.74,2,5.0,1,1
674224,12,5,29,-2.08,942109.0,135.02,0.28,4,8.0,2,0
645195,13,5,30,-3.28,1023540.0,128.45,0.24,4,4.0,2,1
971589,0,5,47,1.13,14292.0,80.84,0.59,2,0.0,1,0
7410,14,5,32,-16.79,991311.0,127.21,0.25,4,4.0,2,1
705471,1,2,18,0.7,85830.0,104.56,0.56,2,5.0,1,0
7356,0,3,46,0.32,185767.0,102.12,0.69,2,3.0,1,1
192536,12,6,23,-12.87,958036.0,124.78,0.27,3,3.0,2,1
134847,1,2,49,1.39,78395.0,104.39,0.65,2,4.0,1,0
375049,13,7,35,1.52,1064333.0,124.14,0.18,4,2.0,4,1
18397,0,4,21,7.65,58650.0,99.84,0.6,3,4.0,1,1
628291,12,8,27,3.58,1038331.0,128.2,0.22,5,3.0,4,1
764847,11,5,33,11.17,979159.0,127.75,0.26,3,4.0,2,1
417341,14,5,27,5.43,938986.0,119.35,0.27,4,2.0,2,1
114763,1,5,22,7.3,49393.0,96.18,0.53,2,2.0,2,0
719146,3,1,19,4.04,136270.0,111.41,0.57,2,6.0,1,0
279626,0,3,19,3.83,95813.0,99.14,0.6,2,3.0,1,0
446838,12,7,29,-8.62,1017220.0,123.9,0.2,4,3.0,3,1
92510,13,6,28,2.83,1023159.0,131.9,0.38,4,7.0,3,1
739152,4,4,51,0.18,163292.0,116.06,0.68,2,8.0,2,1
569303,10,7,31,-17.03,968515.0,117.52,0.22,3,1.0,3,1
637611,0,3,20,0.57,92557.0,106.3,0.69,1,6.0,1,0
594613,12,6,24,-6.38,1021638.0,125.96,0.22,3,3.0,3,1
901020,0,2,19,4.01,151391.0,95.53,0.49,2,3.0,1,0
696071,12,7,36,-19.72,1003353.0,133.82,0.38,4,7.0,3,0
35361,1,4,20,14.95,125577.0,102.21,0.53,2,3.0,1,0
265907,12,6,26,-9.88,991464.0,132.08,0.37,3,6.0,3,0
821431,13,5,29,-0.58,999298.0,125.56,0.28,4,4.0,2,1
934606,12,6,25,-15.94,979379.0,119.03,0.21,4,2.0,3,0
631610,1,4,20,7.13,56873.0,97.14,0.57,2,3.0,1,0
418669,0,3,52,14.02,191788.0,95.79,0.58,2,3.0,1,0
351801,13,5,33,5.77,997962.0,129.54,0.24,4,5.0,2,1
17419,1,5,21,10.34,174604.0,99.76,0.5,3,2.0,2,0
810149,1,4,18,3.98,134204.0,93.31,0.46,2,1.0,1,0
421789,13,6,24,-13.82,990197.0,123.34,0.21,4,4.0,3,1
321974,0,3,18,16.84,65081.0,106.13,0.6,2,5.0,1,0
702041,13,7,24,8.56,997036.0,110.63,0.2,3,0.0,4,1
826,0,3,37,7.31,110631.0,104.76,0.53,3,4.0,1,0
839443,14,7,24,-16.32,1023572.0,130.83,0.28,3,5.0,4,0
354182,12,7,30,12.27,1021612.0,126.2,0.23,4,3.0,3,1
900998,12,5,34,0.45,934606.0,116.31,0.24,3,2.0,2,1
747170,12,8,24,-10.99,960540.0,127.33,0.27,4,4.0,4,0
418003,11,8,32,-7.88,956664.0,121.18,0.17,4,2.0,4,1
685594,0,5,39,11.72,100125.0,118.71,0.62,2,7.0,2,0
273550,12,8,31,1.76,1036903.0,121.26,0.17,3,1.0,4,1
730410,0,3,18,4.39,68919.0,95.74,0.62,2,2.0,1,0
313916,10,7,30,-28.54,1050473.0,126.36,0.26,3,5.0,3,0
898627,1,3,19,3.26,80283.0,83.29,0.44,2,0.0,1,0
542146,12,6,29,-7.2,1027511.0,116.62,0.16,4,0.0,3,0
414348,2,5,20,6.05,128401.0,102.21,0.51,3,3.0,2,1
121191,0,2,44,3.18,175605.0,102.6,0.65,2,4.0,1,0
585622,12,6,27,-12.47,1051676.0,132.2,0.25,4,6.0,3,1
630739,10,7,28,-5.23,978721.0,132.94,0.28,4,7.0,3,1
673407,1,2,19,2.45,122449.0,102.29,0.52,2,3.0,1,0
672672,10,7,27,-31.72,941222.0,121.89,0.31,4,3.0,2,1
756159,0,5,19,14.16,115639.0,93.11,0.52,1,2.0,2,0
829854,1,0,55,12.17,78180.0,111.81,0.71,2,7.0,1,0
394596,13,6,24,-1.6,1017629.0,122.64,0.21,4,3.0,3,1
601907,3,3,20,4.82,137585.0,96.35,0.54,2,2.0,1,0
616528,3,4,18,0.71,130371.0,110.54,0.58,2,6.0,2,0
459772,11,6,31,-0.3,1012680.0,119.5,0.19,4,2.0,2,1
328523,9,9,31,-6.88,954002.0,124.58,0.24,3,3.0,4,1
108140,0,3,18,9.88,101799.0,99.92,0.54,2,4.0,1,0
162036,13,6,25,-3.1,937750.0,130.49,0.27,3,6.0,3,1
607660,11,5,39,-5.24,961451.0,130.6,0.36,4,6.0,2,1
498778,0,3,53,12.61,143200.0,115.74,0.7,2,7.0,1,0
336666,12,6,32,0.38,1113568.0,133.51,0.27,4,5.0,3,1
32933,13,6,27,-7.28,1038491.0,130.25,0.34,4,5.0,3,1
60903,0,4,41,2.2,70238.0,111.65,0.68,2,7.0,1,0
964661,4,4,56,15.78,108289.0,110.47,0.64,3,6.0,2,0
938608,0,4,48,11.06,183549.0,107.75,0.61,2,4.0,1,0
726300,2,4,19,4.09,156231.0,98.05,0.53,2,2.0,2,0
953061,10,6,29,3.07,1012892.0,117.2,0.24,4,2.0,2,1
254694,10,7,25,-18.66,957184.0,127.75,0.26,4,3.0,3,1
147155,2,1,42,5.77,184346.0,115.39,0.63,2,7.0,1,0
952195,2,5,42,6.68,92775.0,122.02,0.73,2,7.0,2,0
242237,14,7,29,-6.49,1086923.0,132.6,0.28,3,6.0,5,1
625774,11,6,26,-15.04,915883.0,123.84,0.31,3,3.0,2,0
696403,0,2,21,0.29,114310.0,98.46,0.51,2,4.0,1,0
511977,0,3,40,1.4,226335.0,118.16,0.66,2,7.0,1,0
322191,13,6,28,5.74,970752.0,126.23,0.24,4,4.0,3,1
5161,1,4,19,0.91,72411.0,114.23,0.58,2,6.0,1,0
309081,0,5,47,2.23,145965.0,119.37,0.7,2,8.0,2,0
351418,12,7,31,-12.11,1001982.0,132.56,0.25,4,6.0,3,1
300839,0,5,58,1.56,176987.0,117.82,0.67,3,7.0,2,0
31262,0,4,19,5.13,156369.0,91.89,0.48,3,1.0,1,0
842856,12,6,28,-15.76,944577.0,129.05,0.25,3,5.0,2,0
520139,14,7,25,-16.46,950775.0,112.23,0.21,4,0.0,4,1
148382,1,5,41,0.24,49495.0,84.4,0.52,2,0.0,2,0
832122,0,3,18,10.02,38175.0,83.3,0.53,2,2.0,1,0
560025,3,3,18,9.48,97132.0,86.1,0.44,2,0.0,1,0
46826,1,4,19,0.39,163826.0,94.21,0.49,2,1.0,2,0
858022,0,5,20,8.74,165546.0,97.91,0.45,3,2.0,2,0
497055,0,3,36,2.44,36181.0,101.09,0.61,3,4.0,1,0
660551,1,3,53,8.12,68978.0,111.92,0.67,2,6.0,1,1
47186,0,3,32,5.47,94444.0,109.3,0.63,2,5.0,1,0
2566,3,5,47,1.73,57775.0,115.64,0.76,3,6.0,2,1
234495,0,5,21,13.3,206643.0,89.64,0.47,2,2.0,2,0
65849,1,1,19,5.77,22273.0,104.23,0.6,3,4.0,1,0
634754,0,3,43,6.02,94001.0,116.47,0.57,2,7.0,1,0
448125,0,5,40,3.35,141997.0,115.64,0.7,2,7.0,2,0
180869,9,7,31,1.69,997869.0,131.56,0.29,3,6.0,2,0
308617,13,7,31,8.77,1031395.0,127.98,0.34,3,4.0,4,1
92805,13,5,32,-0.71,969995.0,121.15,0.23,4,3.0,2,1
738898,2,3,18,7.41,18083.0,90.6,0.54,2,3.0,1,0
655510,11,7,26,-9.63,996345.0,129.96,0.22,3,4.0,3,1
128975,3,3,57,2.0,107631.0,116.7,0.6,3,8.0,1,1
46231,13,7,30,6.88,1001155.0,133.21,0.34,3,6.0,4,1
407428,0,2,38,8.82,30549.0,93.62,0.62,3,3.0,1,1
33145,13,5,28,3.12,954173.0,118.18,0.21,4,2.0,2,1
235488,2,4,32,10.48,109499.0,87.53,0.55,3,0.0,2,1
444824,0,3,21,7.34,118088.0,89.51,0.48,3,2.0,1,0
172132,3,1,19,3.18,69128.0,97.58,0.54,2,4.0,1,0
504002,11,7,28,4.9,1063764.0,125.3,0.13,4,2.0,3,0
406198,9,7,23,-0.55,964578.0,124.13,0.22,3,3.0,2,1
636325,12,7,27,-9.73,911742.0,126.41,0.28,3,5.0,3,1
491174,2,3,41,9.45,139958.0,100.95,0.62,2,4.0,1,0
580089,12,9,27,-4.36,1030229.0,124.35,0.25,4,2.0,5,1
648147,11,7,28,-11.82,972548.0,123.52,0.22,3,3.0,3,1
26280,0,5,21,9.45,141411.0,121.02,0.71,2,7.0,2,1
850488,0,4,32,7.0,110547.0,103.13,0.57,2,3.0,1,0
422638,9,6,31,-23.61,998477.0,127.8,0.26,3,4.0,2,1
600620,11,6,27,-12.05,1040162.0,125.23,0.28,3,4.0,3,1
992448,13,6,23,-15.24,1132540.0,131.56,0.26,4,6.0,4,1
151427,13,9,30,-12.3,1067752.0,132.53,0.27,5,5.0,5,1
320703,0,3,20,1.18,70947.0,86.72,0.49,2,1.0,1,0
573887,1,4,19,13.11,5090.0,94.36,0.51,2,3.0,1,0
984250,0,5,21,1.13,167076.0,90.55,0.5,2,1.0,2,0
280260,8,7,28,-6.76,1031929.0,125.29,0.21,4,3.0,2,1
216015,0,2,35,0.83,154327.0,101.38,0.55,2,3.0,1,0
36970,11,5,23,10.03,952957.0,126.49,0.24,3,4.0,2,0
217357,12,9,31,-6.16,982804.0,126.03,0.19,3,2.0,5,1
161438,0,3,19,1.42,192874.0,102.93,0.54,2,4.0,1,0
95280,0,2,22,0.12,32773.0,97.41,0.57,1,3.0,1,1
751730,12,5,24,1.78,1044708.0,129.15,0.23,4,5.0,2,1
218202,0,3,31,12.53,97575.0,101.14,0.65,2,5.0,1,0
545693,1,2,21,0.6,137438.0,98.77,0.63,2,3.0,1,0
219071,12,10,27,-19.26,1095507.0,133.58,0.29,4,5.0,5,1
815445,11,7,32,-8.56,906672.0,122.17,0.33,4,3.0,3,1
990767,9,6,27,-0.49,983780.0,122.34,0.17,3,2.0,2,0
401085,13,6,27,2.52,1073874.0,121.82,0.21,4,1.0,3,1
417678,0,4,19,3.72,96437.0,84.56,0.52,2,1.0,1,0
396574,11,7,30,-8.32,1007634.0,122.89,0.23,3,4.0,3,1
352386,11,6,29,4.5,1022292.0,123.97,0.24,4,3.0,2,0
171995,12,7,35,3.83,980657.0,126.43,0.24,4,4.0,3,1
937638,11,9,32,1.42,890638.0,124.16,0.29,4,3.0,4,0
802687,13,6,35,-25.14,1071817.0,123.55,0.19,4,2.0,3,1
665885,12,7,24,-2.66,962058.0,132.31,0.2,4,5.0,3,0
980011,14,6,24,-10.92,923569.0,112.16,0.28,5,1.0,3,1
889158,14,6,29,7.59,992473.0,130.67,0.36,3,7.0,3,1
843968,9,8,29,-3.6,1044751.0,126.64,0.19,3,2.0,3,1
274060,0,5,59,34.68,146515.0,116.16,0.64,2,5.0,2,0
102002,0,4,45,14.27,179595.0,126.72,0.77,2,8.0,1,0
334257,2,5,20,0.94,61584.0,96.44,0.48,2,3.0,2,0
35291,12,8,25,7.32,1150747.0,138.16,0.29,4,7.0,5,1
296397,1,4,39,16.83,18858.0,111.41,0.79,2,6.0,1,0
719591,12,8,28,-8.83,986023.0,131.42,0.27,4,6.0,4,1
342541,12,9,25,-3.02,902570.0,115.64,0.33,5,0.0,4,1
953286,1,4,20,4.43,99638.0,90.9,0.58,3,1.0,1,1
960354,13,6,37,-12.5,1050387.0,134.69,0.3,4,7.0,3,1
143550,11,7,27,-4.12,976635.0,115.68,0.18,3,0.0,3,1
670540,0,2,20,1.45,112796.0,100.28,0.55,3,3.0,1,1
566207,1,5,21,9.67,47400.0,85.59,0.55,3,0.0,2,0
696380,12,7,23,-8.56,1044421.0,118.52,0.21,3,0.0,4,1
228840,0,3,58,5.79,120746.0,94.83,0.63,3,2.0,1,0
853727,0,3,19,4.63,120423.0,90.06,0.48,2,2.0,1,0
766902,13,7,30,-11.71,999240.0,129.17,0.26,3,4.0,4,1
913379,1,2,48,0.83,96468.0,103.48,0.71,2,5.0,1,0
292160,11,8,24,-6.38,928794.0,124.39,0.26,4,3.0,3,1
245940,11,7,28,-11.42,1036980.0,131.03,0.24,4,6.0,3,1
381594,10,6,31,-1.93,955697.0,126.13,0.27,4,4.0,2,0
701764,11,6,27,-19.58,972749.0,127.53,0.26,3,3.0,2,0
337187,0,3,50,2.59,107273.0,111.21,0.62,3,6.0,1,0
964945,12,6,33,5.52,963991.0,130.68,0.38,4,4.0,2,1
629013,11,9,23,-4.54,1038764.0,129.0,0.19,4,3.0,5,1
621084,14,6,30,-6.33,1110520.0,126.08,0.17,4,2.0,4,1
870415,0,4,20,0.41,175570.0,111.76,0.59,2,4.0,1,1
570903,10,7,33,5.89,1005218.0,128.89,0.29,3,5.0,3,1
662351,2,3,22,0.79,129477.0,104.78,0.61,3,4.0,1,0
630456,4,3,42,7.43,85103.0,104.05,0.63,2,3.0,1,0
967629,11,6,30,-15.19,1060807.0,129.21,0.22,3,4.0,3,1
963320,10,6,29,-13.39,1020604.0,125.9,0.19,3,3.0,2,1
644245,10,6,28,11.32,951052.0,119.56,0.29,3,3.0,2,1
607918,0,5,19,0.56,130568.0,91.5,0.47,2,1.0,2,0
936030,0,3,60,3.57,39024.0,98.47,0.75,2,4.0,1,0
755957,11,5,29,-0.8,1032569.0,128.42,0.26,3,3.0,2,0
243063,11,6,27,5.45,990170.0,136.3,0.31,4,7.0,2,1
308005,13,7,28,-3.61,1050353.0,127.33,0.24,3,4.0,4,1
934485,12,7,29,-11.1,983098.0,127.89,0.26,4,4.0,3,1
430380,11,6,26,6.54,1045661.0,122.29,0.27,4,3.0,3,0
637527,12,6,24,2.01,1059344.0,122.17,0.2,3,1.0,3,0
676579,3,2,48,1.51,191793.0,117.38,0.78,2,6.0,1,0
878331,1,4,21,1.89,130158.0,86.36,0.5,3,0.0,1,1
382036,13,8,35,-11.54,1021903.0,127.64,0.25,4,3.0,5,1
306254,2,3,21,6.54,48960.0,101.28,0.56,2,5.0,1,1
220097,4,1,19,6.51,175162.0,111.85,0.57,1,6.0,1,1
215309,12,7,26,-13.92,936158.0,127.21,0.3,4,3.0,3,0
883865,13,6,24,-4.61,981055.0,122.77,0.19,4,2.0,3,1
152724,2,2,54,2.83,14459.0,109.29,0.76,2,6.0,1,1
231706,0,3,41,3.01,70090.0,107.53,0.71,2,6.0,1,0
823251,11,7,31,-4.83,962073.0,128.4,0.31,3,6.0,3,0
819350,13,7,33,-1.63,965318.0,129.43,0.37,4,4.0,3,0
802577,14,8,30,-9.4,1000535.0,133.19,0.32,4,6.0,5,0
808425,2,2,38,1.85,106572.0,95.91,0.51,3,3.0,1,0
471829,0,5,33,12.88,23681.0,86.66,0.45,2,1.0,1,0
923794,10,8,29,-5.52,1041790.0,130.97,0.24,4,4.0,4,1
187688,12,5,27,-6.37,1039727.0,128.34,0.23,4,4.0,2,1
674091,11,7,24,-5.52,985605.0,128.78,0.23,4,4.0,3,1
985963,0,1,58,2.39,132268.0,120.75,0.79,2,10.0,1,0
671041,1,2,18,2.56,142361.0,91.17,0.44,2,2.0,1,0
141341,0,3,58,2.76,78840.0,123.65,0.77,2,10.0,1,0
377277,12,5,31,6.59,1079045.0,120.88,0.26,5,3.0,2,1
601545,13,8,29,-7.44,980226.0,131.49,0.24,3,6.0,4,1
640187,12,8,23,-3.08,963181.0,132.47,0.23,4,4.0,4,1
635885,1,4,57,4.61,140261.0,103.61,0.72,2,5.0,1,0
768487,13,6,28,-0.49,1051923.0,122.75,0.22,4,2.0,3,1
724263,14,5,24,5.75,1071998.0,132.23,0.18,3,4.0,3,1
390971,12,6,29,-7.09,1006144.0,122.87,0.23,4,2.0,3,0
949678,0,2,32,4.65,80582.0,112.19,0.67,3,6.0,1,0
669290,1,4,34,7.82,82996.0,92.99,0.62,2,2.0,1,1
786667,0,4,58,6.06,125163.0,122.02,0.76,2,8.0,1,0
45299,2,5,33,0.58,32620.0,90.49,0.49,2,0.0,2,0
343823,12,6,32,-16.67,1028539.0,132.87,0.33,3,6.0,3,0
109790,0,4,20,8.58,8563.0,103.2,0.64,2,5.0,1,0
141016,10,6,28,-9.86,1023850.0,126.95,0.25,3,4.0,2,1
762310,0,2,44,0.14,20666.0,101.97,0.63,2,5.0,1,1
187561,13,6,33,11.34,934684.0,125.26,0.27,4,3.0,3,0
25318,2,5,40,8.94,141729.0,109.5,0.63,3,4.0,2,0
573167,13,9,25,-8.7,971345.0,133.16,0.28,4,4.0,5,1
910380,12,7,35,-5.76,1028921.0,130.37,0.21,5,5.0,3,0
34440,8,7,25,-17.13,990926.0,125.8,0.23,3,4.0,2,1
239716,0,5,44,2.1,106858.0,108.26,0.72,2,6.0,2,1
241131,14,7,36,-4.81,999224.0,128.86,0.29,3,5.0,4,0
69036,12,5,34,-0.8,991051.0,129.73,0.36,3,6.0,2,1
308980,1,4,21,5.65,5692.0,94.86,0.56,2,3.0,1,0
262869,14,6,24,-6.74,1032946.0,133.04,0.28,3,6.0,3,1
382443,0,1,19,13.91,147262.0,106.63,0.61,2,4.0,1,0
539138,0,3,42,6.26,59843.0,111.78,0.72,1,6.0,1,1
712150,13,6,24,-8.11,1067727.0,134.01,0.22,4,6.0,3,1
38001,13,6,27,-2.86,973345.0,130.13,0.32,4,5.0,3,1
730711,0,3,53,2.82,109959.0,104.26,0.75,2,6.0,1,0
130853,10,5,31,-0.16,978014.0,129.01,0.37,4,7.0,2,1
921850,12,5,23,7.95,1091750.0,132.18,0.25,4,5.0,2,1
115621,0,4,21,9.99,88085.0,119.85,0.7,2,8.0,1,0
814081,12,7,25,-7.2,977210.0,132.32,0.36,3,7.0,3,0
693404,12,6,33,1.45,966993.0,134.51,0.4,3,7.0,2,1
701283,12,7,40,-13.12,881946.0,123.98,0.32,4,4.0,3,1
61409,15,6,23,-14.37,1021590.0,119.0,0.2,3,2.0,4,1
382317,12,7,35,-2.04,965768.0,130.55,0.36,3,5.0,3,1
490489,2,3,18,1.52,98909.0,104.98,0.63,3,5.0,1,0
847813,3,1,42,16.25,99934.0,110.05,0.68,3,7.0,1,0
196191,13,8,27,-4.03,1127770.0,132.95,0.24,4,5.0,5,1
252164,14,5,24,-18.7,848411.0,121.64,0.31,3,3.0,2,0
885313,12,7,24,-24.54,978237.0,133.4,0.29,4,7.0,3,0
132866,0,2,40,0.4,148261.0,113.52,0.7,2,7.0,1,0
78548,0,4,21,6.61,204032.0,107.83,0.48,3,4.0,1,1
947932,9,7,29,-23.44,971096.0,123.61,0.2,3,3.0,2,1
476119,0,5,22,7.12,99053.0,104.73,0.5,2,3.0,2,0
384993,0,4,18,2.14,78067.0,83.33,0.53,2,1.0,1,0
553944,0,5,19,6.46,113742.0,101.76,0.52,2,4.0,2,0
700499,9,6,36,-5.52,914540.0,117.61,0.25,3,0.0,2,1
564296,1,5,18,3.47,117267.0,98.29,0.51,2,3.0,2,1
753960,12,6,33,-25.39,927290.0,117.63,0.19,4,2.0,2,1
39768,1,1,31,5.86,105850.0,103.74,0.59,2,4.0,1,1
469821,0,2,36,4.78,131286.0,98.89,0.64,3,4.0,1,0
108977,3,4,47,0.89,191733.0,97.68,0.51,3,3.0,2,0
897117,1,5,46,10.99,57975.0,94.29,0.65,2,2.0,2,1
75482,0,0,20,0.45,58047.0,91.24,0.62,2,3.0,1,0
877917,11,7,23,-5.96,925275.0,122.61,0.26,3,2.0,3,0
115561,13,7,25,-16.89,985011.0,121.54,0.25,4,2.0,4,0
548131,13,6,36,13.46,1020671.0,126.86,0.3,4,5.0,3,1
355146,0,4,21,14.01,146750.0,84.06,0.5,2,1.0,1,0
371064,11,6,32,-1.39,979401.0,123.39,0.23,4,3.0,2,1
510221,0,5,59,3.26,128324.0,129.85,0.76,2,11.0,2,0
441140,13,7,24,-0.51,992191.0,131.02,0.27,3,5.0,4,1
726712,12,7,29,-1.15,915638.0,114.97,0.28,4,2.0,3,1
87956,12,5,24,-1.52,1039934.0,124.42,0.3,3,4.0,2,1
168479,0,5,39,4.72,153632.0,112.64,0.61,3,6.0,2,0
158201,12,5,33,-4.48,1006095.0,123.08,0.26,3,3.0,2,1
43516,0,5,48,0.91,137730.0,120.0,0.7,2,8.0,2,0
811337,0,3,34,11.21,185279.0,100.78,0.57,2,3.0,1,0
219431,0,3,47,1.19,76472.0,104.36,0.55,3,4.0,1,1
852798,0,5,35,12.43,120947.0,110.6,0.71,2,6.0,2,0
551075,2,4,19,34.24,121841.0,100.52,0.53,2,2.0,2,0
946292,12,6,26,-11.03,1010043.0,132.05,0.23,4,6.0,3,1
56673,12,7,35,-7.11,1060946.0,132.18,0.24,4,6.0,4,1
439016,0,4,37,0.36,113650.0,121.44,0.69,2,8.0,1,0
151159,1,3,32,2.26,99648.0,112.39,0.69,1,7.0,1,1
24842,0,0,59,25.62,120523.0,111.11,0.78,2,8.0,1,1
632134,4,5,46,0.97,219939.0,119.77,0.72,3,7.0,2,0
457512,13,7,25,10.54,950834.0,119.52,0.19,4,3.0,3,1
506056,14,5,25,-0.37,951073.0,114.18,0.19,4,1.0,2,0
712817,12,7,28,-16.13,1029344.0,127.32,0.25,4,4.0,3,1
722502,0,3,19,6.33,45762.0,109.63,0.62,3,6.0,1,0
218306,3,4,47,1.63,99637.0,117.65,0.71,2,8.0,2,0
520854,0,5,20,3.21,67094.0,91.55,0.46,3,1.0,1,0
175915,0,5,57,1.45,49199.0,106.83,0.73,2,4.0,1,0
593961,0,5,18,4.99,81896.0,83.9,0.53,2,1.0,2,0
246091,13,8,23,-16.53,1010889.0,125.49,0.21,4,3.0,5,1
823047,1,5,20,5.17,76340.0,88.72,0.44,2,1.0,2,1
277124,11,6,28,-1.34,944755.0,113.06,0.2,3,0.0,2,1
497532,12,8,34,-1.68,948151.0,124.0,0.24,4,2.0,4,1
624847,12,7,33,-19.4,1056191.0,131.77,0.3,3,5.0,4,1
836292,12,9,25,-15.58,1067933.0,130.67,0.27,4,4.0,5,0
760760,2,2,55,4.16,102540.0,96.07,0.63,2,4.0,1,0
467930,12,10,27,10.36,1019794.0,133.96,0.29,4,6.0,5,0
755922,1,3,20,1.33,127891.0,78.11,0.5,2,0.0,1,0
68535,1,2,20,3.52,98527.0,72.97,0.49,2,0.0,1,0
787210,0,2,32,5.09,54761.0,88.95,0.46,2,3.0,1,0
81830,12,8,24,-9.44,974133.0,125.18,0.22,4,3.0,4,1
728783,10,8,31,-11.41,1022734.0,133.24,0.3,3,6.0,4,1
557653,11,6,24,-5.87,942625.0,124.4,0.25,3,3.0,2,1
830425,13,7,23,20.85,882376.0,127.59,0.33,3,5.0,3,1
160051,0,4,52,7.92,122402.0,93.78,0.64,3,3.0,1,0
729157,12,5,36,-20.7,922196.0,132.62,0.29,4,8.0,2,0
133302,0,4,57,15.45,48645.0,121.61,0.77,2,8.0,1,0
892576,11,6,28,-8.99,1036570.0,117.78,0.22,4,3.0,2,0
167535,1,4,48,3.97,57972.0,104.61,0.73,3,5.0,1,0
260334,1,4,38,1.47,5826.0,110.76,0.78,3,7.0,1,0
671189,2,5,57,15.13,118813.0,123.94,0.72,2,9.0,2,0
626857,0,5,46,0.42,151872.0,105.47,0.63,2,5.0,2,0
58306,0,4,20,15.75,143914.0,95.53,0.51,2,2.0,1,0
463251,0,1,40,1.96,139983.0,108.22,0.67,2,5.0,1,0
846631,11,6,30,-9.7,934369.0,120.9,0.25,4,3.0,2,1
954000,0,2,18,1.08,56525.0,91.05,0.5,3,2.0,1,0
945654,14,6,23,6.29,980581.0,116.7,0.18,4,2.0,3,0
230867,14,6,29,-1.69,946529.0,120.49,0.33,4,3.0,3,0
512738,0,3,21,0.89,50724.0,99.25,0.59,3,4.0,1,0
170878,13,7,24,0.78,998879.0,131.6,0.25,3,4.0,4,0
832059,1,3,20,2.27,143493.0,84.01,0.42,2,0.0,1,0
679570,13,7,31,-12.62,907214.0,127.46,0.29,4,4.0,3,1
440410,10,6,25,-5.58,1072088.0,125.31,0.24,4,4.0,2,1
250714,0,4,41,3.89,92789.0,118.86,0.67,2,8.0,1,0
356583,3,4,22,0.32,15216.0,108.72,0.66,3,5.0,1,1
311505,1,5,58,21.27,26793.0,110.13,0.75,2,5.0,2,0
665120,15,8,32,-17.85,1012172.0,121.08,0.18,3,1.0,5,1
793222,14,7,29,13.19,1010338.0,135.05,0.34,3,6.0,4,0
233067,2,5,18,4.85,150056.0,91.79,0.46,3,1.0,2,0
345857,0,4,21,3.42,107165.0,95.93,0.48,2,2.0,1,0
295218,0,4,22,5.55,111543.0,99.27,0.53,3,2.0,1,0
651524,0,4,20,0.72,67187.0,75.17,0.46,2,0.0,1,0
346341,13,6,28,-7.56,938437.0,127.62,0.31,4,5.0,3,0
486601,0,3,20,4.25,65482.0,89.49,0.49,2,2.0,1,0
935203,2,2,60,0.36,80532.0,94.96,0.66,3,3.0,1,0
968450,13,5,25,-0.33,1046103.0,126.4,0.23,3,3.0,2,1
594525,4,3,19,9.81,178905.0,115.77,0.56,2,7.0,2,0
402964,0,3,18,3.44,90600.0,106.21,0.58,2,5.0,1,1
649491,0,2,38,4.55,82390.0,92.84,0.66,3,3.0,1,0
379889,0,3,54,6.64,69616.0,128.99,0.83,2,12.0,1,0
430790,11,6,37,-8.63,1046213.0,122.01,0.16,3,0.0,3,0
829726,1,5,20,3.56,164551.0,81.19,0.43,3,0.0,2,0
257483,0,4,21,4.17,72825.0,98.43,0.54,3,3.0,1,1
357322,0,2,21,9.99,61036.0,81.91,0.47,3,0.0,1,0
187165,0,3,22,0.42,156103.0,97.35,0.57,2,2.0,1,1
13599,0,3,54,13.79,183887.0,121.52,0.65,2,9.0,1,0
147489,13,6,30,-11.94,1056956.0,121.69,0.2,4,3.0,3,0
979501,1,4,58,4.04,177163.0,121.31,0.69,3,8.0,2,0
699124,15,6,23,17.96,975153.0,129.44,0.25,3,5.0,3,1
828021,1,2,41,6.5,83799.0,105.48,0.66,2,6.0,1,0
296022,14,7,25,9.96,999789.0,132.39,0.28,4,5.0,4,1
875465,2,5,39,9.49,33095.0,105.3,0.62,3,5.0,2,0
829923,1,5,19,5.34,127367.0,109.51,0.57,3,6.0,2,0
423812,0,5,19,7.85,152987.0,117.42,0.61,2,5.0,2,0
105755,13,6,25,-2.04,983913.0,118.05,0.21,3,1.0,3,1
23980,1,3,51,11.69,133966.0,125.1,0.74,2,9.0,1,0
357936,1,3,21,1.93,61709.0,93.83,0.42,3,2.0,1,0
713601,13,6,24,-12.26,930713.0,126.89,0.22,4,6.0,3,1
161580,1,0,19,7.89,119010.0,97.06,0.55,2,4.0,1,0
602464,12,7,23,-13.05,1002249.0,132.73,0.29,4,5.0,3,1
705429,13,6,31,4.53,971776.0,131.88,0.2,3,5.0,3,1
411383,12,6,32,17.52,1000661.0,129.84,0.24,4,5.0,3,1
472416,13,6,31,9.99,952147.0,130.05,0.28,4,5.0,3,1
18314,2,3,19,2.5,171881.0,103.92,0.56,2,4.0,1,1
94901,10,6,27,-16.62,986395.0,121.44,0.17,4,3.0,2,1
613587,13,8,34,0.69,1017470.0,132.76,0.32,4,6.0,5,1
602347,13,5,34,-1.12,988244.0,120.39,0.22,4,1.0,2,1
638843,13,7,29,-13.02,973371.0,136.43,0.33,4,7.0,3,1
80396,10,6,33,-13.46,982865.0,121.77,0.28,3,4.0,2,1
155063,12,5,26,-17.96,961043.0,113.42,0.26,4,0.0,2,1
312914,12,8,28,14.87,988770.0,118.83,0.26,4,2.0,4,1
695855,0,5,20,6.92,187908.0,110.61,0.46,2,4.0,2,0
978276,13,6,28,10.37,985764.0,127.42,0.33,3,4.0,3,1
556037,1,4,21,1.01,150836.0,100.63,0.51,2,4.0,1,0
196894,12,5,32,-2.04,963965.0,118.46,0.17,4,1.0,2,1
412927,12,8,23,-1.23,995390.0,127.18,0.23,3,3.0,4,1
799230,0,3,59,8.28,100886.0,106.13,0.66,2,4.0,1,0
589901,0,2,21,15.08,205185.0,96.32,0.51,3,4.0,1,0
937981,0,1,19,13.57,113227.0,79.22,0.48,3,0.0,1,0
660613,12,6,32,-8.73,1010710.0,132.44,0.24,4,5.0,3,1
336387,3,4,49,0.34,142793.0,131.07,0.8,2,11.0,2,0
858567,13,7,26,-3.98,1001376.0,120.49,0.23,4,2.0,4,1
582683,13,6,36,0.87,1009439.0,123.69,0.3,4,3.0,3,1
868413,13,6,23,-5.51,1042410.0,127.84,0.16,4,4.0,3,1
284726,10,7,25,15.61,1018496.0,129.0,0.25,3,4.0,3,1
11697,0,5,22,1.01,42295.0,106.8,0.48,2,3.0,1,1
933987,12,7,26,-13.95,1001113.0,135.07,0.31,4,7.0,3,1
303562,14,7,34,-5.15,1052112.0,133.12,0.32,4,7.0,4,0
456010,0,2,21,2.96,142218.0,97.45,0.49,2,2.0,1,0
35161,3,3,51,4.57,136920.0,107.29,0.72,3,6.0,1,0
987792,7,7,33,15.19,937456.0,118.51,0.25,3,2.0,2,1
625771,0,3,43,1.07,94911.0,102.09,0.58,2,5.0,1,0
860680,1,3,20,3.26,121871.0,94.71,0.54,3,2.0,1,0
179290,13,8,31,-7.94,1072924.0,131.21,0.28,4,5.0,5,1
694174,13,6,33,-0.35,930850.0,124.44,0.24,4,5.0,3,1
823067,0,4,34,4.1,175900.0,120.76,0.65,3,7.0,1,0
326099,11,6,27,22.32,990010.0,122.2,0.21,4,3.0,2,0
627611,13,6,25,3.74,971467.0,119.87,0.24,3,1.0,3,1
196475,0,4,53,7.99,16329.0,119.16,0.75,2,8.0,1,0
199478,14,6,30,-3.43,1012911.0,125.53,0.21,3,3.0,3,1
553651,0,3,54,4.0,67738.0,91.19,0.63,2,3.0,1,0
375975,12,6,35,-0.13,1028203.0,124.42,0.17,4,2.0,3,1
26953,12,9,31,-3.26,898648.0,122.39,0.29,4,2.0,4,1
326621,2,4,18,0.5,106025.0,102.56,0.47,2,4.0,2,0
954208,13,7,32,0.59,1035845.0,137.22,0.33,3,7.0,4,1
582376,2,0,42,1.55,106448.0,98.08,0.65,2,4.0,1,1
289323,0,5,47,17.53,119098.0,100.07,0.61,2,4.0,2,0
33183,0,2,45,13.28,187634.0,111.12,0.68,2,7.0,1,0
199620,0,4,48,4.12,79887.0,106.69,0.66,3,5.0,1,0
737553,10,7,31,-0.57,995308.0,122.42,0.27,4,3.0,3,1
613976,0,5,20,9.33,59338.0,119.53,0.59,2,7.0,1,0
594931,0,4,22,2.83,193771.0,82.26,0.5,2,0.0,1,0
739541,0,4,38,1.38,8642.0,105.89,0.71,2,6.0,1,0
489872,14,8,31,-17.18,973449.0,126.54,0.23,4,3.0,5,0
552723,13,8,30,-8.42,1085420.0,135.89,0.36,4,7.0,5,0
631554,0,3,19,21.12,88355.0,103.7,0.55,2,4.0,1,0
471325,11,7,31,-21.58,1019543.0,125.44,0.24,3,3.0,3,1
888226,0,3,20,2.22,14800.0,103.79,0.7,2,4.0,1,0
814298,13,5,30,-18.07,914818.0,121.41,0.26,4,1.0,2,1
122648,6,9,27,-5.2,972398.0,117.42,0.2,4,2.0,3,1
798247,11,6,28,-2.92,947318.0,128.16,0.25,3,5.0,2,1
683567,11,6,25,-2.28,919380.0,131.5,0.41,3,7.0,2,1
852266,0,4,58,5.62,116393.0,122.63,0.72,2,10.0,1,0
716422,0,3,21,0.42,33241.0,99.82,0.6,3,4.0,1,0
444661,0,2,21,0.95,64031.0,89.47,0.61,2,2.0,1,0
150232,12,9,33,-5.98,946632.0,137.19,0.35,3,7.0,5,1
479195,12,5,23,3.12,963378.0,125.82,0.32,4,4.0,2,0
314128,13,6,29,-8.43,1004072.0,131.73,0.3,4,5.0,3,1
96563,13,6,32,-0.92,997078.0,130.42,0.31,4,5.0,3,1
307366,0,5,38,15.31,385.0,118.66,0.75,3,8.0,1,0
799957,2,5,34,2.9,89453.0,101.68,0.62,2,2.0,2,0
241811,1,3,58,0.68,114456.0,106.81,0.72,2,6.0,1,1
542704,13,7,26,-14.91,1003806.0,123.73,0.2,4,3.0,4,0
735339,0,5,49,4.93,76090.0,118.15,0.75,2,8.0,2,0
338305,1,4,19,6.78,179885.0,101.28,0.58,2,3.0,2,0
737873,3,5,43,9.71,87228.0,102.23,0.61,2,3.0,2,0
943671,14,6,24,-15.76,1002432.0,125.99,0.23,4,3.0,3,1
567641,13,9,26,-25.87,992989.0,129.03,0.2,4,3.0,5,1
649884,8,7,30,-20.92,982713.0,133.55,0.35,3,6.0,2,1
18099,0,4,19,20.57,192035.0,113.88,0.51,2,4.0,1,1
352964,0,4,21,2.66,86556.0,93.55,0.54,3,2.0,1,0
895346,0,5,22,0.7,133965.0,120.0,0.63,2,8.0,2,0
687198,13,6,26,-0.24,992709.0,125.92,0.25,4,3.0,3,1
5413,12,5,26,-6.98,1041091.0,120.87,0.19,4,1.0,2,1
736873,1,2,21,2.06,84899.0,102.56,0.56,2,4.0,1,1
409842,0,5,49,0.99,60330.0,114.39,0.74,3,7.0,1,0
395490,0,0,19,4.93,78166.0,92.64,0.63,2,4.0,1,0
392437,15,7,27,-21.12,1011497.0,121.11,0.21,3,1.0,4,1
135322,11,7,29,14.54,940601.0,129.14,0.3,4,6.0,3,1
955865,12,8,38,5.39,1071186.0,132.92,0.31,4,5.0,5,1
722947,12,7,25,7.5,981341.0,126.16,0.22,3,5.0,3,0
673206,1,4,18,3.62,81813.0,95.8,0.51,2,2.0,1,1
11789,12,8,38,-0.97,1047514.0,124.88,0.26,4,3.0,4,1
547665,1,3,22,0.36,46239.0,93.99,0.56,2,4.0,1,0
657914,0,4,21,6.64,139764.0,96.45,0.52,3,1.0,1,0
955561,1,4,21,0.43,206751.0,114.13,0.59,2,6.0,2,0
948809,9,6,28,-2.04,1015630.0,126.58,0.25,4,5.0,2,1
209888,10,7,28,0.6,993958.0,126.54,0.23,4,3.0,3,1
684851,1,2,20,39.32,132385.0,84.14,0.43,2,0.0,1,0
915541,14,6,33,3.86,1034604.0,135.63,0.32,4,8.0,3,1
445399,1,3,49,18.71,96469.0,113.55,0.77,2,8.0,1,0
595719,8,6,23,-0.56,999028.0,126.53,0.23,4,4.0,2,1
641283,1,3,55,10.09,100378.0,106.17,0.76,2,8.0,1,1
45832,0,2,47,0.4,110516.0,110.17,0.67,2,6.0,1,0
258972,0,4,20,13.99,13835.0,96.68,0.56,1,3.0,1,0
878931,12,6,27,9.26,926517.0,141.19,0.42,4,11.0,2,1
176201,11,6,26,-3.19,1052726.0,136.1,0.29,4,8.0,3,1
226674,0,5,19,18.49,50000.0,81.37,0.42,2,1.0,1,0
552275,0,3,19,1.84,176914.0,108.51,0.59,2,5.0,1,0
33587,1,1,34,3.2,96539.0,104.34,0.56,2,4.0,1,0
616940,0,3,41,6.14,172638.0,117.54,0.67,2,6.0,1,0
664240,13,6,31,-6.57,941792.0,112.06,0.23,4,1.0,3,1
128862,12,6,32,4.54,1072751.0,123.51,0.2,4,2.0,3,1
87882,12,5,28,-0.69,1023102.0,122.39,0.26,4,3.0,2,1
708354,1,3,19,7.02,80550.0,92.09,0.48,2,1.0,1,0
537421,13,6,27,-0.41,1032319.0,121.09,0.18,4,2.0,3,1
884372,12,7,23,1.04,933614.0,132.85,0.33,4,5.0,3,1
146394,3,3,21,4.79,122146.0,74.18,0.42,2,0.0,1,0
260151,0,4,37,10.14,118259.0,102.67,0.64,2,5.0,1,0
692965,0,1,48,19.32,49093.0,91.6,0.68,3,4.0,1,1
171585,11,6,25,-1.81,1105957.0,127.35,0.25,4,4.0,3,1
386429,9,7,31,2.09,990786.0,113.96,0.2,4,1.0,2,1
984201,13,6,23,-5.41,1002164.0,127.72,0.19,4,3.0,3,1
46621,0,5,22,0.89,190022.0,95.25,0.4,2,1.0,2,0
739140,12,6,25,-15.43,988461.0,120.34,0.23,3,1.0,3,1
940790,2,4,53,3.01,163722.0,121.21,0.77,3,9.0,2,0
744790,1,4,21,14.9,133944.0,119.49,0.68,3,8.0,1,0
682912,2,2,20,9.94,113481.0,107.53,0.62,2,6.0,1,1
409159,1,4,20,3.03,139156.0,111.11,0.59,2,6.0,1,0
980044,11,6,29,-1.95,1044614.0,126.02,0.21,4,3.0,3,1
247564,11,6,30,-7.88,1012503.0,120.79,0.17,4,2.0,2,1
64230,0,2,41,0.49,50401.0,86.91,0.64,3,3.0,1,0
196057,0,4,37,5.49,87047.0,110.77,0.7,2,6.0,1,0
956510,2,3,46,2.85,126749.0,118.08,0.75,2,7.0,1,0
395180,1,5,53,14.72,119183.0,110.64,0.63,2,5.0,2,0
176416,13,8,27,10.14,995523.0,124.54,0.19,3,3.0,5,0
18650,0,4,19,6.73,69414.0,103.39,0.6,2,3.0,1,0
951490,12,7,33,-9.41,996341.0,132.4,0.21,4,5.0,3,1
597577,0,4,21,9.14,72853.0,91.1,0.52,2,1.0,1,0
256576,12,7,23,-13.49,1011206.0,120.93,0.24,3,1.0,3,1
97035,1,4,44,1.52,95649.0,100.38,0.66,2,5.0,1,0
620252,15,6,34,-8.81,1076611.0,117.01,0.17,4,1.0,4,1
919074,13,7,28,0.42,977792.0,127.92,0.32,3,5.0,4,1
113375,0,3,44,6.65,100989.0,104.58,0.7,2,4.0,1,1
982730,0,3,49,2.2,68484.0,105.19,0.6,2,5.0,1,0
666450,12,7,36,-13.46,995666.0,130.6,0.29,3,5.0,3,0
321830,10,7,32,-16.58,914580.0,126.25,0.35,4,5.0,2,1
444285,13,7,28,15.45,1018132.0,130.04,0.32,4,6.0,4,1
716156,1,2,41,6.37,148271.0,99.2,0.59,3,3.0,1,0
628413,14,6,25,-9.14,1038184.0,134.97,0.3,4,7.0,3,1
777907,0,3,45,3.44,100306.0,94.82,0.61,3,3.0,1,0
524692,0,3,21,0.25,83504.0,84.53,0.49,2,1.0,1,0
225033,11,7,27,-19.11,1055219.0,126.92,0.25,3,4.0,3,1
946187,9,6,27,-10.07,959039.0,128.17,0.26,3,3.0,2,1
119876,10,12,24,-17.65,1063420.0,126.97,0.21,3,2.0,5,1
17048,12,7,29,-12.27,994334.0,126.19,0.26,4,3.0,3,1
76001,13,6,32,-24.36,1024040.0,130.64,0.26,4,6.0,3,1
428986,12,6,29,7.41,969258.0,135.55,0.4,3,9.0,2,1
687687,12,7,27,7.46,1009127.0,126.47,0.3,3,4.0,3,0
594789,0,4,20,3.72,117859.0,87.04,0.49,2,0.0,1,1
453424,10,7,34,-7.14,1057888.0,127.04,0.27,4,3.0,3,1
408398,0,4,19,25.57,86074.0,102.16,0.63,2,6.0,1,0
62516,0,3,37,19.15,107257.0,103.32,0.61,2,4.0,1,0
60275,13,5,24,-0.48,1140543.0,132.31,0.27,3,5.0,3,1
545353,10,8,37,-4.93,1090295.0,129.78,0.24,4,4.0,4,1
253226,13,7,30,-1.53,955207.0,130.0,0.19,3,5.0,3,0
144687,12,8,30,-6.03,1055222.0,133.22,0.24,4,5.0,4,1
37742,0,2,21,0.52,114478.0,98.12,0.64,2,4.0,1,0
188531,12,8,28,-11.29,1001142.0,119.79,0.22,4,1.0,4,0
632909,11,6,27,-4.49,1060816.0,134.67,0.26,4,6.0,3,1
194460,1,5,20,3.06,11557.0,99.42,0.5,2,3.0,2,0
538082,11,10,29,-12.4,998570.0,118.62,0.16,3,0.0,5,1
833105,13,7,23,5.29,1034528.0,131.29,0.21,3,5.0,4,0
142926,1,2,20,6.31,131547.0,77.05,0.53,2,0.0,1,0
700184,0,4,34,4.39,52633.0,109.61,0.65,2,7.0,1,0
228141,11,7,29,-13.17,982725.0,134.03,0.27,4,7.0,3,1
746400,12,5,33,-2.78,1075942.0,127.45,0.25,3,4.0,2,0
929472,3,4,33,1.54,77488.0,111.52,0.69,2,6.0,2,0
563420,12,8,26,-3.95,986736.0,129.08,0.26,4,4.0,4,1
208159,0,4,46,21.16,77198.0,112.52,0.59,2,5.0,1,1
819223,12,6,23,-11.79,1021157.0,128.76,0.31,4,4.0,3,1
767524,1,3,20,4.29,105135.0,91.51,0.48,2,2.0,1,0
197645,0,5,50,2.69,76986.0,102.19,0.6,2,4.0,2,0
991002,12,5,31,-6.02,1047976.0,125.33,0.22,4,3.0,2,1
581948,1,2,51,15.0,222768.0,91.26,0.48,3,1.0,1,0
568316,14,8,29,8.72,1016036.0,132.32,0.31,4,6.0,5,1
333722,1,3,51,5.94,253992.0,107.91,0.58,2,5.0,1,0
258704,0,5,33,6.54,121995.0,97.27,0.49,3,3.0,2,0
531145,2,4,54,0.91,158967.0,112.12,0.73,2,5.0,2,0
472020,0,4,19,5.6,117704.0,87.71,0.41,3,0.0,1,0
295958,13,5,28,-9.57,960790.0,127.15,0.3,4,5.0,2,0
329334,14,6,27,-13.84,951690.0,119.92,0.24,4,2.0,3,1
85595,12,9,26,-9.87,977696.0,128.31,0.28,3,4.0,5,1
819670,11,6,29,-1.31,1024385.0,129.83,0.26,4,4.0,2,0
64392,11,5,29,-11.65,956214.0,116.36,0.24,3,2.0,2,1
980940,0,3,18,7.66,114878.0,93.3,0.57,2,1.0,1,0
185437,11,7,30,-1.1,941242.0,121.26,0.25,4,2.0,3,1
327231,0,3,36,0.4,7700.0,81.22,0.61,3,1.0,1,0
282659,15,8,25,-13.6,1055734.0,115.69,0.15,4,0.0,5,1
267784,0,4,44,5.41,34402.0,115.58,0.72,2,8.0,1,0
126791,11,6,31,-1.46,1098377.0,122.44,0.17,4,0.0,3,0
948778,12,10,26,-15.88,1040251.0,133.82,0.33,3,5.0,5,1
141371,0,3,20,2.75,60525.0,79.76,0.47,2,1.0,1,0
184971,0,3,44,8.72,97035.0,92.7,0.59,2,2.0,1,0
603893,1,2,56,1.17,158814.0,113.86,0.71,2,7.0,1,0
961729,12,7,25,-5.94,1004387.0,116.81,0.16,4,1.0,3,1
21241,13,6,30,-4.3,1010398.0,134.37,0.31,4,8.0,3,1
128134,1,2,22,15.23,162940.0,102.63,0.55,3,4.0,1,0
502099,0,3,47,3.04,77734.0,113.23,0.68,2,7.0,1,1
456495,12,7,25,6.6,1032133.0,127.72,0.21,4,3.0,3,1
777217,0,3,19,4.18,56738.0,100.4,0.57,2,4.0,1,1
489035,12,7,34,9.45,928918.0,128.92,0.29,4,5.0,3,0
733993,2,2,51,0.31,58669.0,108.29,0.71,2,5.0,1,0
146676,0,5,21,1.09,48040.0,111.22,0.64,2,6.0,1,0
571241,11,6,33,-6.86,1058851.0,126.93,0.25,4,3.0,3,1
11885,10,5,26,11.14,951225.0,113.4,0.21,3,1.0,2,1
366641,1,5,52,9.44,72929.0,119.25,0.72,2,8.0,2,1
447874,11,5,29,-1.15,1046337.0,122.54,0.2,5,2.0,2,0
285551,8,8,32,-1.97,1012131.0,127.57,0.29,4,4.0,3,1
755080,13,7,35,-1.81,974413.0,127.03,0.28,4,4.0,3,1
494406,12,8,24,-8.15,986924.0,129.14,0.27,4,4.0,4,0
590921,14,6,23,-5.32,988791.0,125.04,0.21,4,4.0,3,1
697301,13,6,33,-14.38,1126443.0,134.3,0.26,3,5.0,4,1
720469,1,4,38,2.63,101600.0,92.28,0.49,2,2.0,1,0
433722,13,8,24,-11.16,998708.0,119.48,0.15,4,0.0,5,1
135428,1,4,57,3.44,50000.0,115.22,0.67,2,6.0,1,0
525750,0,2,38,1.2,150144.0,106.46,0.65,2,6.0,1,0
158088,11,8,27,1.69,1020714.0,125.65,0.22,4,4.0,4,0
483927,2,4,58,8.07,189715.0,132.49,0.81,3,12.0,2,0
20469,3,2,40,0.35,42040.0,93.72,0.58,3,5.0,1,0
691576,11,6,26,-6.82,969511.0,119.5,0.25,3,1.0,2,1
45628,12,7,34,-15.16,941675.0,134.49,0.33,4,7.0,3,0
949744,1,5,46,11.0,85875.0,113.31,0.71,2,5.0,2,0
89721,0,3,59,6.84,90863.0,91.07,0.63,2,3.0,1,0
6316,0,4,58,4.07,94158.0,113.46,0.65,2,6.0,1,0
743180,0,3,22,9.01,103859.0,91.46,0.51,2,2.0,1,0
831105,0,5,21,0.98,126486.0,103.61,0.58,2,4.0,2,0
447499,1,2,20,1.89,86135.0,83.64,0.51,2,2.0,1,1
198817,2,4,50,3.32,146238.0,105.12,0.67,3,4.0,2,1
655467,0,3,45,5.71,162106.0,113.79,0.65,2,6.0,1,0
767515,0,4,46,0.37,21597.0,89.01,0.57,2,2.0,1,0
79753,1,5,18,1.24,89509.0,84.74,0.51,2,0.0,2,0
959919,0,2,20,6.67,95699.0,77.58,0.44,2,0.0,1,0
976486,10,7,29,-1.14,976430.0,125.18,0.28,3,3.0,3,1
287726,11,6,28,-13.88,1038829.0,132.42,0.26,4,6.0,2,1
462367,1,5,53,5.06,49833.0,109.65,0.73,2,6.0,2,1
771041,1,1,49,9.38,89113.0,105.35,0.67,3,6.0,1,0
599401,12,6,32,1.9,1079188.0,133.37,0.25,4,6.0,3,1
149312,12,9,27,-4.11,1066934.0,130.16,0.23,4,4.0,5,1
602224,11,7,25,0.97,930122.0,115.79,0.19,3,1.0,3,1
156699,10,7,33,-6.35,968605.0,128.41,0.37,4,4.0,3,0
346550,13,7,26,-5.87,925797.0,119.73,0.22,3,2.0,3,1
909252,0,3,22,7.92,149746.0,109.47,0.65,3,5.0,1,0
792147,11,6,25,-2.85,987213.0,133.77,0.26,3,5.0,2,1
361229,14,7,29,-4.12,981778.0,127.87,0.3,4,5.0,4,1
601199,11,7,28,-13.07,937751.0,120.76,0.29,2,2.0,3,1
910151,13,7,24,-5.27,1027400.0,127.5,0.19,3,3.0,4,1
849858,13,9,26,-10.22,995160.0,123.98,0.26,4,2.0,5,1
279603,13,6,23,-6.92,1003016.0,131.22,0.34,4,6.0,3,1
675927,0,4,20,3.84,242774.0,90.68,0.39,2,1.0,2,0
468090,0,3,19,1.75,33717.0,101.64,0.6,2,4.0,1,0
162150,10,6,31,-6.72,1027275.0,121.62,0.32,3,3.0,2,1
424346,1,3,21,10.51,125586.0,93.57,0.49,2,3.0,1,0
279401,11,7,29,-0.06,943445.0,131.92,0.32,3,6.0,3,1
43248,13,10,24,-4.38,1030696.0,127.93,0.26,4,3.0,5,1
50257,12,5,24,-11.14,1013344.0,115.14,0.21,3,0.0,2,0
562746,1,4,60,0.13,87127.0,115.02,0.72,2,6.0,1,1
782889,0,4,20,6.36,82316.0,88.35,0.55,2,1.0,1,0
6819,11,7,34,4.5,994250.0,129.23,0.3,4,5.0,3,1
10733,7,6,37,-8.83,970530.0,129.92,0.39,4,6.0,2,1
143265,12,6,27,-4.64,1076574.0,132.56,0.2,4,5.0,3,1
602026,12,5,32,-20.67,991318.0,122.06,0.21,3,3.0,2,1
646082,0,3,35,1.67,144669.0,93.18,0.54,2,3.0,1,0
383750,14,9,27,-13.81,1047087.0,133.68,0.26,3,5.0,5,1
959634,0,4,20,0.15,84800.0,109.65,0.54,3,5.0,1,0
906175,13,7,27,-0.56,1006480.0,121.62,0.19,4,1.0,4,1
571437,3,4,19,8.87,154757.0,102.0,0.57,2,4.0,2,0
408129,12,7,26,21.57,1039931.0,125.23,0.2,4,3.0,4,1
993532,1,4,21,5.9,67364.0,112.78,0.64,2,6.0,1,1
630169,15,7,34,-2.75,1013334.0,113.08,0.17,4,1.0,4,1
559736,7,7,31,13.55,1028198.0,135.49,0.27,3,6.0,2,1
435187,2,5,31,7.49,25899.0,94.3,0.52,2,2.0,2,1
492222,0,3,19,4.09,78366.0,105.44,0.59,3,5.0,1,1
165552,0,4,19,10.43,141508.0,85.22,0.41,2,1.0,1,1
325358,12,6,36,-8.12,1035041.0,121.72,0.24,4,3.0,3,0
594052,12,6,33,-12.37,1028017.0,124.02,0.27,3,3.0,3,1
541814,12,6,26,-7.53,1005128.0,131.78,0.28,4,5.0,3,1
667147,13,6,36,-1.14,1058381.0,130.79,0.29,4,5.0,3,1
271059,0,3,20,4.51,63116.0,81.96,0.56,3,1.0,1,0
718860,1,3,49,13.86,123236.0,115.21,0.68,3,7.0,1,0
998609,11,7,29,-5.74,1042852.0,119.01,0.15,3,0.0,3,1
782198,12,9,33,-20.41,1015496.0,123.7,0.29,4,3.0,5,1
85012,12,7,26,-1.52,1033233.0,123.41,0.26,3,4.0,3,1
743370,2,5,32,0.89,145588.0,113.69,0.46,2,6.0,2,0
61401,0,2,45,1.93,58215.0,96.96,0.72,3,5.0,1,1
659237,14,6,30,-2.0,969441.0,128.57,0.31,4,5.0,3,1
295475,0,3,18,3.28,93939.0,88.58,0.53,2,2.0,1,0
636278,0,5,47,1.54,65919.0,103.35,0.59,2,5.0,1,1
817231,0,3,45,7.72,91847.0,104.89,0.64,1,4.0,1,0
22112,0,1,21,5.69,119580.0,101.12,0.6,2,4.0,1,0
788335,0,3,22,1.24,168536.0,98.08,0.47,2,2.0,1,0
653362,0,4,20,9.87,170249.0,97.08,0.55,3,2.0,1,0
393656,2,1,20,8.61,125216.0,82.83,0.42,3,1.0,1,1
671973,14,8,23,-14.92,1007302.0,123.55,0.19,4,2.0,5,1
33297,2,4,21,1.62,134931.0,111.77,0.67,2,6.0,2,0
589096,0,4,21,3.71,130279.0,109.55,0.54,2,6.0,1,0
601388,1,4,59,19.34,136731.0,113.24,0.79,3,8.0,1,0
165392,10,6,29,-5.65,1048946.0,120.73,0.21,3,0.0,2,1
896636,0,4,18,8.35,48141.0,97.68,0.57,2,3.0,1,0
675241,2,3,21,3.1,107480.0,95.78,0.5,2,3.0,1,0
122310,0,2,54,7.15,106117.0,117.67,0.76,2,8.0,1,0
633158,1,1,21,1.68,146152.0,105.62,0.62,3,5.0,1,0
489742,0,4,21,2.55,84671.0,95.1,0.53,1,2.0,1,0
624852,12,8,29,-1.29,1059489.0,126.9,0.21,4,3.0,5,1
290625,11,5,28,-4.84,1099846.0,120.04,0.21,4,2.0,2,1
855785,11,8,31,-3.15,916734.0,126.43,0.26,4,3.0,3,1
111292,1,3,19,3.28,89658.0,118.39,0.56,1,8.0,1,0
333809,2,3,58,0.59,179673.0,107.35,0.67,2,5.0,1,0
537404,3,2,19,14.4,22427.0,92.14,0.49,2,3.0,1,1
315934,13,7,36,8.64,970011.0,135.11,0.31,3,7.0,3,1
292186,14,6,32,-15.94,1015409.0,133.86,0.26,4,6.0,3,0
976223,12,7,30,9.82,1019530.0,129.0,0.23,3,5.0,3,1
607770,2,3,37,4.13,146829.0,108.67,0.62,2,6.0,1,0
690197,1,5,35,8.4,1065.0,103.48,0.72,2,5.0,1,0
809347,12,6,30,6.41,1026891.0,113.71,0.2,4,1.0,3,1
357318,13,8,29,1.0,1030269.0,135.09,0.27,3,6.0,5,1
716962,11,7,27,-6.36,1005747.0,127.59,0.24,3,4.0,3,1
527731,12,8,30,-9.52,1053439.0,135.5,0.27,3,6.0,4,1
964534,13,6,27,-2.18,985543.0,134.68,0.26,4,6.0,3,1
803124,14,5,25,1.15,1049354.0,127.95,0.26,3,3.0,3,1
810035,14,7,26,-8.57,995777.0,123.79,0.29,4,3.0,4,1
510565,11,8,38,-35.02,1034870.0,128.94,0.31,3,4.0,4,1
405395,1,3,39,22.65,163623.0,105.59,0.59,2,4.0,1,0
503275,1,3,20,1.76,96391.0,88.5,0.51,3,1.0,1,0
545288,1,5,19,1.47,99811.0,87.16,0.45,2,1.0,2,0
492233,2,2,20,9.38,77020.0,87.59,0.47,2,1.0,1,1
430174,13,7,25,16.28,954888.0,124.31,0.22,4,3.0,3,0
868461,0,3,20,15.4,131817.0,94.67,0.53,3,2.0,1,0
480543,12,8,27,5.29,938436.0,126.98,0.23,3,4.0,4,1
917942,0,4,19,4.1,99154.0,97.64,0.52,2,3.0,1,0
538354,1,1,47,8.43,169442.0,106.57,0.63,2,5.0,1,0
318857,0,4,22,5.23,158869.0,92.24,0.48,2,0.0,1,0
677101,0,2,52,2.23,189479.0,97.67,0.69,2,3.0,1,0
48587,10,6,36,0.01,1050284.0,128.93,0.2,4,4.0,2,1
800811,9,6,27,-12.38,990139.0,127.56,0.23,3,3.0,2,0
530731,12,6,24,3.31,1039871.0,125.49,0.2,4,2.0,3,1
259855,1,5,20,5.42,65291.0,81.68,0.38,2,0.0,2,1
561897,0,4,19,17.86,148890.0,104.11,0.57,2,3.0,1,0
890061,13,7,25,-14.24,1024496.0,129.2,0.28,3,4.0,4,1
351086,13,5,39,-1.44,976861.0,132.8,0.34,3,7.0,2,1
132538,2,4,41,13.81,116487.0,118.45,0.69,2,6.0,2,1
837097,0,4,21,12.39,98422.0,101.6,0.6,2,4.0,1,0
258275,0,5,53,9.57,68285.0,117.45,0.8,2,8.0,1,0
48972,11,6,36,1.68,1109329.0,132.72,0.27,4,7.0,3,1
150461,2,2,18,2.14,118739.0,82.61,0.62,2,2.0,1,0
385190,8,7,26,-2.43,1022363.0,129.84,0.18,3,4.0,2,0
99867,13,8,31,8.91,954701.0,118.92,0.23,4,2.0,4,0
64125,13,5,28,2.83,934845.0,127.7,0.32,4,5.0,2,1
132497,11,7,23,-1.75,1001895.0,119.31,0.18,4,1.0,3,1
672729,0,0,43,1.36,77390.0,100.8,0.59,1,5.0,1,1
621214,1,3,21,0.72,79362.0,95.69,0.54,3,3.0,1,1
811491,10,6,30,11.38,1073738.0,122.92,0.25,3,2.0,2,1
297037,13,6,23,-18.02,965090.0,114.64,0.15,3,0.0,3,1
957910,2,5,38,9.72,44043.0,104.18,0.71,3,6.0,2,0
310329,12,7,24,-1.16,1012325.0,117.74,0.2,3,1.0,3,1
243428,2,4,56,11.54,155452.0,120.59,0.73,2,8.0,2,0
926563,2,3,52,11.75,107925.0,120.33,0.67,2,8.0,1,0
210496,11,7,27,3.8,957333.0,113.09,0.2,3,1.0,3,1
649742,7,7,30,-7.49,1010221.0,127.38,0.35,3,5.0,2,1
476672,0,3,32,3.23,141672.0,111.66,0.63,2,6.0,1,0
548346,12,9,29,0.12,967096.0,122.61,0.26,4,3.0,5,1
194700,0,5,20,0.99,50679.0,96.64,0.59,2,3.0,1,0
952310,12,6,29,0.13,985346.0,129.4,0.21,5,5.0,3,1
886260,1,5,56,1.76,99100.0,105.9,0.61,2,5.0,2,0
27040,14,5,30,-3.57,994119.0,132.99,0.28,3,6.0,2,1
734200,0,5,20,12.47,76393.0,112.0,0.57,1,5.0,2,0
269266,13,6,23,-2.41,914598.0,131.2,0.37,4,6.0,2,1
985769,12,9,24,-8.02,949878.0,128.0,0.29,4,4.0,5,1
464651,10,5,24,-12.68,988982.0,115.01,0.14,4,0.0,2,1
904464,0,4,38,6.55,145881.0,108.01,0.67,2,6.0,1,0
677257,0,3,20,3.96,31213.0,85.73,0.51,2,1.0,1,0
656678,12,7,27,-10.85,1063929.0,125.37,0.21,3,3.0,4,1
917328,0,4,51,9.01,93293.0,109.51,0.68,2,5.0,1,0
486784,12,5,32,15.09,1001892.0,135.58,0.29,4,7.0,2,0
589194,12,8,30,-7.34,1012857.0,129.59,0.25,3,5.0,4,1
69789,12,6,38,2.56,1051823.0,127.16,0.3,3,4.0,3,1
460437,12,6,36,9.5,953839.0,133.14,0.32,4,6.0,2,1
972633,1,4,21,3.19,184951.0,106.53,0.48,2,2.0,2,0
697041,0,2,40,4.99,48472.0,99.33,0.72,2,4.0,1,0
843919,13,7,30,-9.87,944979.0,118.23,0.15,3,2.0,3,1
663454,0,0,44,1.19,71219.0,96.66,0.73,2,5.0,1,0
780567,13,6,26,-4.27,968944.0,130.77,0.31,4,5.0,3,1
845799,0,4,49,0.62,90312.0,113.17,0.75,3,7.0,1,0
168238,2,5,21,3.03,169037.0,93.41,0.4,2,1.0,2,0
663373,12,7,30,-2.62,974451.0,127.15,0.24,4,5.0,3,1
961198,13,7,31,6.11,1073024.0,131.2,0.34,3,5.0,4,1
365987,1,5,31,3.38,50000.0,102.43,0.64,2,3.0,2,1
387350,0,4,57,0.37,168020.0,109.35,0.67,2,4.0,1,0
239058,0,3,58,21.86,114695.0,114.05,0.7,3,8.0,1,0
714054,12,6,26,17.35,965363.0,109.12,0.18,4,0.0,2,1
658104,0,3,20,10.74,34653.0,103.78,0.62,2,4.0,1,0
601775,1,3,18,16.93,65583.0,112.21,0.66,2,7.0,1,0
247341,2,3,54,4.94,18000.0,106.92,0.7,3,5.0,1,0
256222,12,7,23,10.94,1135086.0,126.18,0.19,4,3.0,4,0
382526,1,4,39,18.02,112591.0,117.09,0.61,2,6.0,1,0
367165,11,5,26,-12.92,909515.0,117.41,0.27,3,2.0,2,1
366063,12,6,31,5.04,1029066.0,137.05,0.26,4,8.0,3,1
741361,1,4,21,7.66,199368.0,99.56,0.54,2,2.0,2,0
435594,0,4,43,3.32,65483.0,99.48,0.66,2,4.0,1,0
571810,13,7,30,10.19,990547.0,128.39,0.45,3,5.0,4,1
401489,12,5,27,-1.48,1066811.0,129.96,0.3,4,5.0,2,1
893290,14,7,28,-11.75,1027223.0,129.26,0.27,3,4.0,4,1
766099,11,6,34,8.19,1004033.0,130.92,0.29,3,4.0,2,1
141238,13,7,39,-22.65,1049467.0,130.2,0.29,3,4.0,4,0
385052,0,3,20,20.07,231207.0,106.88,0.59,2,4.0,1,0
401717,1,4,60,8.15,85149.0,101.77,0.71,2,5.0,1,0
731357,0,4,51,0.22,126788.0,115.61,0.7,2,6.0,1,0
794093,13,7,31,-14.74,1000015.0,116.04,0.22,3,1.0,4,1
758435,13,7,28,-4.0,981919.0,129.27,0.2,4,5.0,4,0
798103,0,5,56,5.07,230939.0,125.53,0.7,2,9.0,2,0
124124,0,3,20,3.31,94834.0,86.66,0.48,3,1.0,1,1
337730,2,3,37,0.32,107192.0,117.45,0.71,2,7.0,1,1
783928,12,6,34,-1.09,1012646.0,128.71,0.24,4,4.0,3,1
257890,2,2,47,9.76,23619.0,104.12,0.68,2,6.0,1,0
864367,0,2,39,2.35,168939.0,103.1,0.6,2,5.0,1,0
718603,5,5,42,0.35,50000.0,90.05,0.55,3,1.0,2,0
543124,14,5,31,-5.74,967299.0,133.86,0.3,3,7.0,2,1
310529,12,6,30,-19.89,984624.0,124.59,0.22,4,2.0,3,1
308493,0,3,18,5.08,42230.0,97.46,0.55,3,3.0,1,1
118288,1,2,52,1.45,73262.0,96.54,0.65,2,4.0,1,0
695510,13,7,25,-33.19,1020983.0,129.88,0.27,4,6.0,4,1
119966,0,5,21,3.14,133162.0,102.57,0.57,2,4.0,2,0
292367,0,3,21,5.17,193725.0,93.06,0.46,2,1.0,1,0
912247,14,9,28,-22.12,1001418.0,123.27,0.2,4,2.0,5,1
275240,12,6,26,5.66,1019712.0,132.56,0.28,3,6.0,3,0
284866,11,7,32,-2.83,957643.0,129.31,0.22,4,3.0,3,0
360074,1,4,47,1.5,77082.0,117.92,0.75,2,9.0,1,0
557828,8,6,23,10.7,1018586.0,122.86,0.26,4,3.0,2,1
254289,10,5,30,13.51,1010469.0,130.3,0.22,4,6.0,2,1
707961,12,8,31,-5.26,1028133.0,128.28,0.26,4,4.0,4,1
698875,1,1,19,4.63,137137.0,98.14,0.58,2,4.0,1,0
13720,11,6,23,6.84,1046621.0,124.22,0.28,3,3.0,3,1
715601,11,5,29,-11.67,992072.0,114.14,0.25,4,0.0,2,1
720209,2,3,18,13.11,88621.0,101.68,0.59,2,4.0,1,0
786158,0,1,38,1.52,93063.0,73.55,0.57,2,0.0,1,0
688164,12,6,39,-4.4,981376.0,126.12,0.27,4,5.0,3,1
518708,0,4,50,4.87,118352.0,110.96,0.59,2,6.0,1,0
749170,13,6,30,-6.28,981078.0,132.97,0.28,4,7.0,3,0
479169,2,3,33,1.38,22310.0,107.67,0.68,3,7.0,1,0
734001,13,9,26,-0.85,986472.0,125.47,0.23,5,2.0,5,1
529068,0,2,18,1.83,187248.0,79.81,0.47,2,0.0,1,0
679334,12,7,29,-5.52,991510.0,130.62,0.32,3,5.0,3,1
782168,2,2,19,2.09,13944.0,108.44,0.56,2,5.0,1,0
466166,0,4,34,11.27,12708.0,112.48,0.69,2,6.0,1,0
181638,10,6,33,0.98,1082193.0,133.91,0.26,4,5.0,2,1
78155,0,3,18,12.81,119176.0,88.47,0.49,2,0.0,1,0
510011,12,6,24,-11.37,997643.0,128.34,0.3,4,5.0,3,1
987403,0,3,35,11.63,19374.0,78.99,0.62,2,1.0,1,0
276262,0,4,43,22.58,116556.0,103.77,0.67,2,5.0,1,0
565678,14,6,27,-16.37,936267.0,128.78,0.24,3,6.0,3,0
183843,9,6,32,-2.68,977496.0,128.61,0.24,4,5.0,2,1
300905,0,2,46,10.48,147719.0,113.68,0.69,3,6.0,1,0
848265,0,2,53,7.79,125586.0,118.02,0.82,2,9.0,1,0
480488,13,6,24,-0.44,1059421.0,123.18,0.18,4,1.0,3,0
96697,1,4,58,7.04,24383.0,109.21,0.79,3,7.0,1,0
61200,1,4,18,9.44,200929.0,114.57,0.67,3,6.0,2,0
521173,0,5,47,0.75,27582.0,114.33,0.67,3,7.0,1,1
599479,13,5,23,6.62,989647.0,124.01,0.19,4,3.0,2,1
491702,12,6,29,-2.37,1018568.0,129.18,0.23,4,5.0,3,1
756883,13,7,37,2.55,1004523.0,129.46,0.27,3,5.0,4,1
689795,1,5,18,6.28,121190.0,113.07,0.6,2,6.0,2,0
184578,0,3,58,1.1,165691.0,121.54,0.76,2,9.0,1,0
637965,12,7,25,-10.83,1025883.0,124.82,0.27,3,3.0,3,1
396708,12,8,41,-10.83,1012715.0,127.92,0.27,3,4.0,4,1
236056,12,7,27,-22.35,980014.0,117.94,0.2,4,1.0,3,0
609505,13,8,33,0.64,1009856.0,131.58,0.27,3,5.0,5,1
377065,0,4,46,0.11,65189.0,94.81,0.65,2,4.0,1,0
284386,10,6,24,0.59,970668.0,119.46,0.23,3,3.0,2,1
198583,11,5,28,8.55,997629.0,128.69,0.22,4,4.0,2,0
750900,12,6,27,-2.71,1004472.0,123.31,0.21,4,2.0,3,0
586283,0,4,36,2.65,128193.0,104.24,0.56,2,4.0,1,0
96363,13,5,24,-28.89,998206.0,128.56,0.32,4,5.0,2,1
360647,12,7,30,-5.56,919163.0,133.03,0.37,3,7.0,3,1
844117,0,4,21,6.17,79311.0,88.44,0.48,3,1.0,1,1
497836,14,6,32,-13.02,1065363.0,130.94,0.26,4,6.0,4,1
343870,1,0,19,3.14,115579.0,96.96,0.62,2,4.0,1,0
402991,10,7,37,-10.02,955912.0,119.32,0.25,4,2.0,3,1
26215,13,7,27,-10.16,971272.0,121.36,0.22,3,3.0,3,1
859181,12,6,28,-8.08,1046051.0,131.28,0.24,4,6.0,3,1
894122,13,8,30,-11.25,1031153.0,128.49,0.24,3,5.0,5,1
907223,13,7,32,-4.85,981274.0,126.97,0.28,3,3.0,4,0
35506,0,5,55,5.99,166358.0,127.85,0.72,2,10.0,2,1
579151,12,6,24,10.83,938064.0,131.95,0.42,3,7.0,2,1
928020,14,9,29,-1.85,949706.0,124.2,0.24,4,2.0,5,1
540773,3,5,40,7.31,126896.0,101.01,0.56,3,4.0,2,1
71563,14,6,29,-2.32,1015557.0,131.24,0.37,4,6.0,3,1
817170,11,7,23,-5.26,969624.0,129.89,0.35,4,5.0,3,1
956802,12,6,29,5.97,1147682.0,136.89,0.31,4,7.0,3,1
620667,12,5,27,3.31,1011006.0,118.74,0.23,4,2.0,2,0
482888,3,4,19,6.14,117334.0,99.8,0.42,2,3.0,2,0
898630,0,4,18,4.89,72740.0,80.52,0.41,2,0.0,1,1
828998,1,4,22,10.76,19153.0,101.48,0.65,3,5.0,1,0
508467,3,4,45,7.65,110797.0,108.99,0.7,2,7.0,2,0
412407,0,5,19,6.44,190347.0,97.64,0.52,2,1.0,2,0
997109,15,9,24,-15.95,1007307.0,126.33,0.21,4,3.0,5,0
877551,1,3,50,5.71,61648.0,112.42,0.8,2,8.0,1,0
865020,10,7,31,5.1,1032471.0,133.82,0.3,4,6.0,3,1
586731,13,7,25,-9.67,1045286.0,130.94,0.2,4,6.0,4,1
542000,12,8,23,-1.28,1001190.0,127.87,0.18,4,3.0,4,1
787679,13,6,29,-0.71,971885.0,130.24,0.31,3,6.0,3,1
825158,0,4,22,1.9,140157.0,112.27,0.61,2,5.0,1,0
918640,0,3,18,6.61,135344.0,78.57,0.4,2,0.0,1,0
10713,11,6,29,-9.91,1030059.0,137.12,0.33,4,8.0,2,1
127431,1,4,19,16.97,105362.0,95.73,0.51,2,3.0,1,0
589169,0,4,20,17.03,145171.0,105.07,0.46,1,4.0,1,0
365031,0,3,19,2.64,142418.0,102.7,0.54,3,5.0,1,1
454172,0,3,19,1.69,95650.0,97.42,0.64,2,4.0,1,0
426099,2,1,33,3.7,123312.0,98.5,0.58,3,4.0,1,0
781425,2,3,38,2.4,214832.0,120.45,0.63,3,7.0,1,0
503704,14,10,31,10.27,959075.0,126.04,0.32,3,2.0,5,1
373770,0,2,35,24.83,205034.0,104.92,0.52,2,4.0,1,0
253741,13,7,29,7.32,951520.0,132.63,0.34,4,6.0,3,1
665451,0,2,21,0.17,137786.0,100.59,0.58,1,5.0,1,0
384597,1,3,40,6.41,37857.0,101.04,0.65,3,5.0,1,1
546568,13,7,29,-3.08,1014681.0,130.82,0.27,4,6.0,4,0
320883,11,6,23,-0.69,1079806.0,129.83,0.27,3,5.0,3,1
214928,13,5,38,-12.15,1082364.0,118.02,0.18,3,1.0,3,0
169519,11,6,36,-2.29,1050726.0,137.02,0.29,3,8.0,3,1
202083,13,7,29,-5.54,953453.0,126.62,0.22,4,5.0,3,0
515152,12,7,26,-3.83,980203.0,127.42,0.27,3,3.0,3,1
54229,12,8,32,-0.09,924797.0,127.78,0.3,3,6.0,4,1
619685,0,5,18,1.58,187403.0,93.75,0.41,3,2.0,2,0
939589,9,1,19,0.84,117520.0,91.98,0.49,3,2.0,2,1
242403,11,8,35,-17.71,1002050.0,134.99,0.3,3,7.0,4,1
861022,13,6,31,1.39,993486.0,132.11,0.37,4,7.0,3,1
54231,0,2,18,5.51,93543.0,98.31,0.55,2,3.0,1,0
596857,13,7,23,-4.31,1098104.0,125.38,0.24,4,3.0,4,1
777742,13,6,32,-4.26,919602.0,123.29,0.28,3,4.0,3,1
934003,11,7,35,-20.99,977277.0,119.73,0.31,3,3.0,3,1
405592,0,5,32,10.7,61168.0,100.04,0.47,3,3.0,1,0
458091,11,6,36,-8.68,979641.0,130.5,0.27,4,6.0,2,1
874898,12,7,27,2.84,998560.0,120.58,0.14,4,1.0,3,1
676339,0,4,22,2.29,87508.0,86.92,0.46,3,0.0,1,1
199888,0,4,44,16.12,77123.0,91.01,0.55,3,2.0,1,0
709432,1,4,18,3.38,178558.0,97.83,0.56,3,4.0,2,1
357020,11,6,24,17.15,1035246.0,126.09,0.24,4,2.0,2,1
956155,0,4,53,3.26,163689.0,116.07,0.62,2,7.0,1,0
807199,13,6,34,-4.55,961473.0,129.32,0.28,3,5.0,3,1
432720,10,9,31,-5.96,936728.0,121.08,0.2,3,2.0,4,1
68759,10,8,25,-26.54,1028123.0,119.26,0.2,4,2.0,4,1
746097,2,4,20,1.46,134937.0,94.97,0.43,2,2.0,2,0
943352,2,5,42,12.85,106250.0,116.79,0.71,3,7.0,2,0
240239,13,7,33,2.94,1068396.0,124.51,0.2,4,3.0,4,1
943195,13,6,32,10.71,963455.0,133.58,0.3,3,6.0,3,1
690422,12,5,34,-2.21,994608.0,125.76,0.3,3,4.0,2,1
534249,13,7,24,1.42,1072532.0,131.43,0.24,4,4.0,4,1
669762,9,6,41,-8.41,1036433.0,136.29,0.43,4,8.0,2,0
602853,15,7,23,-8.3,1007364.0,117.15,0.18,4,0.0,4,1
168001,12,7,29,-13.46,940399.0,122.89,0.16,4,3.0,3,1
444414,1,3,36,2.17,60974.0,107.96,0.66,2,7.0,1,1
330281,1,2,41,6.2,58104.0,98.36,0.67,3,5.0,1,0
914291,0,4,20,9.52,184409.0,106.3,0.55,3,3.0,1,0
198176,13,8,27,4.95,1013635.0,130.82,0.34,3,5.0,5,1
309216,1,3,21,7.82,133617.0,107.66,0.53,2,4.0,1,0
930791,13,8,24,-10.56,991668.0,121.86,0.17,5,2.0,4,1
827250,12,7,27,-1.14,969252.0,117.7,0.19,4,1.0,3,0
901657,0,5,45,23.87,182028.0,119.68,0.7,2,7.0,2,1
282590,12,7,23,8.42,982084.0,129.08,0.2,3,4.0,3,1
830982,0,4,19,0.73,99454.0,105.1,0.58,2,4.0,1,0
331529,12,5,29,-12.3,947900.0,126.96,0.25,4,5.0,2,1
961831,2,4,19,3.51,90675.0,98.06,0.48,2,2.0,1,0
167226,11,7,26,-18.83,1024918.0,127.93,0.23,4,4.0,3,1
19756,14,5,25,-10.97,933104.0,117.75,0.24,4,2.0,2,1
660595,14,6,33,7.14,1056892.0,114.18,0.18,4,2.0,3,1
523303,11,7,29,-2.21,1048372.0,134.1,0.33,4,7.0,3,1
599269,11,7,29,-9.76,978717.0,126.78,0.25,3,3.0,3,1
298433,12,5,29,3.98,1018606.0,115.23,0.2,4,1.0,2,1
26766,12,8,29,-7.3,982314.0,131.81,0.23,4,4.0,4,1
676942,3,2,19,12.49,37398.0,85.14,0.53,3,1.0,1,1
538108,0,4,40,14.33,154191.0,107.19,0.55,2,4.0,1,0
596356,10,7,27,1.14,1029221.0,129.42,0.27,4,4.0,3,1
464994,8,9,29,-11.94,1014674.0,128.16,0.25,4,4.0,4,1
897775,1,5,21,0.04,17533.0,114.93,0.64,2,7.0,2,0
577503,1,4,21,5.72,126817.0,100.22,0.53,2,2.0,1,0
61194,12,7,24,7.02,1083082.0,135.3,0.21,4,6.0,4,1
9824,13,6,27,9.19,1006046.0,129.38,0.22,4,6.0,3,1
976908,0,2,39,1.96,50140.0,108.56,0.74,2,7.0,1,1
488220,11,8,35,-5.26,1004952.0,131.11,0.22,4,5.0,4,1
813575,0,2,22,0.25,95121.0,108.65,0.6,2,6.0,1,0
10229,12,6,36,4.9,874003.0,122.79,0.34,4,4.0,2,1
996801,0,4,21,3.66,125406.0,104.55,0.58,3,3.0,1,1
492457,0,4,21,3.4,108118.0,107.53,0.58,3,5.0,1,1
577553,0,3,22,5.63,217864.0,104.43,0.49,2,4.0,1,0
327301,0,3,40,9.7,82738.0,104.98,0.62,2,5.0,1,0
345476,0,2,21,1.39,94858.0,98.77,0.51,3,5.0,1,0
476595,12,7,28,4.4,949230.0,133.36,0.32,4,5.0,3,1
390291,14,6,25,-2.53,1015645.0,111.69,0.15,4,0.0,3,0
243227,0,3,22,1.51,170001.0,109.47,0.44,2,5.0,1,0
147956,0,2,33,2.21,75004.0,96.06,0.71,3,3.0,1,0
620007,13,7,27,3.68,986027.0,124.83,0.24,3,3.0,4,1
816926,8,9,30,-18.38,1005106.0,128.33,0.25,3,4.0,4,1
67826,10,7,31,-15.73,1050835.0,118.2,0.17,4,0.0,3,1
356686,13,7,31,-21.5,999601.0,130.53,0.26,4,5.0,4,1
951539,2,4,58,13.23,161432.0,106.08,0.65,2,5.0,2,0
252410,12,5,25,7.12,966544.0,123.54,0.24,3,4.0,2,1
476130,13,9,31,-14.46,1015820.0,134.91,0.28,4,5.0,5,1
353101,10,6,27,-1.16,921474.0,120.34,0.21,4,2.0,2,1
547716,12,6,25,19.33,990221.0,121.07,0.27,4,3.0,3,0
871957,0,4,55,2.54,113013.0,110.49,0.73,3,6.0,1,1
250217,0,4,59,9.47,84259.0,105.23,0.69,2,5.0,1,0
936681,9,6,31,-13.41,1065571.0,127.59,0.19,4,3.0,2,1
265128,12,7,32,-1.9,953598.0,128.83,0.31,5,4.0,3,1
441413,15,5,31,1.57,981087.0,131.48,0.34,4,6.0,3,0
272462,12,8,29,-0.5,958471.0,116.62,0.25,4,1.0,4,1
764673,12,9,31,-8.6,1065310.0,126.65,0.23,4,3.0,5,0
879797,0,3,43,2.02,198897.0,121.59,0.68,3,8.0,1,0
248372,13,9,26,4.79,995143.0,127.58,0.21,4,4.0,5,0
715688,10,5,29,15.01,1032992.0,120.48,0.18,3,2.0,2,1
796294,0,5,22,5.66,100729.0,85.23,0.5,2,0.0,2,0
271264,3,3,39,16.63,111778.0,102.38,0.56,2,3.0,1,0
719713,12,6,33,-0.35,1009320.0,129.06,0.24,4,4.0,3,1
393021,2,3,47,1.62,143837.0,99.18,0.62,3,4.0,1,0
788176,11,5,35,-11.14,1013957.0,131.5,0.24,4,6.0,2,1
375342,1,4,37,3.91,120128.0,109.75,0.73,2,6.0,1,0
668008,11,6,28,-24.73,1004538.0,115.39,0.18,3,0.0,2,0
75976,0,4,49,10.8,87543.0,112.54,0.69,2,6.0,1,1
617350,11,7,31,3.95,895223.0,127.03,0.29,3,5.0,3,1
172560,0,4,56,1.49,101990.0,107.13,0.66,2,5.0,1,0
792671,14,7,23,12.82,1039341.0,125.71,0.28,3,4.0,4,1
930099,12,7,27,6.19,928323.0,119.4,0.27,4,3.0,3,1
794063,12,6,30,-10.9,901353.0,129.1,0.36,4,6.0,2,1
753056,1,1,18,9.51,216448.0,91.17,0.54,3,2.0,1,0
544845,13,7,30,1.11,1064503.0,129.61,0.21,4,4.0,4,1
798800,12,7,34,-17.29,944967.0,116.81,0.25,4,2.0,3,1
994098,13,7,24,-14.37,1013297.0,129.01,0.32,4,5.0,4,0
427554,14,6,31,6.18,1126517.0,123.95,0.15,4,2.0,4,1
177148,15,7,23,-3.84,1063215.0,131.08,0.21,3,5.0,5,0
445043,11,6,35,-3.05,1048086.0,135.5,0.32,3,6.0,3,1
369580,0,5,18,2.9,36265.0,77.37,0.54,3,0.0,1,0
861226,14,6,32,0.72,1010972.0,127.93,0.27,4,4.0,3,1
373867,0,2,19,5.15,101975.0,95.58,0.47,2,3.0,1,0
193684,10,8,25,-15.96,887486.0,120.44,0.25,4,3.0,3,1
697411,12,9,25,5.46,914972.0,125.0,0.23,5,2.0,5,1
653874,11,9,33,-29.31,926855.0,129.1,0.34,4,5.0,4,1
485044,13,7,30,3.8,966093.0,124.75,0.2,4,3.0,3,1
237873,11,5,29,-15.5,1008466.0,130.63,0.26,4,6.0,2,1
165829,0,3,60,0.93,147293.0,118.61,0.75,2,7.0,1,0
171671,13,5,27,-11.13,990173.0,122.12,0.26,3,3.0,2,1
74949,10,7,29,-0.87,997061.0,119.21,0.2,3,1.0,3,1
414075,13,5,33,-14.66,1055323.0,120.93,0.19,4,2.0,2,1
634317,12,8,28,12.8,996160.0,134.84,0.23,3,7.0,4,1
571501,12,6,27,-21.63,1044893.0,132.72,0.26,4,5.0,3,0
665929,11,7,30,0.11,1056965.0,128.37,0.26,4,3.0,3,0
530906,12,6,30,-4.18,981485.0,129.68,0.28,3,4.0,3,1
138479,12,6,25,-14.19,977147.0,113.81,0.2,4,1.0,2,1
288394,0,3,21,1.34,97226.0,97.13,0.5,2,3.0,1,0
80191,0,4,22,3.83,14947.0,102.31,0.67,2,6.0,1,0
638494,1,2,55,9.38,109336.0,118.18,0.71,2,8.0,1,0
135819,12,8,28,6.17,1065811.0,135.73,0.31,4,6.0,5,1
671999,10,5,33,-0.86,978067.0,123.37,0.26,3,3.0,2,1
588620,3,3,20,1.32,81675.0,82.8,0.59,2,0.0,1,1
761489,9,6,33,1.31,977579.0,125.09,0.29,3,4.0,2,1
691825,13,7,34,-15.48,928233.0,125.86,0.27,4,3.0,3,1
149238,12,6,30,-8.25,1046854.0,129.03,0.27,3,4.0,3,0
792849,1,3,46,3.52,108199.0,87.52,0.58,2,1.0,1,0
18316,12,6,30,-7.98,905738.0,129.17,0.27,4,5.0,2,1
902381,3,4,37,2.94,92613.0,95.95,0.5,3,3.0,2,0
87627,13,6,35,-0.02,1062588.0,127.62,0.23,3,5.0,3,1
68293,10,5,25,-9.71,1040485.0,134.3,0.29,4,6.0,2,0
211183,13,6,33,-19.9,978627.0,122.95,0.29,4,4.0,3,0
635209,0,3,49,0.61,176028.0,103.6,0.58,2,5.0,1,0
67229,14,6,35,-5.74,1048139.0,127.45,0.24,3,3.0,3,1
606798,1,3,50,13.4,128663.0,112.81,0.73,2,7.0,1,0
93748,0,4,35,7.04,95565.0,102.96,0.55,2,4.0,1,1
522226,12,5,29,-17.0,980544.0,114.27,0.18,4,1.0,2,1
573615,10,8,34,-3.46,1021110.0,132.18,0.34,4,5.0,4,0
837229,13,6,27,9.45,1024272.0,133.39,0.38,3,6.0,3,0
202513,0,5,55,2.86,178648.0,114.68,0.6,2,7.0,2,0
436848,1,4,20,0.4,45431.0,92.49,0.62,2,2.0,1,0
126999,10,6,31,-19.21,1071659.0,127.13,0.2,4,3.0,2,1
742492,12,6,25,10.1,1003550.0,127.58,0.16,4,3.0,3,1
167301,1,3,43,30.86,94533.0,103.85,0.61,2,6.0,1,0
551649,1,4,21,15.87,68251.0,79.83,0.47,2,0.0,1,0
482759,11,5,26,-8.7,1102795.0,138.99,0.33,4,9.0,2,1
84606,13,6,29,2.49,1024791.0,123.01,0.21,4,2.0,3,1
477826,13,8,35,-18.66,997114.0,134.81,0.31,3,6.0,5,1
528720,0,4,20,8.8,17435.0,83.19,0.42,2,0.0,1,0
136164,13,6,25,12.14,1039495.0,123.86,0.27,4,5.0,3,1
3071,6,3,21,1.13,167258.0,93.17,0.56,3,2.0,2,1
470374,12,6,24,-12.82,1099690.0,132.25,0.23,3,6.0,3,0
197104,11,7,23,-13.88,956186.0,124.84,0.24,4,3.0,3,1
927904,12,8,26,12.23,1027179.0,120.34,0.21,3,2.0,4,1
80363,1,4,35,1.32,54259.0,92.19,0.58,2,3.0,1,0
661627,2,5,54,8.3,111300.0,121.31,0.77,2,7.0,2,0
256422,12,6,23,-15.96,976734.0,119.26,0.27,4,3.0,2,0
396046,1,3,35,3.03,196601.0,91.46,0.43,2,0.0,1,0
916855,13,6,30,-12.9,987097.0,118.72,0.15,4,0.0,3,1
738489,11,6,24,4.06,927172.0,124.41,0.25,4,4.0,2,1
385297,12,5,27,9.15,975087.0,127.2,0.31,3,5.0,2,1
456249,1,3,60,11.09,173261.0,112.5,0.67,3,6.0,1,0
653915,3,2,20,1.34,129305.0,101.86,0.51,2,3.0,1,0
942776,13,7,31,-2.53,1063508.0,129.54,0.24,4,4.0,4,1
259726,12,6,27,12.65,978791.0,123.7,0.24,3,3.0,3,1
369613,12,8,27,1.96,996325.0,122.64,0.25,3,2.0,4,1
462225,13,8,28,-4.85,1016413.0,126.3,0.28,5,4.0,5,1
980363,1,4,41,7.92,33639.0,117.32,0.72,2,8.0,1,1
663194,1,3,46,0.12,68249.0,100.91,0.68,2,5.0,1,0
15158,0,2,18,4.64,163537.0,96.85,0.52,3,3.0,1,0
692730,10,8,31,-6.43,1046350.0,127.99,0.3,4,4.0,4,1
736689,3,2,57,1.79,30556.0,108.95,0.72,2,7.0,1,0
366169,13,7,31,-2.01,977814.0,125.32,0.3,3,3.0,4,0
343384,11,7,28,-10.54,950130.0,137.89,0.38,5,9.0,3,0
291553,1,2,21,12.24,75560.0,106.25,0.62,3,6.0,1,0
306742,13,6,30,12.72,1004095.0,127.61,0.29,4,4.0,3,1
36136,11,7,28,-13.05,1024330.0,113.28,0.2,4,0.0,3,1
837053,6,9,32,-4.84,1020805.0,131.95,0.28,2,6.0,3,1
45749,0,3,20,0.55,127258.0,101.58,0.51,3,4.0,1,1
557373,13,7,36,-1.86,960002.0,126.26,0.28,3,4.0,3,1
898289,1,2,21,2.23,96727.0,106.15,0.55,3,5.0,1,0
140209,11,6,32,-21.98,1038095.0,125.38,0.22,4,4.0,2,1
871604,12,6,24,7.95,956193.0,131.08,0.32,4,5.0,2,1
894483,12,7,25,-7.81,990323.0,117.88,0.17,3,0.0,3,1
533037,1,5,20,3.17,40605.0,101.33,0.69,3,4.0,2,0
743234,13,7,32,-8.1,968954.0,122.45,0.25,4,3.0,3,1
607327,0,1,57,5.19,138093.0,111.23,0.61,2,6.0,1,1
379332,11,7,27,-11.48,1018997.0,129.75,0.31,3,4.0,3,1
764841,2,2,21,2.3,109338.0,92.32,0.58,3,4.0,1,0
217059,11,5,27,9.34,900301.0,130.28,0.23,3,6.0,2,0
170133,0,1,20,1.72,203349.0,102.25,0.52,2,5.0,1,1
783152,11,6,32,-4.33,1032601.0,127.23,0.28,4,4.0,2,1
789107,10,6,30,-12.96,931697.0,128.42,0.29,4,5.0,2,1
422065,0,0,55,4.01,145206.0,125.23,0.77,2,11.0,1,0
941914,15,6,28,6.34,1041236.0,131.64,0.28,4,4.0,4,1
484918,11,6,25,-8.93,983187.0,126.37,0.31,4,3.0,2,0
585097,4,2,44,6.83,98358.0,108.56,0.66,2,7.0,1,0
211171,0,3,54,0.77,120022.0,119.0,0.7,2,8.0,1,0
150944,10,5,31,-3.26,992484.0,124.69,0.24,3,4.0,2,0
830894,2,4,56,9.37,144010.0,118.22,0.73,2,7.0,2,0
934718,0,3,22,3.62,198701.0,109.15,0.49,2,5.0,1,0
524917,13,9,34,-14.83,994905.0,121.14,0.27,3,2.0,5,0
207867,12,6,33,-10.3,941737.0,122.79,0.22,4,3.0,2,1
391287,0,5,19,17.9,146988.0,105.79,0.53,1,4.0,2,0
241582,0,4,18,6.23,64859.0,83.29,0.5,2,0.0,1,1
389759,13,5,28,-0.82,1047313.0,127.88,0.28,4,4.0,2,1
484624,11,6,28,-2.51,958112.0,119.05,0.21,4,2.0,2,1
694697,12,7,29,-11.1,1074558.0,128.06,0.27,4,4.0,4,1
365891,2,5,22,4.22,78517.0,102.8,0.62,3,4.0,2,0
85935,0,5,57,16.66,50980.0,105.78,0.73,2,4.0,1,0
31906,0,4,50,1.4,130406.0,127.36,0.78,2,11.0,1,0
53653,0,5,19,0.6,79968.0,105.09,0.55,2,5.0,2,0
954616,1,4,44,13.5,123096.0,114.86,0.6,2,7.0,1,0
951575,14,8,27,-6.73,1033072.0,125.51,0.24,4,2.0,5,1
856756,12,7,23,8.4,1062993.0,125.79,0.22,3,3.0,4,1
636357,0,4,22,0.81,153871.0,96.77,0.58,2,4.0,1,0
570682,13,7,25,-2.18,957837.0,117.54,0.22,4,1.0,3,0
842620,10,5,24,-16.67,1076476.0,136.29,0.27,4,7.0,2,1
699816,9,6,31,-12.74,998375.0,130.33,0.27,3,6.0,2,0
988535,12,7,30,-10.57,993046.0,127.81,0.22,4,4.0,3,1
466084,1,4,46,7.48,66284.0,93.78,0.66,2,4.0,1,1
102593,1,4,40,1.91,59697.0,118.78,0.71,2,9.0,1,1
660331,12,7,28,-32.69,996178.0,133.11,0.28,4,6.0,3,0
730760,1,4,20,3.76,31791.0,80.21,0.46,3,0.0,1,1
236896,3,3,19,3.01,119669.0,105.75,0.61,2,5.0,1,0
307317,0,1,45,1.85,109777.0,109.85,0.67,3,6.0,1,0
574277,13,5,26,-12.35,1093324.0,124.68,0.16,4,2.0,3,1
541294,0,2,18,7.73,83616.0,102.96,0.53,2,5.0,1,0
1804,0,3,32,6.1,122581.0,98.07,0.52,2,3.0,1,1
903723,0,3,20,1.93,53882.0,84.31,0.43,2,1.0,1,0
882703,14,8,28,-9.22,981653.0,123.98,0.26,4,5.0,5,0
679491,1,4,21,0.87,99394.0,96.36,0.5,3,2.0,1,0
364574,0,4,39,1.51,31321.0,108.43,0.52,2,5.0,1,0
371024,1,5,57,5.66,190250.0,120.79,0.65,3,7.0,2,0
507826,13,7,35,-15.45,997608.0,129.58,0.33,4,5.0,4,1
471531,12,8,23,-14.42,901799.0,124.39,0.26,4,4.0,4,1
70362,0,4,19,11.59,172775.0,101.6,0.48,3,2.0,1,0
316566,0,4,20,2.49,105352.0,90.25,0.48,2,1.0,1,0
697671,12,5,25,-0.73,1056903.0,125.81,0.26,4,5.0,2,1
735434,0,3,35,7.42,111318.0,117.04,0.62,2,7.0,1,0
795603,0,5,20,2.18,190875.0,110.49,0.46,2,5.0,2,0
732625,14,5,27,-13.57,1084500.0,130.95,0.19,4,6.0,3,1
140261,3,5,21,8.5,158888.0,83.77,0.51,3,0.0,2,0
210645,12,9,30,0.56,901296.0,125.78,0.27,4,4.0,4,1
374878,12,6,25,-16.52,1069369.0,133.12,0.27,4,6.0,3,1
594567,11,6,31,-5.01,1016517.0,121.66,0.25,3,3.0,2,1
197984,13,6,37,-12.87,993387.0,125.84,0.24,3,3.0,3,1
129609,1,2,21,2.06,111727.0,92.24,0.44,3,3.0,1,1
888263,13,8,31,-20.45,1053959.0,130.33,0.27,4,5.0,5,1
400797,0,2,20,2.35,182296.0,91.03,0.47,3,0.0,1,0
595296,12,6,32,9.43,1015089.0,126.04,0.28,4,4.0,3,1
732415,1,2,18,2.66,69100.0,76.79,0.53,1,0.0,1,0
384788,0,4,21,1.28,197995.0,97.97,0.53,2,2.0,1,1
945347,12,8,24,-1.49,1014584.0,122.17,0.21,4,2.0,4,1
27128,1,3,19,6.3,118288.0,84.21,0.47,2,0.0,1,0
853458,1,5,57,6.71,110113.0,113.02,0.77,2,6.0,2,0
24790,10,7,30,-13.65,938776.0,110.18,0.24,4,1.0,2,0
847404,12,7,25,-6.29,1016757.0,126.88,0.27,4,4.0,3,1
436301,0,3,21,0.27,76717.0,101.52,0.59,2,5.0,1,0
711222,3,1,49,3.63,62587.0,98.07,0.66,2,3.0,1,1
695862,0,4,35,5.37,72909.0,112.32,0.63,2,6.0,1,0
78256,0,4,32,6.14,64355.0,98.07,0.67,2,4.0,1,0
509192,12,8,26,6.09,901869.0,125.72,0.23,4,2.0,4,1
694033,0,4,36,5.48,73542.0,101.59,0.53,3,4.0,1,0
621360,2,2,54,9.35,59858.0,112.19,0.8,3,8.0,1,0
595415,11,8,30,-15.93,1077047.0,118.05,0.25,4,0.0,4,1
118140,0,3,19,4.26,146728.0,85.44,0.44,2,0.0,1,0
790259,12,7,29,0.32,1024195.0,126.09,0.21,4,3.0,3,1
826861,11,6,26,-4.49,998000.0,125.14,0.2,4,3.0,2,0
78120,2,5,18,8.87,184998.0,108.54,0.44,2,3.0,2,0
130815,0,5,38,12.32,37722.0,117.6,0.77,2,9.0,1,0
144435,0,4,35,0.16,117789.0,116.88,0.69,2,8.0,1,0
873024,12,8,31,-4.35,962190.0,119.31,0.26,4,2.0,4,1
114592,11,7,24,-0.88,997145.0,131.93,0.23,4,4.0,3,1
412344,12,6,31,1.16,971552.0,129.08,0.23,4,6.0,2,1
182967,9,6,33,12.43,1000070.0,129.71,0.28,4,5.0,2,1
611324,0,5,33,5.47,137676.0,105.78,0.6,2,4.0,2,0
556296,8,6,26,4.85,1000088.0,130.19,0.27,4,4.0,2,1
153656,11,7,35,7.56,989285.0,135.08,0.34,4,8.0,3,1
404371,0,4,52,0.06,74595.0,101.89,0.71,2,5.0,1,0
683465,0,2,21,21.04,80664.0,93.15,0.5,3,3.0,1,0
184505,12,7,32,-3.51,974425.0,114.36,0.19,4,0.0,3,1
889586,14,6,27,-10.52,1073039.0,128.0,0.29,4,4.0,4,1
448276,0,4,34,1.28,128980.0,124.61,0.7,3,9.0,1,0
510680,13,7,33,-4.73,1033830.0,133.35,0.39,4,6.0,4,0
76154,12,5,29,3.54,1055701.0,117.95,0.19,3,1.0,2,0
491107,0,2,18,13.02,65207.0,96.05,0.63,2,4.0,1,0
64917,1,4,21,0.83,94166.0,108.39,0.71,2,6.0,1,0
678648,2,2,20,0.57,43164.0,92.6,0.6,2,3.0,1,1
775944,0,4,38,3.81,118654.0,104.34,0.55,3,2.0,1,0
437881,11,6,27,-1.24,991980.0,128.33,0.21,4,5.0,2,0
53518,0,3,42,10.11,78264.0,107.42,0.72,2,5.0,1,0
601648,12,5,27,4.9,1014858.0,130.08,0.26,4,5.0,2,1
427190,1,4,22,5.01,131750.0,97.57,0.59,2,3.0,1,0
141158,3,5,51,0.66,101371.0,105.08,0.74,2,5.0,2,1
856455,0,5,51,0.61,5547.0,110.95,0.67,2,6.0,1,0
315681,0,4,19,2.49,64619.0,105.26,0.66,3,5.0,1,0
476078,3,4,19,3.94,156261.0,109.01,0.62,2,5.0,2,0
95069,11,9,30,6.86,991134.0,126.3,0.29,4,3.0,5,1
158371,14,7,25,-11.94,1069379.0,136.76,0.3,4,7.0,4,1
25348,0,3,18,10.0,61951.0,84.12,0.5,3,0.0,1,0
40189,10,5,29,6.37,1003150.0,126.18,0.31,3,4.0,2,0
905403,12,5,36,-11.51,973272.0,118.0,0.23,4,1.0,2,1
134771,11,8,24,-19.54,1072969.0,127.16,0.19,4,3.0,4,1
519594,11,6,31,-0.3,1061347.0,128.04,0.26,3,4.0,3,1
98790,13,6,25,-10.6,1013594.0,127.92,0.34,4,5.0,3,1
429687,11,8,31,0.29,1081999.0,128.2,0.2,4,2.0,4,0
507308,0,5,36,5.9,67534.0,110.44,0.66,2,7.0,1,1
704866,11,5,26,-21.92,1053813.0,132.42,0.28,4,6.0,2,1
103652,1,4,42,0.15,149342.0,111.6,0.75,3,7.0,1,1
611590,12,6,23,-7.51,1014490.0,117.56,0.2,3,1.0,3,1
607598,11,6,29,-2.3,918914.0,130.41,0.39,3,6.0,2,0
597514,1,3,21,1.34,96154.0,106.89,0.59,3,4.0,1,0
61847,0,3,57,9.61,167748.0,116.23,0.68,2,8.0,1,0
300704,1,1,33,7.02,75107.0,102.28,0.58,2,4.0,1,0
206545,1,4,48,2.52,158533.0,114.5,0.65,2,7.0,1,0
216289,1,3,42,7.36,117349.0,97.64,0.57,1,3.0,1,1
573291,12,8,26,3.34,1064677.0,126.24,0.21,4,3.0,5,1
718609,14,7,33,-14.88,1017187.0,117.12,0.2,4,0.0,4,0
451281,0,5,56,5.39,50720.0,113.36,0.7,2,6.0,1,0
230264,12,8,25,-15.89,969141.0,127.32,0.31,4,5.0,4,1
368926,0,2,32,6.29,46308.0,98.52,0.63,3,3.0,1,1
426297,1,5,32,5.31,61036.0,99.99,0.63,3,2.0,2,1
611417,13,5,36,8.56,1100258.0,123.15,0.22,4,2.0,3,1
285715,0,4,41,1.66,167475.0,104.21,0.46,2,3.0,1,0
883783,11,9,35,-17.99,1026338.0,130.14,0.35,3,5.0,5,1
488958,2,3,45,1.02,97302.0,110.6,0.69,2,7.0,1,0
364895,11,5,34,-9.73,986643.0,133.13,0.31,4,7.0,2,0
640935,0,4,19,5.97,141009.0,97.41,0.47,2,3.0,1,1
163960,0,5,21,6.89,30101.0,102.83,0.65,2,3.0,1,0
634817,14,7,29,-14.85,943804.0,127.67,0.25,4,4.0,4,1
970415,13,5,25,-8.61,978138.0,125.22,0.22,4,3.0,2,1
359286,2,3,19,12.24,58498.0,99.67,0.47,2,4.0,1,0
850203,12,6,35,-8.36,1004145.0,131.77,0.3,3,5.0,3,1
655443,11,7,25,4.73,1022149.0,124.01,0.19,4,3.0,3,1
147386,11,5,28,-4.52,1070487.0,135.04,0.29,3,6.0,2,0
809999,1,1,50,4.53,128435.0,109.82,0.72,3,6.0,1,0
505050,14,7,26,-9.49,1010433.0,128.14,0.22,4,3.0,4,1
396991,0,3,20,1.84,81954.0,107.51,0.64,2,5.0,1,1
821522,12,5,25,-16.54,1064469.0,124.14,0.2,4,4.0,2,1
18622,12,6,23,-21.08,965124.0,125.99,0.3,3,4.0,2,1
980894,12,5,29,6.44,1038749.0,123.9,0.23,3,4.0,2,0
358953,12,6,31,-5.81,1040347.0,132.06,0.3,3,5.0,3,1
646045,12,9,34,-1.01,1034425.0,123.92,0.18,3,3.0,5,0
291970,1,4,18,0.14,59382.0,104.4,0.61,2,4.0,1,0
319045,13,7,34,-5.86,963369.0,129.99,0.34,4,6.0,3,1
799625,1,0,22,3.46,165299.0,85.27,0.42,2,0.0,1,0
360232,12,8,26,6.54,952990.0,130.92,0.28,3,5.0,4,1
37290,11,9,32,-1.04,1017395.0,119.84,0.19,4,1.0,5,1
733439,13,9,27,-8.82,990311.0,115.7,0.26,3,0.0,5,1
527539,12,5,28,10.47,1004525.0,119.29,0.23,4,1.0,2,1
850305,0,4,50,13.28,50000.0,121.06,0.86,2,10.0,1,0
634939,12,9,27,-11.55,977563.0,126.43,0.24,3,4.0,5,1
30157,13,7,28,1.39,1020811.0,132.73,0.28,4,5.0,4,1
265552,1,2,19,4.6,50000.0,81.8,0.42,2,0.0,1,1
173906,2,2,22,2.79,102686.0,86.36,0.4,2,1.0,1,0
791569,0,4,57,4.75,14047.0,110.77,0.69,2,6.0,1,0
741297,8,6,28,-4.76,1053542.0,125.92,0.22,3,3.0,2,0
293379,11,6,23,-2.33,963927.0,122.8,0.17,4,2.0,2,1
588611,0,2,52,6.14,90429.0,119.83,0.71,2,8.0,1,0
757799,2,2,21,2.81,44432.0,108.88,0.7,2,6.0,1,0
756994,11,8,28,0.84,975894.0,132.73,0.38,4,8.0,4,0
237558,1,2,20,6.08,98243.0,93.39,0.62,3,3.0,1,0
564161,12,7,23,-0.46,1059290.0,130.57,0.2,4,5.0,4,1
468795,1,3,21,8.86,40995.0,94.58,0.65,2,3.0,1,0
6963,15,5,28,-2.73,974475.0,131.39,0.33,4,6.0,3,1
78728,13,8,23,-0.82,927008.0,128.81,0.21,4,5.0,4,1
4921,0,4,22,13.34,10838.0,88.56,0.55,2,3.0,1,0
978882,8,7,31,16.18,938605.0,126.45,0.31,3,4.0,2,1
914557,13,5,25,-12.64,972824.0,117.04,0.24,3,1.0,2,1
249325,12,5,26,0.86,975300.0,123.36,0.26,3,3.0,2,0
253280,0,1,49,1.87,110655.0,106.56,0.7,2,6.0,1,0
788074,1,2,18,0.94,12087.0,92.19,0.65,3,3.0,1,0
862704,12,7,33,9.28,1038144.0,125.84,0.24,4,4.0,4,1
164260,3,4,49,5.72,91588.0,103.44,0.65,2,4.0,2,0
237937,1,4,51,3.14,82807.0,130.56,0.77,2,12.0,1,1
549488,12,6,35,-7.25,933448.0,129.03,0.31,4,5.0,2,1
28449,0,4,38,5.69,8584.0,82.86,0.56,2,1.0,1,0
299455,14,8,28,-9.34,988566.0,125.37,0.22,4,3.0,5,1
155511,0,3,21,7.7,91771.0,99.74,0.68,3,6.0,1,0
359288,12,7,29,3.4,983270.0,130.22,0.33,4,6.0,3,1
26053,12,7,27,3.88,1040454.0,124.08,0.23,3,2.0,4,0
920033,0,4,32,1.58,152310.0,83.36,0.6,3,0.0,1,0
767593,13,6,29,-8.26,1098298.0,136.81,0.31,3,8.0,3,1
867214,10,6,30,1.01,1065965.0,112.1,0.16,3,0.0,2,1
257984,12,8,23,12.85,1003604.0,129.47,0.25,4,4.0,4,0
5013,12,6,31,-18.91,919078.0,133.66,0.3,3,7.0,2,1
171031,0,5,41,4.83,13844.0,98.72,0.6,2,3.0,1,0
560521,12,7,34,11.63,1148111.0,137.5,0.34,3,8.0,4,1
950540,11,7,27,-7.98,1049707.0,127.3,0.22,3,4.0,3,1
90374,0,4,33,14.01,110711.0,116.47,0.62,3,6.0,1,0
798893,1,5,19,14.82,102386.0,92.7,0.54,2,2.0,2,1
825404,0,1,22,0.76,54605.0,97.8,0.55,3,4.0,1,0
188608,0,4,20,2.55,72422.0,128.61,0.64,3,10.0,1,0
513924,10,8,23,-4.99,994872.0,125.68,0.2,3,3.0,3,1
659066,0,2,20,0.4,77553.0,106.46,0.61,2,5.0,1,0
668777,3,2,39,5.17,123302.0,88.75,0.54,2,2.0,1,0
435887,12,7,26,-5.45,1087650.0,118.06,0.16,4,1.0,4,1
668064,0,2,49,5.81,137346.0,110.27,0.68,3,6.0,1,0
948748,12,7,27,-2.23,974732.0,131.41,0.27,3,5.0,3,1
276067,14,7,24,-5.78,970404.0,122.34,0.18,3,2.0,4,0
486339,1,4,20,0.67,104629.0,87.85,0.44,3,1.0,1,0
599873,0,5,20,3.05,92338.0,105.16,0.59,3,3.0,2,0
353243,14,7,31,-1.75,967166.0,132.72,0.4,4,6.0,4,1
832796,1,3,19,10.14,71535.0,88.77,0.55,3,2.0,1,0
412646,0,2,42,5.3,127144.0,95.44,0.44,2,2.0,1,0
352824,0,1,19,9.99,149774.0,81.83,0.42,2,0.0,1,0
1253,0,2,45,14.86,17982.0,102.67,0.71,3,5.0,1,0
56934,0,3,20,0.8,160433.0,104.5,0.59,2,5.0,1,0
678452,12,7,28,0.96,1095546.0,128.18,0.18,4,4.0,4,1
589620,0,4,20,0.15,102966.0,101.89,0.65,2,4.0,1,0
561997,0,2,56,5.08,104757.0,114.39,0.71,2,8.0,1,0
849502,11,8,31,-10.58,941170.0,122.13,0.21,4,2.0,3,1
265489,12,8,23,-7.68,1037372.0,129.48,0.23,4,5.0,4,1
548383,3,3,37,3.89,99569.0,88.33,0.51,3,0.0,1,0
104562,0,4,19,0.89,149745.0,105.17,0.56,2,3.0,1,1
103324,12,7,27,6.69,1056790.0,136.74,0.34,4,7.0,4,1
973933,12,6,23,-17.33,1032518.0,130.41,0.3,3,6.0,3,1
971130,1,1,59,20.74,74772.0,117.09,0.78,2,9.0,1,0
798509,1,5,21,1.25,80704.0,98.85,0.57,1,3.0,2,0
608814,13,7,25,2.74,1003706.0,117.91,0.18,4,1.0,4,1
556844,0,4,19,2.19,50000.0,104.37,0.57,2,6.0,1,0
388128,10,7,27,-11.67,983802.0,114.31,0.18,4,1.0,3,1
973593,12,7,23,-32.21,1030547.0,122.21,0.2,4,1.0,3,1
77884,0,3,49,6.19,51467.0,110.13,0.76,3,6.0,1,0
692514,12,7,28,-13.48,1018109.0,124.69,0.25,3,3.0,3,0
413374,2,5,19,1.91,166525.0,92.42,0.41,2,0.0,2,0
248998,13,7,26,-20.58,927770.0,131.13,0.42,4,6.0,3,1
738383,0,2,33,7.04,155880.0,108.69,0.64,2,6.0,1,1
678960,3,2,39,1.1,21147.0,110.28,0.68,1,7.0,1,0
902823,0,2,46,4.48,70163.0,107.22,0.72,2,5.0,1,0
915218,0,5,19,17.69,78906.0,100.29,0.59,2,4.0,2,1
92420,10,7,24,-11.44,1144440.0,118.92,0.11,4,0.0,3,1
314473,1,4,21,16.01,132593.0,116.83,0.56,2,6.0,1,0
969325,0,4,21,10.3,67154.0,81.74,0.49,2,1.0,1,0
537776,0,4,43,5.53,143003.0,107.25,0.6,3,5.0,1,0
888742,11,6,27,-10.41,1072321.0,125.35,0.27,4,3.0,3,1
814939,2,4,20,1.99,148755.0,93.68,0.57,2,2.0,2,0
194213,0,5,21,2.94,110252.0,114.49,0.61,2,6.0,2,1
838557,13,6,33,-9.36,1013966.0,135.77,0.3,4,8.0,3,0
32867,11,5,31,-24.37,1050868.0,117.53,0.2,4,1.0,2,1
760646,12,8,23,6.19,967141.0,128.53,0.28,4,4.0,4,1
834315,11,7,32,-10.41,981216.0,131.2,0.36,3,5.0,3,1
576118,0,3,32,4.17,68532.0,94.93,0.58,2,4.0,1,0
301682,5,6,35,-0.3,1036370.0,122.52,0.27,3,3.0,2,1
420629,11,6,31,-6.29,1012725.0,134.55,0.33,4,8.0,2,0
558113,1,3,19,3.94,172238.0,96.5,0.51,2,2.0,1,0
669901,1,5,20,3.36,92894.0,84.44,0.42,2,0.0,2,1
302256,12,8,36,-12.09,955999.0,130.65,0.27,4,5.0,4,0
659953,13,7,30,-7.34,979204.0,122.0,0.21,4,2.0,4,1
176810,0,1,20,10.89,30033.0,98.08,0.63,2,4.0,1,0
638012,12,7,26,5.53,1074333.0,128.7,0.19,5,5.0,4,0
1281,1,2,32,5.39,114859.0,114.46,0.68,3,7.0,1,0
721655,1,2,19,8.89,50366.0,100.66,0.59,2,4.0,1,0
580801,1,4,21,1.73,165582.0,94.78,0.66,1,3.0,2,0
496999,0,4,40,2.78,126245.0,99.49,0.55,3,3.0,1,1
410786,0,2,19,8.34,52380.0,97.31,0.5,2,3.0,1,0
508835,12,7,25,-11.66,1068047.0,119.18,0.16,4,1.0,4,1
425981,13,6,34,-1.91,970867.0,123.54,0.25,3,3.0,3,1
848972,0,4,19,3.68,124525.0,103.68,0.54,3,3.0,1,0
861872,2,4,36,4.54,87404.0,121.09,0.67,3,8.0,1,1
188132,0,1,35,4.9,112470.0,88.4,0.57,2,1.0,1,0
831430,1,4,58,5.4,123838.0,113.56,0.76,3,7.0,1,0
512811,0,4,55,6.18,97654.0,84.14,0.58,2,1.0,1,0
409059,1,5,22,1.83,56566.0,91.78,0.51,2,1.0,2,0
526616,12,6,27,9.1,1043791.0,131.68,0.36,4,7.0,3,1
525400,0,5,18,8.64,17498.0,93.28,0.56,3,2.0,1,0
664886,12,6,35,1.5,890377.0,132.31,0.41,3,7.0,2,1
681830,1,2,19,17.3,128804.0,100.71,0.51,3,4.0,1,0
785424,13,8,26,-5.97,1000806.0,137.6,0.29,3,8.0,5,1
271924,1,4,35,16.8,56344.0,92.41,0.55,2,4.0,1,0
862969,10,5,38,-21.66,1086678.0,127.87,0.18,3,4.0,2,1
467549,11,7,23,-4.94,1013824.0,119.67,0.24,3,2.0,3,1
907389,12,5,28,-2.28,999738.0,115.1,0.12,4,0.0,2,1
413992,12,7,25,-19.07,1026116.0,128.94,0.25,3,4.0,3,1
76041,11,6,30,5.13,997092.0,124.34,0.29,4,3.0,2,1
718933,11,6,26,-5.21,1016910.0,137.81,0.41,4,10.0,2,1
935881,11,9,25,-17.54,1004072.0,127.44,0.25,4,4.0,5,0
732270,13,8,25,-30.59,1037983.0,124.05,0.2,4,3.0,5,1
480062,12,5,30,0.35,1058330.0,127.63,0.26,4,5.0,2,1
940898,1,2,41,1.13,86461.0,92.21,0.54,2,2.0,1,0
474523,0,4,49,1.06,148191.0,121.16,0.74,2,8.0,1,0
161191,0,1,44,2.26,110692.0,114.58,0.75,2,8.0,1,0
791055,1,4,56,0.8,226350.0,109.47,0.62,3,5.0,2,1
273309,12,7,26,-0.12,1019368.0,126.75,0.24,3,5.0,3,1
73065,13,9,31,2.76,1031679.0,131.83,0.26,3,4.0,5,1
991311,0,1,48,12.41,51690.0,94.58,0.61,1,3.0,1,0
392492,0,3,21,10.98,120164.0,98.38,0.59,2,4.0,1,0
712730,0,4,22,4.24,61166.0,84.59,0.5,2,1.0,1,1
123340,1,4,54,1.98,144208.0,117.92,0.7,3,7.0,1,0
684640,13,6,27,1.83,1009026.0,123.5,0.21,4,1.0,3,1
478598,12,7,27,-15.82,1074244.0,116.3,0.14,3,0.0,4,1
627717,0,3,38,11.29,107574.0,112.39,0.63,2,7.0,1,0
797796,2,5,39,1.46,146963.0,84.89,0.59,3,0.0,2,0
249709,0,3,19,0.77,135866.0,93.15,0.4,2,2.0,1,1
39815,11,6,34,-1.8,1055021.0,118.29,0.27,4,2.0,3,1
279250,13,7,33,-11.18,1042271.0,136.5,0.29,3,7.0,4,1
741222,12,8,25,-10.11,979298.0,130.72,0.35,4,5.0,4,1
722624,11,8,25,-11.12,954667.0,124.31,0.22,3,3.0,4,1
154158,15,6,33,-8.99,990354.0,132.19,0.44,3,7.0,3,1
970858,13,6,23,3.63,1033391.0,128.15,0.22,4,5.0,3,1
551840,10,7,24,1.39,1013575.0,130.69,0.28,3,6.0,3,1
302720,10,6,29,5.69,980715.0,122.22,0.28,4,3.0,2,1
954389,11,7,33,-7.59,1003646.0,138.39,0.33,4,9.0,3,1
841366,0,4,48,8.22,132750.0,105.3,0.57,3,4.0,1,1
935005,2,5,21,0.08,87320.0,103.76,0.51,1,3.0,2,0
567784,15,8,28,10.69,1098029.0,136.99,0.33,4,7.0,5,1
516879,12,7,30,9.67,1046443.0,132.4,0.27,3,5.0,4,1
185803,0,3,39,2.39,85030.0,102.69,0.64,2,5.0,1,1
26703,1,4,19,1.81,104728.0,103.83,0.57,3,3.0,1,1
474676,2,4,20,2.23,65279.0,95.52,0.54,3,3.0,1,0
921542,13,6,28,-11.51,975826.0,130.3,0.21,4,6.0,3,1
533104,12,6,27,-1.19,996543.0,121.71,0.25,3,3.0,3,1
216922,1,2,21,1.37,143116.0,103.2,0.59,2,5.0,1,1
203913,2,4,21,6.46,150668.0,101.82,0.59,3,4.0,2,0
123719,0,5,22,9.15,171595.0,83.99,0.43,3,0.0,2,0
531987,0,1,20,5.66,98082.0,78.77,0.43,2,0.0,1,0
674163,0,2,22,4.73,29635.0,94.12,0.53,2,3.0,1,0
107395,0,3,57,10.21,169843.0,92.31,0.53,2,3.0,1,0
946556,1,5,21,0.15,180420.0,99.63,0.53,2,3.0,2,0
745517,12,6,25,-19.17,1005218.0,126.23,0.23,3,3.0,3,0
325340,0,3,48,11.99,23577.0,108.31,0.76,3,6.0,1,0
797611,12,8,25,9.54,1010576.0,124.4,0.27,3,2.0,4,1
397002,1,5,20,3.84,50000.0,82.22,0.54,2,0.0,2,0
520753,0,4,20,1.15,62981.0,101.89,0.61,2,4.0,1,0
417059,13,7,34,-13.96,999523.0,122.14,0.24,4,2.0,4,1
373376,1,4,18,11.45,72395.0,85.16,0.46,2,0.0,1,0
925020,3,3,39,10.7,184032.0,111.09,0.68,3,5.0,1,0
370114,0,3,51,4.5,103812.0,112.77,0.69,2,6.0,1,0
64425,0,2,53,26.64,151984.0,112.21,0.76,2,7.0,1,1
442758,12,6,30,-13.66,1058880.0,130.13,0.3,3,4.0,3,1
887158,0,4,20,1.51,145645.0,89.8,0.46,2,1.0,1,0
733497,12,5,29,1.16,1016272.0,123.55,0.24,4,4.0,2,1
910794,0,4,34,6.92,62380.0,91.31,0.65,2,3.0,1,1
102087,10,6,25,-9.34,903108.0,112.14,0.17,3,0.0,2,1
613281,10,6,29,-11.4,981056.0,125.83,0.18,4,4.0,2,1
740587,0,5,48,5.55,102030.0,115.12,0.71,2,7.0,2,0
868235,9,6,31,-15.77,1009041.0,128.78,0.26,4,5.0,2,1
960100,11,8,26,0.73,991275.0,123.79,0.29,3,3.0,4,1
3278,0,4,21,1.76,43695.0,96.21,0.55,2,3.0,1,0
74051,13,7,30,7.51,990050.0,133.96,0.28,4,6.0,4,1
689116,0,4,49,2.7,154457.0,125.5,0.71,3,10.0,1,0
378251,0,3,55,1.98,144703.0,89.01,0.55,3,2.0,1,0
938094,13,7,34,3.73,968724.0,129.48,0.24,3,6.0,3,1
3175,0,2,40,6.84,52111.0,101.7,0.65,3,5.0,1,0
540510,14,7,37,-2.81,1029250.0,128.05,0.29,4,5.0,4,1
902478,13,7,29,-7.34,997442.0,132.76,0.3,4,5.0,4,1
634559,0,2,20,2.0,122465.0,95.55,0.57,2,3.0,1,0
901476,1,3,50,2.71,26245.0,114.45,0.73,1,7.0,1,1
355497,1,3,20,0.92,120928.0,105.8,0.64,2,5.0,1,0
741641,0,2,59,7.27,47998.0,102.32,0.72,2,5.0,1,1
336902,0,5,53,4.16,91627.0,107.94,0.73,2,5.0,2,0
250690,0,4,19,13.98,88773.0,100.77,0.49,2,4.0,1,0
314460,12,5,26,-16.05,993385.0,128.8,0.2,3,4.0,2,1
428771,11,7,34,1.63,977414.0,116.93,0.3,4,2.0,3,0
976911,14,7,30,-20.41,999731.0,136.71,0.29,4,6.0,4,1
576015,1,4,20,1.74,247337.0,108.92,0.55,2,5.0,2,0
213099,0,4,21,10.56,79642.0,106.67,0.6,2,5.0,1,0
487079,2,4,45,11.55,159116.0,125.58,0.77,2,10.0,2,0
174798,7,6,29,-19.44,988419.0,137.02,0.27,4,8.0,2,1
824444,2,3,39,16.27,120766.0,94.42,0.53,2,4.0,1,0
669457,13,7,27,4.68,958739.0,120.3,0.18,3,2.0,3,1
863725,13,7,32,-15.02,996274.0,125.4,0.33,4,4.0,4,1
902796,11,8,31,-14.1,933334.0,129.02,0.34,4,5.0,3,1
168584,0,3,22,2.62,88335.0,93.54,0.54,2,2.0,1,0
522607,13,6,29,0.2,990434.0,130.55,0.26,3,6.0,3,1
731472,0,3,50,3.08,9482.0,100.94,0.66,2,5.0,1,0
199906,0,4,18,1.48,110870.0,105.83,0.5,2,6.0,1,0
176668,0,4,53,1.65,77435.0,100.33,0.7,3,4.0,1,0
16070,0,5,20,9.67,101428.0,100.7,0.56,2,3.0,2,1
570268,11,7,31,-19.8,1005347.0,124.72,0.2,3,2.0,3,1
312779,0,3,46,7.2,102270.0,101.02,0.64,3,5.0,1,0
175835,0,3,46,2.63,111621.0,109.73,0.63,2,5.0,1,0
624098,14,7,31,-13.79,944406.0,132.8,0.32,3,7.0,4,0
451451,11,7,29,-4.13,1013637.0,130.11,0.31,4,5.0,3,1
598664,0,5,36,1.08,51657.0,88.37,0.65,2,1.0,1,0
774529,12,7,27,-19.53,985787.0,123.52,0.24,4,2.0,3,1
268529,3,3,49,1.81,20110.0,103.58,0.65,3,6.0,1,0
624214,0,5,56,2.92,168018.0,117.65,0.79,2,8.0,2,0
543440,0,4,18,0.38,148904.0,111.81,0.58,2,5.0,1,0
487392,12,5,31,3.3,967187.0,115.42,0.2,3,2.0,2,0
894923,1,4,48,0.46,108666.0,113.69,0.75,2,6.0,1,0
93949,13,6,25,0.7,1009498.0,133.3,0.29,4,7.0,3,1
760627,0,4,22,6.51,51488.0,100.43,0.6,2,4.0,1,0
493145,1,4,22,1.78,59401.0,82.98,0.42,1,0.0,1,0
870695,12,6,29,-18.35,993691.0,129.96,0.36,3,5.0,3,1
789913,13,5,28,18.7,1012914.0,128.67,0.23,3,5.0,2,1
418008,0,5,35,5.1,99766.0,103.01,0.65,2,4.0,2,0
618191,11,6,31,1.7,1006558.0,120.96,0.2,3,2.0,2,0
67289,12,6,30,-7.0,1024180.0,131.87,0.26,4,6.0,3,1
573439,9,8,27,-4.24,921610.0,127.34,0.27,4,4.0,3,1
833290,13,6,25,-11.07,1010588.0,126.02,0.22,3,4.0,3,1
251287,0,4,20,0.65,54749.0,103.27,0.58,2,4.0,1,0
793299,0,4,21,12.9,97042.0,107.24,0.65,2,4.0,1,0
133142,0,5,52,4.19,135800.0,109.6,0.58,2,6.0,2,0
539562,11,8,27,4.99,920743.0,124.79,0.23,3,4.0,3,1
409644,0,4,19,2.32,140408.0,104.83,0.57,2,4.0,1,1
404497,10,7,36,11.08,960808.0,120.09,0.23,3,3.0,3,1
245082,12,10,26,-12.17,986165.0,133.98,0.22,3,6.0,5,1
441190,0,3,22,3.72,75817.0,85.43,0.46,2,1.0,1,0
486796,0,4,31,17.16,93284.0,121.38,0.75,2,9.0,1,1
401439,11,7,28,-6.6,1004712.0,120.84,0.23,3,1.0,3,0
963751,12,7,26,-1.46,924211.0,115.99,0.19,4,1.0,3,1
447198,0,5,21,8.49,50407.0,108.93,0.72,2,6.0,1,0
402306,13,6,25,17.0,1006049.0,113.84,0.18,3,0.0,3,0
782594,1,4,56,8.02,57151.0,97.72,0.7,2,4.0,1,1
464187,1,5,53,1.16,141893.0,109.77,0.57,2,4.0,2,1
43325,13,6,30,-15.38,1035392.0,130.97,0.28,4,4.0,3,1
590268,12,8,32,-0.75,895517.0,126.2,0.35,4,4.0,4,1
762919,11,6,24,-16.18,914367.0,131.29,0.36,3,6.0,2,0
194729,0,4,20,13.06,61685.0,99.79,0.58,3,4.0,1,0
926804,7,11,31,5.46,977537.0,137.79,0.33,3,7.0,5,0
37106,0,5,51,4.02,169065.0,121.6,0.72,1,8.0,2,0
963492,1,4,19,9.1,21194.0,101.98,0.64,2,3.0,1,0
453813,7,6,26,2.54,969319.0,119.21,0.2,3,2.0,2,1
891007,11,7,32,-5.12,959390.0,128.26,0.25,4,5.0,3,1
404047,11,8,34,-6.58,969526.0,129.75,0.33,5,5.0,4,0
252724,0,2,19,6.39,50000.0,105.57,0.65,3,6.0,1,0
953633,11,7,31,1.92,941456.0,129.64,0.37,3,5.0,3,0
438454,0,4,20,4.06,87834.0,100.25,0.54,2,3.0,1,0
442465,12,6,23,-6.95,1108255.0,130.86,0.17,4,4.0,3,1
192709,1,4,32,1.04,186713.0,99.3,0.45,2,2.0,2,0
959147,0,5,51,6.65,81953.0,117.6,0.7,3,7.0,2,0
911653,12,8,29,-22.12,972477.0,128.16,0.3,4,5.0,4,1
925635,1,4,21,2.22,92926.0,116.39,0.6,2,8.0,1,1
364724,0,1,20,12.54,113799.0,79.99,0.48,2,0.0,1,0
543080,1,3,37,5.37,81188.0,119.72,0.66,3,8.0,1,0
245258,0,4,21,12.57,103835.0,106.94,0.51,3,4.0,1,0
167232,12,8,31,-12.85,973493.0,122.81,0.25,3,1.0,4,1
639242,10,7,25,-3.77,1053228.0,137.15,0.29,3,7.0,3,1
250857,1,4,22,2.2,148257.0,116.64,0.61,2,7.0,1,0
299242,1,3,19,1.36,48952.0,89.77,0.52,3,1.0,1,0
461978,0,4,43,10.18,149099.0,105.88,0.64,1,4.0,1,0
988984,11,10,31,5.96,962384.0,134.22,0.33,4,5.0,5,1
988663,2,4,34,3.52,56075.0,118.83,0.7,2,8.0,1,0
333476,15,7,33,-8.77,1035599.0,131.7,0.33,3,7.0,5,1
718896,1,4,19,2.73,150369.0,89.33,0.54,2,2.0,1,1
680347,0,3,20,7.37,151145.0,84.76,0.46,3,0.0,1,0
943660,11,6,29,-24.93,1032578.0,129.2,0.27,4,4.0,2,1
546473,10,6,23,-12.87,933213.0,122.99,0.22,4,3.0,2,0
282896,12,8,26,-10.88,1017883.0,135.76,0.37,3,7.0,4,1
453396,13,6,25,1.27,957952.0,113.37,0.19,4,0.0,3,1
564582,11,5,32,4.88,1010622.0,123.94,0.23,3,4.0,2,1
446552,1,4,22,6.49,93134.0,102.24,0.46,3,4.0,1,0
599216,1,2,21,1.18,125082.0,76.8,0.45,2,0.0,1,0
980199,13,6,29,-5.82,929113.0,119.34,0.2,4,2.0,3,1
247975,12,6,28,-18.79,981250.0,128.61,0.2,3,3.0,3,0
15069,12,6,23,17.99,956938.0,117.42,0.23,4,1.0,2,1
29855,2,2,18,4.4,28864.0,97.64,0.57,2,4.0,1,0
994133,14,7,30,-21.06,1018402.0,115.8,0.2,4,0.0,4,1
491630,12,5,28,-1.75,1068907.0,132.89,0.26,3,7.0,2,0
332599,10,5,28,11.26,1005567.0,130.0,0.35,3,6.0,2,0
25766,0,5,53,3.8,68795.0,117.26,0.71,2,8.0,1,0
282671,1,1,20,5.74,122100.0,85.87,0.46,2,1.0,1,0
451226,2,3,56,12.46,79708.0,105.34,0.66,2,6.0,1,1
333933,2,4,18,0.65,49681.0,82.6,0.4,3,0.0,1,0
424625,0,2,20,1.69,116293.0,78.72,0.45,2,0.0,1,0
205962,12,6,25,-6.35,970918.0,123.65,0.22,3,2.0,2,1
964155,0,3,35,1.3,130441.0,93.02,0.63,2,2.0,1,0
826644,13,6,32,-6.67,988391.0,122.26,0.2,4,2.0,3,1
277034,0,5,36,0.05,93872.0,101.36,0.57,2,3.0,2,1
950631,0,5,46,9.0,53454.0,124.68,0.7,2,9.0,1,1
612103,11,6,27,-5.53,1019772.0,133.77,0.27,3,7.0,2,1
4786,11,5,27,-21.46,975832.0,123.84,0.18,4,3.0,2,0
951572,1,2,33,3.39,136862.0,103.65,0.59,2,4.0,1,0
600867,15,7,32,-10.93,1014582.0,134.66,0.3,3,6.0,4,1
815438,0,3,32,2.04,142861.0,110.11,0.73,3,7.0,1,1
769249,0,3,32,3.24,55191.0,87.52,0.54,1,2.0,1,1
880357,14,6,26,13.98,987120.0,133.04,0.32,4,7.0,3,1
542386,13,8,34,-4.04,1051179.0,118.77,0.18,4,1.0,5,0
259062,0,5,39,3.07,50232.0,112.88,0.63,2,6.0,1,0
471473,13,6,39,-16.06,957950.0,130.45,0.36,4,6.0,3,1
747813,13,6,27,-17.95,1047234.0,130.3,0.19,5,5.0,3,0
467378,1,3,20,0.65,101367.0,108.04,0.67,2,6.0,1,0
16711,0,4,55,4.12,60300.0,110.26,0.72,2,6.0,1,0
855225,10,7,30,7.66,942067.0,125.39,0.26,4,3.0,2,0
898579,14,8,32,-4.08,1021673.0,122.01,0.25,3,1.0,5,1
148875,13,8,26,-4.71,967473.0,129.04,0.26,4,4.0,4,1
128437,0,4,19,3.36,99686.0,81.06,0.47,2,1.0,1,0
949128,11,6,28,-14.29,1026638.0,121.17,0.16,4,2.0,2,1
652630,2,3,49,0.58,155146.0,103.06,0.64,3,4.0,1,0
847448,11,8,30,-10.27,978446.0,119.61,0.24,3,2.0,4,1
123819,2,3,52,4.34,126705.0,113.72,0.75,3,7.0,1,0
957973,13,6,25,9.52,1020856.0,126.73,0.23,4,4.0,3,1
53811,0,3,38,3.34,52010.0,105.31,0.64,2,5.0,1,0
505435,12,8,27,-16.18,963523.0,121.2,0.17,3,1.0,4,1
89386,3,2,37,1.76,50000.0,104.44,0.64,3,6.0,1,0
667748,13,5,36,-10.86,918586.0,123.72,0.28,4,5.0,2,1
51005,14,7,33,16.59,1000570.0,139.31,0.42,4,10.0,4,1
964848,1,5,19,4.78,106461.0,86.65,0.46,2,0.0,2,0
88435,0,3,36,0.65,86936.0,103.04,0.67,2,4.0,1,0
64559,1,2,50,28.31,172527.0,101.78,0.64,3,4.0,1,0
109649,0,5,46,10.96,127357.0,114.42,0.72,3,6.0,2,0
967612,12,6,31,1.15,1037088.0,126.82,0.26,3,3.0,3,1
487743,0,1,21,0.9,103369.0,85.66,0.49,2,1.0,1,1
280416,10,7,25,-2.54,983676.0,130.52,0.3,4,5.0,3,1
19769,11,6,31,1.51,1078774.0,132.63,0.29,4,5.0,3,1
497756,13,6,32,-18.44,939168.0,124.3,0.19,4,3.0,3,1
334459,12,6,26,-9.44,947927.0,113.0,0.22,3,1.0,2,1
199457,11,7,26,-16.42,1046511.0,134.29,0.33,4,6.0,3,1
145170,11,6,29,1.78,1020474.0,119.49,0.22,3,2.0,2,1
485340,1,1,58,8.75,85551.0,104.86,0.64,2,6.0,1,0
934055,3,3,21,1.89,68788.0,99.29,0.53,2,3.0,1,0
767885,10,7,23,9.86,940183.0,134.16,0.26,3,7.0,2,1
35132,9,6,27,-3.34,1028525.0,124.97,0.26,3,4.0,2,1
17315,3,1,22,0.43,164036.0,95.64,0.52,2,1.0,1,0
587440,1,4,43,7.66,166465.0,96.17,0.59,2,3.0,2,0
953970,10,6,30,3.05,938847.0,137.81,0.34,3,8.0,2,1
782872,0,5,33,0.66,179343.0,111.43,0.64,2,6.0,2,0
101383,1,3,18,0.09,39292.0,86.65,0.56,2,2.0,1,1
977435,11,6,28,-5.71,983782.0,124.49,0.3,4,3.0,2,1
10294,0,4,18,1.67,111857.0,99.77,0.59,3,4.0,1,0
34714,11,7,30,-4.98,964542.0,123.86,0.29,4,3.0,3,0
999580,10,9,25,7.34,988325.0,129.95,0.23,4,3.0,4,1
557808,12,6,24,-1.72,1043264.0,116.41,0.14,4,0.0,3,0
464596,13,7,26,-4.57,990747.0,129.18,0.27,4,5.0,4,1
242855,12,5,23,-1.46,973441.0,130.23,0.28,4,6.0,2,1
882911,11,6,25,14.34,1027871.0,131.47,0.29,3,5.0,2,0
771251,13,6,35,-0.04,1003525.0,126.91,0.28,4,3.0,3,1
814521,13,8,24,-2.64,980218.0,124.37,0.3,4,4.0,4,1
196976,0,4,18,9.16,160944.0,91.08,0.49,2,1.0,1,0
537565,0,5,59,5.3,17250.0,112.86,0.75,2,7.0,1,0
723996,0,4,18,9.4,93112.0,106.35,0.66,3,4.0,1,0
834917,13,6,32,2.21,1023709.0,127.52,0.26,4,4.0,3,1
494373,0,3,50,3.09,99339.0,105.52,0.73,2,6.0,1,0
926421,0,2,22,6.08,65059.0,93.09,0.46,2,2.0,1,0
953138,12,7,28,4.84,1036332.0,126.88,0.26,4,4.0,3,1
920143,0,5,37,3.17,145046.0,94.92,0.53,2,2.0,2,0
964060,14,7,33,-8.03,1064751.0,132.03,0.31,5,6.0,4,0
84479,0,3,19,8.7,56675.0,88.24,0.53,2,2.0,1,0
588074,0,4,35,12.09,4846.0,99.58,0.62,2,4.0,1,0
335150,14,6,30,-2.43,982596.0,132.12,0.4,3,7.0,3,0
736049,0,3,49,27.12,33962.0,113.71,0.72,2,8.0,1,0
194809,1,4,48,13.95,69963.0,118.91,0.74,2,8.0,1,0
63839,11,7,24,-4.42,955394.0,118.26,0.19,3,1.0,3,1
753929,0,5,38,3.02,125164.0,99.33,0.61,2,4.0,2,0
809239,12,5,31,5.27,987312.0,126.18,0.25,3,4.0,2,1
33165,0,3,54,2.52,180813.0,107.73,0.67,3,5.0,1,0
546545,10,5,30,-9.22,1049426.0,126.2,0.19,4,3.0,2,1
958741,9,5,30,-22.65,1033332.0,130.87,0.26,3,6.0,2,1
347422,13,7,39,-19.11,1027744.0,119.0,0.25,3,1.0,4,1
286472,1,2,21,5.03,44127.0,88.12,0.63,3,2.0,1,0
961334,0,4,41,15.72,44414.0,113.35,0.67,3,7.0,1,0
439225,10,9,28,-0.34,962738.0,129.44,0.27,3,4.0,4,0
229904,11,5,29,-0.49,954957.0,126.18,0.27,4,5.0,2,0
442734,1,3,33,4.48,42684.0,87.82,0.66,2,1.0,1,0
787632,0,2,19,1.21,98498.0,107.13,0.57,2,6.0,1,0
261167,11,7,31,-25.06,1010333.0,116.77,0.25,4,0.0,3,1
522263,14,5,25,7.01,978944.0,129.44,0.27,4,6.0,2,1
421170,1,5,37,0.04,77083.0,90.52,0.57,2,2.0,2,0
70868,0,1,21,3.69,69902.0,114.08,0.63,2,6.0,1,0
843886,0,4,19,5.83,90781.0,118.54,0.69,2,8.0,1,0
393561,10,6,33,-16.86,985147.0,113.69,0.18,4,0.0,2,1
235194,11,5,32,-16.21,1040114.0,131.92,0.31,5,6.0,2,1
617856,0,4,19,1.48,93332.0,95.37,0.57,2,2.0,1,0
768275,12,8,31,0.7,1111670.0,119.28,0.18,4,0.0,5,1
772917,1,4,21,2.79,15906.0,103.04,0.59,2,3.0,1,0
316853,2,2,19,5.45,94265.0,89.4,0.48,2,2.0,1,0
41390,0,3,21,0.21,59417.0,105.99,0.6,2,6.0,1,0
84058,0,4,31,5.12,108373.0,102.69,0.5,2,3.0,1,0
357294,14,7,31,-12.48,936448.0,123.01,0.28,4,2.0,4,1
463186,12,7,33,-3.3,964142.0,112.81,0.23,3,0.0,3,1
173150,12,6,30,10.29,945030.0,126.18,0.29,5,5.0,2,1
400603,14,7,23,-15.92,931378.0,129.91,0.24,3,5.0,4,1
359639,13,8,30,12.46,1022195.0,128.46,0.35,3,5.0,5,1
832969,1,3,52,4.16,28417.0,103.26,0.7,2,4.0,1,0
335953,11,7,33,3.21,936338.0,118.86,0.23,4,1.0,3,0
833592,14,7,32,-1.93,1032536.0,127.21,0.24,4,3.0,4,1
146206,14,6,27,-8.45,950980.0,123.82,0.28,4,3.0,3,0
857080,1,4,20,6.38,104641.0,99.16,0.52,2,3.0,1,0
73444,7,2,39,1.2,202544.0,83.95,0.48,3,0.0,2,0
794392,13,6,28,-21.38,1154973.0,130.99,0.18,4,5.0,4,0
732473,0,4,47,8.89,117682.0,119.93,0.7,3,7.0,1,0
776279,13,6,35,-4.28,999778.0,134.78,0.33,3,7.0,3,1
750809,13,6,32,6.92,1076915.0,135.98,0.32,3,7.0,3,1
939503,0,4,51,2.39,124155.0,107.55,0.76,2,6.0,1,0
967807,0,3,19,2.13,76540.0,94.75,0.57,3,3.0,1,0
621550,1,5,19,1.67,100780.0,112.9,0.62,3,6.0,2,0
524021,12,6,31,-10.91,1011781.0,126.69,0.31,3,4.0,3,1
672877,12,6,23,0.61,1105198.0,130.58,0.23,5,3.0,3,1
220700,2,5,20,5.06,27239.0,110.59,0.66,2,5.0,2,0
732595,0,5,21,10.88,18818.0,92.48,0.58,2,3.0,1,0
672695,11,7,38,3.43,977467.0,131.17,0.36,3,5.0,3,0
216173,2,3,38,3.93,54090.0,94.79,0.67,3,3.0,1,1
432580,12,6,26,11.13,1059094.0,119.74,0.2,4,1.0,3,1
621825,10,6,27,3.78,941844.0,125.63,0.32,4,3.0,2,1
42503,13,6,30,-24.85,997983.0,126.07,0.29,4,4.0,3,1
401817,11,6,32,-11.35,1042705.0,118.51,0.12,3,1.0,3,1
626653,0,2,19,13.86,97866.0,99.73,0.58,2,3.0,1,1
778849,0,3,21,5.47,106461.0,99.73,0.56,2,3.0,1,1
180587,0,2,19,7.59,28878.0,108.08,0.55,2,5.0,1,1
989080,11,8,37,-10.6,972746.0,127.9,0.27,4,4.0,4,1
287638,0,5,39,1.93,106265.0,103.43,0.66,2,4.0,2,0
96964,13,7,33,-24.26,1026178.0,132.07,0.31,4,5.0,4,0
479850,14,6,32,-6.92,998036.0,122.91,0.25,4,4.0,3,1
386329,13,6,31,-6.68,927355.0,129.13,0.34,4,7.0,3,0
331964,1,3,32,13.64,130186.0,102.79,0.63,3,3.0,1,0
373251,11,5,24,-5.81,1017512.0,124.4,0.22,3,2.0,2,1
752085,14,6,30,17.43,966831.0,132.34,0.35,4,7.0,3,1
363461,0,4,50,3.22,135751.0,112.34,0.72,2,6.0,1,0
616266,11,6,31,12.49,927922.0,132.34,0.28,4,6.0,2,0
417679,1,3,41,4.73,139083.0,93.49,0.46,3,2.0,1,0
940987,10,5,27,-0.79,1016757.0,119.3,0.19,4,3.0,2,0
543864,0,3,18,5.4,50326.0,83.11,0.56,2,0.0,1,0
480069,0,4,35,1.52,81991.0,96.5,0.67,2,3.0,1,0
304730,11,8,30,-12.01,986044.0,127.26,0.21,3,4.0,4,1
761345,12,8,24,1.97,948772.0,134.99,0.34,3,7.0,4,1
18464,11,8,26,3.7,1075041.0,136.08,0.25,4,7.0,4,1
143159,11,6,32,0.27,1022851.0,130.81,0.28,4,5.0,2,1
842233,11,9,31,26.76,966724.0,126.6,0.28,3,4.0,4,0
552383,12,6,37,-22.41,996364.0,119.79,0.3,4,3.0,3,1
769870,10,8,28,-7.64,988680.0,129.73,0.3,3,5.0,3,1
423506,0,2,21,1.55,41893.0,87.42,0.44,2,0.0,1,0
287759,9,7,34,-4.81,1025066.0,134.38,0.35,3,7.0,3,1
603411,0,1,21,10.06,136790.0,98.34,0.55,2,4.0,1,1
46506,0,4,56,2.97,128909.0,115.6,0.77,2,7.0,1,0
660933,0,3,20,4.26,93965.0,97.37,0.65,2,3.0,1,0
932421,0,3,58,0.16,90033.0,100.41,0.68,1,2.0,1,0
163551,10,6,24,-24.09,927876.0,113.58,0.22,4,0.0,2,1
754763,12,6,31,4.75,1034029.0,127.83,0.26,3,4.0,3,1
605874,13,5,24,-16.07,983791.0,129.58,0.23,4,5.0,2,1
140984,12,8,26,8.85,900984.0,132.0,0.3,4,7.0,4,1
171582,11,7,29,-3.26,1002601.0,121.68,0.27,4,4.0,3,0
888045,11,7,35,-8.28,1006517.0,131.69,0.31,3,7.0,3,1
77086,13,6,23,-22.45,997283.0,131.25,0.28,3,5.0,3,1
751830,0,1,20,5.81,51133.0,85.79,0.54,2,2.0,1,1
844494,0,4,48,2.2,179242.0,114.22,0.69,3,7.0,1,1
771654,0,2,18,19.22,68246.0,81.86,0.51,2,1.0,1,0
654487,0,4,19,7.4,195492.0,102.85,0.48,2,2.0,1,0
582967,11,8,31,6.06,976815.0,134.01,0.31,4,7.0,4,0
468163,0,3,20,8.23,1077.0,102.47,0.66,2,5.0,1,0
783923,12,7,32,-1.55,979510.0,130.92,0.28,4,5.0,3,1
954913,13,7,30,-6.59,950578.0,130.86,0.3,4,7.0,3,1
75247,12,7,24,-4.81,941584.0,121.27,0.27,4,2.0,3,1
451853,0,5,36,1.63,123171.0,104.86,0.64,2,4.0,2,0
984851,11,6,25,-13.09,1031639.0,118.62,0.16,4,1.0,2,1
516775,0,3,42,2.4,69870.0,102.91,0.7,2,6.0,1,0
869142,0,4,39,0.72,154347.0,106.59,0.63,2,5.0,1,0
163837,2,3,22,7.55,130018.0,102.35,0.58,2,4.0,1,0
564911,1,3,37,0.04,92156.0,118.31,0.73,3,8.0,1,1
988567,11,6,25,-13.84,893240.0,120.15,0.29,4,2.0,2,1
67695,1,4,44,0.3,93134.0,101.05,0.59,2,4.0,1,0
790701,0,5,18,2.63,105606.0,93.12,0.56,2,2.0,2,0
568157,13,6,27,-21.06,1079825.0,129.27,0.26,3,5.0,3,1
63238,12,8,24,-12.24,1104137.0,130.68,0.21,3,2.0,5,1
760654,0,3,21,2.28,107637.0,92.68,0.56,3,3.0,1,0
181074,0,3,18,5.31,120778.0,80.97,0.39,3,0.0,1,0
2965,0,4,20,5.02,57245.0,114.27,0.56,1,6.0,1,0
133003,0,3,48,8.87,94822.0,128.24,0.85,2,11.0,1,0
615076,4,5,19,4.41,95479.0,96.64,0.52,2,1.0,2,0
140664,1,2,20,4.68,144492.0,101.6,0.54,3,3.0,1,0
134320,0,3,51,6.33,130280.0,126.51,0.77,2,10.0,1,1
675742,10,8,28,-12.39,954740.0,133.61,0.31,4,8.0,3,1
408447,10,7,30,-4.11,1080161.0,129.46,0.28,4,5.0,3,0
273193,12,9,33,-25.66,1061397.0,132.96,0.36,4,5.0,5,0
620185,12,8,24,-27.46,1063393.0,130.09,0.21,4,4.0,5,1
650411,9,7,33,-16.04,921006.0,124.8,0.25,4,3.0,2,1
697230,1,1,19,8.33,42610.0,81.64,0.47,2,0.0,1,0
192410,5,4,41,1.12,88274.0,119.2,0.7,3,9.0,2,0
716572,13,6,28,-2.31,983358.0,126.5,0.27,4,3.0,3,0
559845,1,2,52,3.1,50187.0,106.84,0.71,2,6.0,1,0
206688,11,7,27,-21.18,982283.0,125.51,0.25,3,4.0,3,1
296964,0,5,21,6.89,166516.0,108.69,0.44,2,4.0,2,0
660118,2,2,21,0.97,190421.0,101.73,0.58,2,4.0,1,0
544837,0,3,51,4.25,64031.0,93.3,0.64,2,4.0,1,0
768151,0,4,32,8.18,113800.0,100.39,0.68,2,5.0,1,0
954453,13,5,26,-11.35,1063555.0,116.74,0.21,4,1.0,2,1
45209,0,5,20,13.42,196554.0,93.91,0.48,2,1.0,2,1
893693,2,4,34,0.98,97915.0,105.95,0.6,2,4.0,2,0
894703,0,4,21,7.71,81642.0,84.49,0.59,2,0.0,1,0
817717,0,5,40,2.14,153683.0,106.32,0.56,3,5.0,2,0
516674,1,3,21,22.04,25664.0,82.0,0.49,2,0.0,1,0
82908,0,5,22,9.02,87069.0,109.75,0.62,2,7.0,2,0
429121,0,4,34,13.73,106371.0,102.15,0.57,2,3.0,1,0
134300,14,7,30,-10.63,989269.0,128.32,0.25,3,3.0,4,1
896767,13,6,25,-14.89,967962.0,121.97,0.2,4,3.0,3,1
823951,0,5,44,6.68,85015.0,118.82,0.79,2,8.0,2,0
538908,0,5,19,1.01,132812.0,106.46,0.57,2,4.0,2,1
608291,13,7,24,-19.15,1106920.0,131.4,0.19,4,5.0,4,0
199202,11,6,29,-8.66,956227.0,133.9,0.37,4,7.0,2,0
551833,12,6,40,1.3,1060292.0,133.77,0.27,3,7.0,3,1
390572,1,5,58,5.81,40888.0,98.01,0.68,2,3.0,2,1
995412,1,4,38,7.27,170383.0,103.35,0.64,3,6.0,2,0
979440,1,3,22,2.47,77976.0,89.94,0.54,2,1.0,1,0
139113,2,2,21,11.11,6988.0,96.87,0.55,3,5.0,1,1
622273,1,3,22,8.74,11660.0,104.69,0.63,2,5.0,1,0
120298,13,7,32,-25.41,924540.0,126.86,0.31,3,5.0,3,1
693967,2,4,20,10.41,129600.0,89.3,0.54,2,1.0,2,0
100827,0,3,20,3.8,196586.0,91.69,0.49,3,2.0,1,1
356121,2,5,21,11.05,115805.0,104.54,0.59,3,4.0,2,1
752186,1,3,21,0.71,117588.0,89.38,0.51,2,2.0,1,0
513908,11,6,28,15.53,1029398.0,127.76,0.24,4,4.0,2,0
547214,0,3,32,4.05,75385.0,83.71,0.56,2,0.0,1,0
293300,13,7,29,7.19,925897.0,120.6,0.22,3,2.0,3,1
988744,1,3,18,3.34,39396.0,106.3,0.7,2,6.0,1,1
348495,2,4,21,13.07,66417.0,96.92,0.58,1,4.0,1,0
537937,1,1,55,12.1,143372.0,109.3,0.64,2,6.0,1,1
587064,3,5,59,4.18,73184.0,106.45,0.76,2,6.0,2,0
443015,1,3,21,7.32,61731.0,84.14,0.54,2,2.0,1,0
380168,1,4,21,3.96,55693.0,95.54,0.5,3,2.0,1,0
762802,0,3,45,2.14,74433.0,109.16,0.66,2,6.0,1,0
983169,3,4,22,1.43,71094.0,94.85,0.53,2,3.0,2,0
935863,11,10,24,-20.38,997135.0,124.33,0.22,4,2.0,5,0
328729,13,6,31,-4.0,1013130.0,133.76,0.32,3,8.0,3,1
427537,0,3,22,16.52,142562.0,88.18,0.5,2,1.0,1,0
428631,13,7,29,7.17,998385.0,133.47,0.28,4,6.0,4,1
623313,3,2,35,0.88,41919.0,93.61,0.57,3,4.0,1,0
881266,3,3,46,3.85,73283.0,103.14,0.58,2,4.0,1,1
229321,0,3,49,5.46,143498.0,98.86,0.63,2,4.0,1,0
549060,12,5,25,9.56,918293.0,133.8,0.35,3,8.0,2,1
686535,0,3,19,2.93,142180.0,87.57,0.59,2,0.0,1,0
837272,1,4,35,2.06,98236.0,109.49,0.64,2,4.0,1,0
448139,12,8,28,-4.0,1091458.0,132.36,0.27,5,5.0,5,0
285914,0,2,50,10.63,108260.0,110.64,0.76,2,7.0,1,0
980652,1,3,20,1.36,95397.0,94.9,0.52,2,3.0,1,0
255135,12,9,32,-16.19,1037112.0,137.36,0.25,3,8.0,5,1
603191,0,3,39,7.06,88334.0,87.77,0.59,2,2.0,1,0
186391,0,5,37,8.84,34727.0,96.16,0.59,2,3.0,1,1
715362,2,2,20,3.68,162721.0,97.6,0.54,2,2.0,1,0
538896,13,6,37,-7.63,979716.0,124.6,0.34,3,5.0,3,1
625533,0,5,21,9.08,41164.0,96.9,0.53,3,3.0,1,0
639741,1,2,34,2.06,98857.0,119.57,0.64,3,8.0,1,0
95530,1,4,18,1.38,147244.0,102.63,0.52,2,4.0,1,0
460823,2,4,57,0.97,87162.0,99.5,0.67,2,4.0,1,0
199831,2,4,32,1.0,140771.0,107.02,0.52,2,5.0,2,0
147554,11,8,35,-14.88,1013778.0,129.52,0.29,3,5.0,4,1
134263,11,6,30,3.33,1002085.0,114.49,0.19,3,0.0,2,1
700482,0,2,43,0.14,85861.0,104.68,0.68,2,4.0,1,1
513501,14,5,29,-2.61,936758.0,119.28,0.25,3,3.0,2,1
871246,0,4,20,10.36,130615.0,92.93,0.52,2,3.0,1,0
134494,14,8,24,-12.1,1014955.0,129.95,0.21,4,3.0,5,1
656195,3,3,20,0.39,77422.0,90.49,0.53,2,2.0,1,0
654010,0,4,53,4.38,104271.0,106.4,0.64,2,6.0,1,0
634762,1,0,19,1.8,127196.0,100.85,0.62,2,4.0,1,1
99909,0,4,53,7.47,28316.0,112.18,0.67,2,6.0,1,0
100179,11,7,28,-0.69,957584.0,128.52,0.27,4,5.0,3,1
506458,0,2,40,1.44,125073.0,113.91,0.62,2,6.0,1,1
655046,0,3,49,1.8,76674.0,112.02,0.78,2,6.0,1,0
181240,12,7,34,-19.86,1032753.0,130.37,0.31,3,4.0,3,1
598510,12,5,34,-13.97,1012800.0,133.46,0.35,4,7.0,2,1
269345,13,6,32,5.67,992921.0,125.97,0.25,4,4.0,3,1
868686,12,6,31,-8.81,977651.0,127.31,0.23,3,5.0,2,1
925865,0,2,46,4.48,95651.0,119.2,0.75,2,8.0,1,0
517243,11,8,38,-23.05,1049275.0,134.28,0.35,4,7.0,4,1
524947,0,2,58,2.41,75406.0,104.19,0.79,2,6.0,1,0
374495,1,4,20,23.04,116128.0,102.57,0.54,2,4.0,1,0
530597,2,4,21,0.3,24788.0,80.72,0.6,3,1.0,1,0
95805,2,2,21,6.89,92572.0,93.8,0.54,2,2.0,1,0
171940,1,4,19,5.12,112468.0,83.11,0.5,2,0.0,1,0
903814,0,1,20,12.32,57237.0,97.57,0.53,2,3.0,1,0
254166,0,3,50,0.63,68467.0,115.91,0.71,2,7.0,1,0
309029,1,2,21,0.15,98959.0,114.4,0.59,2,7.0,1,1
296502,0,2,49,8.69,157632.0,110.96,0.72,3,6.0,1,0
61881,12,9,25,1.2,1015655.0,133.17,0.34,4,6.0,5,1
759067,0,4,19,2.12,148118.0,106.5,0.49,3,4.0,1,1
25337,11,8,32,-13.31,984605.0,135.37,0.34,3,6.0,4,1
264152,11,5,28,-2.56,1034413.0,124.66,0.22,4,3.0,2,1
317810,0,4,20,22.22,92432.0,106.72,0.52,3,5.0,1,0
33697,12,6,30,-8.15,1053151.0,132.01,0.29,4,6.0,3,1
408730,11,6,30,-5.14,1053959.0,128.47,0.3,4,4.0,3,1
811779,1,3,47,1.66,59798.0,104.36,0.69,2,5.0,1,0
751145,2,4,32,2.56,68779.0,110.4,0.6,2,6.0,1,0
256559,11,7,26,-23.41,1043620.0,121.61,0.15,4,2.0,3,0
53579,0,3,21,1.26,96634.0,103.82,0.61,2,5.0,1,0
533011,13,6,29,0.86,1028423.0,128.98,0.3,4,5.0,3,1
50747,0,4,57,3.34,137592.0,98.34,0.66,3,3.0,1,0
735049,0,4,22,0.21,117916.0,89.32,0.5,3,1.0,1,0
993251,0,4,19,4.02,13342.0,108.59,0.6,2,5.0,1,0
656434,0,4,22,9.37,81453.0,103.32,0.49,3,4.0,1,0
575604,0,4,22,1.4,58095.0,90.22,0.53,2,2.0,1,1
12168,11,7,25,-9.91,989667.0,114.57,0.2,4,1.0,3,0
874402,13,9,25,-3.33,1051437.0,122.51,0.19,4,1.0,5,1
280569,11,6,26,-3.45,980222.0,125.98,0.29,3,4.0,2,1
491871,1,4,18,11.85,157464.0,106.59,0.51,3,4.0,1,0
334107,0,4,19,1.95,113195.0,93.89,0.44,2,2.0,1,0
714246,1,3,60,2.11,89847.0,109.03,0.72,2,6.0,1,0
77595,11,5,24,13.78,978234.0,121.49,0.26,3,2.0,2,1
448503,2,2,21,2.26,96457.0,85.86,0.5,3,2.0,1,0
989486,3,2,31,0.29,27770.0,101.64,0.69,3,4.0,1,0
973456,1,4,44,0.77,81839.0,120.45,0.8,2,10.0,1,0
671533,13,5,30,-18.08,1078906.0,133.83,0.32,3,7.0,3,1
171507,4,3,43,3.83,200758.0,99.39,0.61,3,3.0,2,0
633789,13,6,26,-1.09,945409.0,129.73,0.3,3,7.0,3,1
271652,0,4,35,13.03,27089.0,99.28,0.59,2,3.0,1,1
481365,0,5,18,2.79,155766.0,93.76,0.44,2,1.0,2,0
368238,12,5,29,10.21,1053187.0,124.67,0.21,3,3.0,2,1
896861,3,2,40,2.64,136612.0,99.91,0.57,3,5.0,1,0
286980,0,3,21,3.36,131670.0,84.72,0.42,1,0.0,1,0
228569,11,6,29,-14.43,1020976.0,119.65,0.15,4,1.0,2,1
700430,9,5,38,4.93,1024505.0,122.1,0.18,3,2.0,2,0
288596,1,4,58,5.31,184278.0,100.35,0.57,3,3.0,2,0
600758,12,8,27,6.49,1039138.0,115.62,0.2,4,0.0,4,0
206096,0,5,22,0.32,50000.0,94.27,0.58,2,3.0,1,0
765942,12,6,27,-9.87,943413.0,128.01,0.26,3,4.0,2,0
242786,2,2,19,1.72,120076.0,93.05,0.5,3,3.0,1,0
425473,12,6,25,-1.86,1059101.0,129.35,0.23,4,3.0,3,1
364306,10,6,27,-17.79,1000964.0,126.81,0.25,4,3.0,2,0
185434,14,6,34,-19.35,1056331.0,127.38,0.26,4,4.0,3,1
334721,12,5,28,4.27,982411.0,123.61,0.22,4,4.0,2,1
104592,0,3,46,9.68,72885.0,107.2,0.7,2,6.0,1,0
874982,2,3,20,13.99,139552.0,92.36,0.54,2,2.0,1,0
497118,0,2,21,4.4,195951.0,100.37,0.54,2,4.0,1,1
344876,0,3,34,0.25,145552.0,109.26,0.65,2,6.0,1,0
183286,1,2,51,0.55,115599.0,97.48,0.59,2,3.0,1,0
422155,3,4,19,6.61,62489.0,98.19,0.51,2,3.0,2,1
13827,2,5,18,4.37,88369.0,103.75,0.59,2,4.0,2,0
556873,13,5,28,6.19,1048785.0,116.45,0.16,3,1.0,2,1
776206,12,6,34,-11.27,1058332.0,130.3,0.36,4,6.0,3,1
330620,12,9,23,-3.78,999304.0,129.08,0.21,4,4.0,5,1
290284,13,7,25,-13.38,960541.0,126.41,0.19,3,3.0,3,0
383409,1,4,43,3.83,131159.0,108.9,0.64,2,5.0,1,0
351698,0,4,60,2.51,94982.0,119.86,0.74,2,9.0,1,0
168136,1,4,43,6.42,30566.0,96.05,0.7,3,3.0,1,0
169131,11,6,29,1.51,1012909.0,128.07,0.23,3,3.0,2,1
294615,13,7,27,-6.51,1006535.0,133.55,0.29,4,6.0,4,1
843873,1,4,46,3.33,86149.0,112.94,0.72,2,7.0,1,0
414056,10,6,32,-10.3,989144.0,131.71,0.26,4,6.0,2,1
337792,13,8,28,-1.1,969705.0,129.33,0.36,4,5.0,4,1
452824,1,2,18,3.31,50000.0,90.16,0.58,2,2.0,1,1
716086,0,4,57,8.85,72815.0,111.62,0.75,3,6.0,1,0
73309,0,3,53,1.23,137358.0,105.0,0.61,2,4.0,1,0
17160,0,3,48,10.37,65162.0,101.99,0.68,2,4.0,1,0
197732,13,6,29,1.03,1038569.0,130.73,0.26,4,5.0,3,1
757917,0,2,56,21.55,96757.0,110.74,0.72,2,6.0,1,0
724665,0,2,21,1.69,139244.0,103.36,0.56,3,4.0,1,1
556978,11,5,25,-11.5,980779.0,120.6,0.22,3,1.0,2,1
850248,0,5,20,0.86,72397.0,105.32,0.53,3,5.0,2,1
379699,13,6,29,-13.81,1011068.0,119.91,0.24,4,3.0,3,1
499612,9,7,26,-3.83,1089027.0,126.06,0.25,4,4.0,3,1
513722,0,5,19,3.22,117487.0,110.67,0.56,2,4.0,2,0
163651,12,7,30,2.51,1001920.0,126.78,0.3,3,3.0,3,1
306260,12,5,24,-22.84,1031927.0,131.15,0.27,3,6.0,2,1
824162,0,5,48,8.26,36322.0,119.47,0.79,2,9.0,1,0
721113,10,7,28,-15.0,974183.0,130.29,0.37,4,5.0,3,1
8711,1,5,42,11.79,99075.0,115.08,0.7,3,8.0,2,0
34695,13,6,32,-14.52,1024002.0,133.63,0.3,3,7.0,3,0
865971,0,3,18,1.15,100816.0,103.64,0.49,2,5.0,1,1
455198,13,7,33,-2.28,1040693.0,130.03,0.29,4,4.0,4,1
69929,2,3,21,21.2,245079.0,113.95,0.59,2,5.0,1,0
937563,1,4,19,4.99,69574.0,90.72,0.52,2,2.0,1,0
188971,12,10,31,-0.53,1071513.0,128.51,0.2,3,2.0,5,1
411742,1,4,46,10.02,158021.0,105.16,0.59,3,4.0,1,0
868118,0,5,44,3.38,82301.0,122.54,0.73,2,8.0,2,0
293710,0,4,40,3.37,61068.0,106.5,0.74,2,5.0,1,0
106263,0,3,36,11.32,88835.0,115.41,0.65,3,6.0,1,0
705190,9,8,30,-12.51,1008805.0,126.87,0.22,3,3.0,3,0
884123,0,4,47,6.38,178740.0,111.63,0.7,3,6.0,1,0
560839,14,6,31,5.16,1035943.0,130.43,0.38,4,6.0,3,1
898223,1,3,18,1.35,116140.0,98.81,0.46,2,4.0,1,1
256380,1,5,41,0.28,142964.0,100.11,0.57,2,2.0,2,0
159185,2,3,20,14.11,113787.0,85.98,0.49,2,1.0,1,0
658598,2,3,31,20.62,127070.0,107.12,0.57,3,5.0,1,1
987597,2,4,59,5.2,101494.0,110.01,0.63,2,5.0,2,0
710417,4,4,21,1.26,75347.0,85.56,0.55,3,0.0,2,0
149382,2,5,19,3.53,72042.0,77.78,0.47,2,0.0,2,0
247886,11,7,28,-16.49,970910.0,125.17,0.26,3,3.0,3,1
765871,12,6,27,22.91,1052285.0,127.23,0.24,3,4.0,3,1
45940,13,6,28,-7.35,984043.0,123.94,0.22,3,2.0,3,1
923175,12,9,26,-6.84,1093198.0,122.54,0.2,4,1.0,5,1
226789,12,6,24,-11.63,962991.0,114.71,0.18,3,0.0,2,1
951631,0,5,47,2.11,107673.0,101.46,0.66,2,4.0,2,1
947919,1,4,32,5.43,50000.0,97.21,0.64,2,4.0,1,0
971015,13,6,30,-14.72,1044367.0,131.16,0.3,3,6.0,3,1
519439,13,6,23,22.93,982717.0,130.47,0.29,3,5.0,3,1
874571,13,6,28,-7.96,1019745.0,117.91,0.31,3,1.0,3,0
530669,13,5,23,-22.34,955978.0,109.85,0.19,3,0.0,2,1
280819,1,4,22,3.28,47516.0,89.99,0.48,2,2.0,1,1
841625,0,2,20,5.21,78428.0,72.68,0.38,2,0.0,1,1
416001,1,0,56,2.07,107742.0,103.18,0.7,2,6.0,1,1
470787,11,5,23,14.61,1000584.0,128.68,0.32,4,6.0,2,1
326208,14,6,32,-20.64,1049563.0,135.25,0.25,4,6.0,3,1
588631,1,3,19,13.58,34207.0,87.65,0.48,2,1.0,1,0
384496,13,7,28,2.52,980972.0,122.76,0.3,4,3.0,4,1
483257,0,4,19,6.64,122045.0,110.24,0.71,2,6.0,1,0
758007,12,7,25,10.68,1035678.0,136.72,0.29,4,8.0,3,1
98512,14,11,37,-10.93,1008010.0,130.89,0.2,4,4.0,5,1
204314,0,5,58,4.93,57028.0,111.72,0.72,2,7.0,1,1
770217,13,7,35,-0.05,968569.0,133.88,0.36,4,6.0,3,1
756078,0,3,37,8.86,78742.0,110.66,0.65,2,6.0,1,0
434180,1,4,33,4.92,103242.0,92.44,0.54,2,3.0,1,0
385181,11,6,26,-2.45,1015919.0,118.0,0.17,4,0.0,2,1
680573,0,5,20,1.29,70902.0,104.8,0.62,2,5.0,1,0
960581,1,3,21,15.98,85578.0,91.98,0.47,1,3.0,1,0
587113,10,8,30,10.71,1006828.0,123.27,0.17,4,2.0,3,1
118923,13,7,28,4.94,937195.0,128.59,0.24,4,3.0,3,1
697995,1,4,22,26.2,31213.0,80.33,0.54,2,0.0,1,1
577394,0,1,46,1.25,143406.0,105.67,0.73,2,7.0,1,0
143532,12,8,29,-5.43,974453.0,112.57,0.21,4,0.0,4,1
882822,2,2,21,2.61,153476.0,88.14,0.51,3,2.0,1,0
791948,11,7,32,-12.86,1010247.0,131.33,0.3,4,5.0,3,1
574809,2,1,19,1.18,107501.0,85.05,0.47,1,2.0,1,0
452778,12,7,23,-7.87,966878.0,113.92,0.23,4,0.0,3,1
699259,2,5,43,2.85,231067.0,97.43,0.42,2,1.0,2,1
237838,1,3,52,1.87,122886.0,110.6,0.69,2,6.0,1,0
572399,0,5,57,7.69,33320.0,109.15,0.75,2,6.0,1,0
547231,2,5,22,0.12,64509.0,99.99,0.56,2,4.0,2,0
530083,11,6,25,2.65,958750.0,118.3,0.19,4,2.0,2,1
313333,12,7,28,6.17,1033151.0,134.61,0.33,3,7.0,3,1
6792,1,4,43,2.08,132594.0,98.2,0.61,3,4.0,1,0
362441,7,5,31,-11.59,1005650.0,130.87,0.28,4,5.0,2,1
330916,0,3,40,11.85,149769.0,117.0,0.7,2,7.0,1,0
179025,1,5,39,3.16,28125.0,108.15,0.68,1,5.0,2,0
966327,3,2,39,7.76,134474.0,110.41,0.64,2,6.0,1,0
559697,1,2,50,2.0,81168.0,120.88,0.73,3,9.0,1,0
706590,14,7,34,7.03,954996.0,120.6,0.29,4,2.0,4,1
443916,12,6,24,-6.41,966130.0,129.06,0.27,3,5.0,2,1
923181,12,6,27,-24.82,1049121.0,120.93,0.17,4,1.0,3,1
131442,11,6,34,10.51,988532.0,125.21,0.26,4,4.0,2,0
196405,0,3,53,8.6,150071.0,116.31,0.73,3,8.0,1,1
327135,2,3,43,3.58,192706.0,123.94,0.62,2,10.0,1,0
236565,3,3,21,0.75,117038.0,98.64,0.51,3,3.0,1,0
378052,2,5,21,1.16,180602.0,99.48,0.55,3,2.0,2,0
535829,13,8,26,-9.89,927330.0,117.93,0.18,3,1.0,4,1
239843,0,5,43,11.5,139790.0,116.45,0.71,2,7.0,2,1
120150,0,2,22,2.87,46363.0,98.78,0.63,2,4.0,1,0
275785,0,3,34,2.96,31497.0,98.57,0.54,2,4.0,1,1
92544,0,1,19,1.06,185726.0,83.81,0.51,2,1.0,1,0
631007,12,8,23,-15.17,947653.0,125.65,0.23,4,2.0,4,1
455587,12,5,26,-17.5,1043498.0,119.99,0.24,4,2.0,2,1
86488,3,4,51,6.8,56285.0,96.13,0.66,2,3.0,2,0
542956,13,9,27,0.05,964000.0,125.73,0.3,4,3.0,5,1
38960,0,4,34,9.1,28112.0,109.79,0.7,2,7.0,1,0
121860,0,5,22,1.29,71366.0,109.68,0.67,2,6.0,1,0
802174,0,5,57,3.82,93290.0,112.65,0.75,2,7.0,2,1
113899,13,8,26,4.73,1016636.0,125.11,0.22,4,3.0,5,1
202527,9,6,29,4.02,999401.0,129.31,0.23,3,4.0,2,1
836001,11,7,24,-3.79,912301.0,124.15,0.23,3,4.0,3,1
658084,4,4,33,4.83,92985.0,97.59,0.54,3,2.0,2,0
334293,3,3,21,2.17,144895.0,103.84,0.52,2,4.0,1,0
8800,1,5,33,21.56,191135.0,116.19,0.62,2,6.0,2,1
211152,0,4,21,10.34,132234.0,97.7,0.56,2,2.0,1,0
869840,2,2,35,1.08,101814.0,108.37,0.67,2,6.0,1,0
901123,9,6,33,4.49,1003384.0,121.75,0.25,4,3.0,2,1
927877,14,9,25,-3.14,988867.0,131.63,0.29,4,4.0,5,1
323147,13,5,31,4.88,1030183.0,122.15,0.19,4,2.0,2,1
40649,11,6,26,-11.35,946448.0,126.0,0.3,3,4.0,2,1
20345,10,7,24,-0.52,977880.0,124.73,0.23,4,2.0,3,0
905082,14,6,24,-25.84,947566.0,129.57,0.22,4,4.0,3,1
91638,13,6,32,10.43,983447.0,131.62,0.26,4,5.0,3,0
967887,12,10,33,7.93,985421.0,124.08,0.23,3,2.0,5,1
447518,1,4,21,0.81,119418.0,97.28,0.5,2,2.0,1,0
878101,2,5,20,1.2,150871.0,84.76,0.52,2,1.0,2,0
667362,14,6,24,-8.18,1074153.0,124.12,0.22,3,3.0,4,1
879499,10,7,29,-18.58,1041068.0,135.25,0.32,4,7.0,3,1
666208,0,3,40,0.62,95682.0,111.86,0.71,2,5.0,1,0
671506,1,3,54,3.19,101111.0,102.67,0.64,2,5.0,1,1
265278,1,4,35,27.25,153253.0,123.16,0.7,2,9.0,1,0
202122,11,8,23,-15.51,972672.0,129.5,0.3,4,5.0,4,1
129386,12,6,33,12.01,1100027.0,134.37,0.29,3,6.0,3,0
262646,0,3,33,11.7,99950.0,101.08,0.62,3,6.0,1,0
27038,10,7,29,-1.43,1056149.0,118.04,0.16,3,0.0,3,1
399756,11,8,25,-22.37,1008659.0,131.2,0.24,3,4.0,4,1
440782,0,4,20,1.12,170692.0,93.28,0.45,2,0.0,1,0
184027,3,5,18,1.22,101495.0,111.13,0.53,3,4.0,2,0
809694,0,4,31,13.25,105611.0,93.08,0.59,2,3.0,1,0
996332,1,5,18,0.34,93351.0,103.49,0.63,2,4.0,2,0
412149,10,8,26,3.74,970602.0,118.38,0.23,4,1.0,3,0
519134,12,6,28,-7.4,909592.0,125.35,0.31,4,4.0,2,1
660634,12,8,27,-19.2,1108157.0,125.49,0.24,4,3.0,5,0
499682,13,5,25,4.56,1034423.0,117.67,0.22,4,2.0,2,0
547685,0,3,36,1.4,131712.0,113.89,0.71,2,6.0,1,0
731755,2,2,48,0.28,25414.0,117.9,0.79,2,9.0,1,1
33466,0,3,37,6.06,96014.0,106.21,0.66,2,5.0,1,0
757910,13,6,26,-14.47,939715.0,135.01,0.35,3,7.0,3,1
132228,0,3,18,14.66,98428.0,77.92,0.52,2,0.0,1,0
359405,0,0,59,1.29,120568.0,114.69,0.76,2,8.0,1,0
943999,12,6,25,9.55,962584.0,118.63,0.22,4,2.0,2,1
881810,11,7,27,3.43,1174791.0,136.09,0.21,4,6.0,4,1
234357,7,7,36,-3.81,1002992.0,137.05,0.4,4,9.0,2,1
804678,12,6,34,-0.2,992612.0,132.75,0.3,3,7.0,3,1
451135,0,3,48,17.33,118325.0,105.3,0.58,2,6.0,1,0
273298,12,7,27,-6.74,947966.0,128.26,0.28,4,4.0,3,1
180702,11,7,35,-7.23,1041618.0,136.88,0.46,3,9.0,3,1
114634,1,3,53,10.25,116698.0,117.37,0.66,2,8.0,1,0
912824,12,6,23,-1.75,982186.0,120.75,0.21,4,3.0,3,1
866219,0,3,35,0.15,125471.0,105.53,0.62,2,5.0,1,0
717082,0,3,39,8.89,75081.0,100.29,0.63,3,5.0,1,0
740498,12,6,26,-9.25,1073229.0,133.66,0.27,3,7.0,3,1
12346,1,3,59,5.49,113441.0,99.79,0.67,3,4.0,1,0
803246,0,1,54,4.75,79711.0,121.34,0.75,3,9.0,1,1
43787,0,2,32,10.09,101020.0,108.07,0.7,2,6.0,1,0
716145,0,5,22,3.56,88780.0,90.16,0.59,3,1.0,2,0
48057,2,3,21,6.59,148898.0,109.19,0.56,2,5.0,1,0
82168,11,6,27,-0.57,911386.0,131.17,0.31,4,5.0,2,1
837090,12,5,24,0.48,919179.0,128.2,0.27,3,4.0,2,1
723441,10,6,35,-3.38,971625.0,122.47,0.25,4,2.0,2,1
610024,4,5,58,2.59,168928.0,130.48,0.8,2,11.0,2,0
516086,14,5,34,-6.22,1045121.0,130.97,0.26,4,6.0,3,1
542374,10,6,25,2.44,1105322.0,132.73,0.21,4,5.0,3,1
128240,11,6,23,-7.88,947308.0,127.08,0.29,3,4.0,2,1
11002,12,6,27,-15.33,987072.0,122.13,0.32,3,3.0,3,1
861808,13,7,25,17.82,1013228.0,125.57,0.28,4,3.0,4,1
721569,0,5,21,5.14,142599.0,93.91,0.61,2,3.0,2,0
427883,1,4,20,9.31,150852.0,92.7,0.52,2,1.0,1,0
564257,13,8,25,-7.1,981156.0,120.86,0.23,4,2.0,4,0
523569,14,6,39,-5.05,1013717.0,139.74,0.4,4,10.0,3,1
249654,12,7,27,0.26,1040307.0,115.4,0.24,4,0.0,4,1
768623,12,7,31,-6.42,931743.0,128.39,0.23,3,4.0,3,1
549857,0,3,55,1.57,54667.0,116.83,0.76,2,9.0,1,0
125557,13,7,25,5.54,1035803.0,123.81,0.22,4,4.0,4,1
721690,13,7,30,-10.57,998616.0,123.79,0.23,3,2.0,4,0
281198,2,3,19,3.03,174721.0,99.46,0.49,3,2.0,1,0
472175,6,4,18,4.63,87432.0,100.94,0.56,2,4.0,2,0
261865,13,9,30,-28.41,956875.0,131.5,0.29,4,4.0,5,1
925662,2,4,22,0.6,164196.0,115.51,0.56,3,6.0,2,0
639329,12,7,26,-6.59,979959.0,129.5,0.33,3,5.0,3,0
404700,0,3,20,2.15,124992.0,110.5,0.58,2,5.0,1,0
573274,0,5,32,10.64,200815.0,106.45,0.53,2,4.0,2,0
185452,13,6,31,4.1,1094730.0,137.31,0.33,4,8.0,3,1
279137,2,4,58,7.75,127159.0,111.36,0.74,2,7.0,2,0
359525,12,7,25,-7.99,996443.0,132.86,0.3,4,6.0,3,1
881907,4,4,20,0.58,124331.0,102.03,0.56,2,3.0,2,0
773574,0,3,18,9.83,110544.0,79.33,0.54,2,0.0,1,0
770400,13,6,34,-2.51,1065280.0,134.98,0.32,3,6.0,3,1
960976,0,4,51,7.53,57395.0,104.18,0.65,2,4.0,1,0
725958,1,3,20,7.04,60659.0,85.49,0.51,2,1.0,1,1
353395,1,4,34,5.18,69447.0,109.34,0.69,1,6.0,1,1
827888,0,4,18,1.36,28777.0,108.31,0.59,2,6.0,1,0
650952,2,1,37,3.82,55217.0,114.3,0.74,2,6.0,1,0
593817,0,4,60,0.1,577.0,96.6,0.69,2,3.0,1,0
431360,9,8,27,3.36,985019.0,125.16,0.25,3,4.0,3,1
287381,13,6,34,-2.12,976366.0,112.57,0.23,4,1.0,3,1
528573,12,5,30,-3.11,996870.0,132.83,0.27,4,6.0,2,1
733464,13,6,27,8.26,1059859.0,122.37,0.25,4,1.0,3,1
406690,13,7,27,9.34,975717.0,122.25,0.31,5,4.0,4,0
491522,1,3,45,12.07,164333.0,118.36,0.77,2,9.0,1,0
209239,2,4,21,5.12,40864.0,77.94,0.51,3,0.0,1,0
165636,10,7,33,8.83,972347.0,126.39,0.26,3,2.0,3,1
554459,13,6,34,-20.61,1060241.0,131.68,0.35,3,7.0,3,1
704396,0,3,21,0.91,102744.0,88.35,0.51,2,1.0,1,0
665224,13,8,24,6.39,1067325.0,129.42,0.17,4,3.0,5,1
56061,12,6,23,-8.49,944293.0,120.42,0.27,3,2.0,2,1
873484,11,6,32,4.62,899214.0,126.01,0.33,4,5.0,2,1
491595,0,1,19,0.19,144990.0,94.11,0.56,2,4.0,1,0
97342,11,6,35,-6.87,956850.0,125.33,0.24,4,4.0,2,1
618194,10,8,26,5.24,983744.0,120.03,0.25,3,2.0,3,1
964583,12,6,27,10.42,978059.0,118.92,0.27,4,2.0,2,1
928086,1,5,58,5.89,67099.0,106.59,0.7,2,6.0,2,0
16308,11,7,24,7.81,961224.0,122.25,0.3,4,2.0,3,1
610671,11,8,29,1.99,1073852.0,135.13,0.29,4,7.0,4,1
553261,13,7,23,-20.33,1006929.0,131.69,0.29,3,6.0,4,1
330010,13,8,24,-0.58,1046328.0,128.98,0.22,4,5.0,5,0
248229,13,5,32,-0.71,985429.0,127.86,0.37,4,5.0,2,1
622071,0,2,19,3.75,162119.0,111.26,0.58,2,6.0,1,1
179364,13,7,35,7.48,987913.0,133.86,0.27,4,7.0,4,1
629850,9,8,29,-7.06,965296.0,134.03,0.27,3,7.0,3,1
922511,13,5,38,3.91,1069728.0,131.64,0.33,5,5.0,3,0
556606,2,5,19,13.34,138807.0,98.36,0.48,3,2.0,2,0
910242,10,6,25,-3.18,1004911.0,128.19,0.23,4,4.0,2,0
561352,0,4,40,2.84,138118.0,104.1,0.63,2,4.0,1,0
270897,0,3,32,2.98,97809.0,99.59,0.58,2,4.0,1,0
607875,0,2,34,2.78,50000.0,90.2,0.51,2,2.0,1,0
384202,1,2,50,22.48,102715.0,95.55,0.66,2,4.0,1,0
545181,11,6,24,-7.46,1078573.0,134.33,0.28,4,8.0,3,1
925550,2,3,19,16.35,18344.0,79.08,0.52,2,0.0,1,0
935568,13,6,27,-12.37,1020208.0,119.77,0.17,4,0.0,3,1
20487,0,4,46,10.49,60342.0,99.28,0.63,1,3.0,1,0
28808,0,3,52,6.27,144393.0,110.7,0.66,3,5.0,1,0
678201,2,1,20,19.74,153644.0,88.77,0.57,2,2.0,1,0
345378,2,3,19,2.58,132021.0,103.01,0.57,3,3.0,1,0
13560,0,5,18,2.08,99323.0,96.97,0.58,2,3.0,2,0
374015,13,7,27,3.1,1054065.0,125.64,0.19,3,3.0,4,1
429177,0,4,19,11.64,43838.0,109.01,0.6,2,7.0,1,0
524051,0,2,18,4.51,184559.0,100.05,0.58,2,3.0,1,0
160544,0,4,34,0.49,29006.0,95.59,0.59,2,3.0,1,0
140223,13,6,29,-9.9,970619.0,120.79,0.23,4,2.0,3,0
668818,4,2,19,1.08,14078.0,91.38,0.62,2,3.0,1,0
500578,0,4,42,9.86,35893.0,107.78,0.63,2,6.0,1,0
460313,9,7,25,-5.64,993978.0,122.12,0.25,3,2.0,2,1
349268,1,4,50,1.46,2281.0,104.8,0.74,2,6.0,1,0
89711,10,7,30,4.92,970921.0,132.76,0.3,3,6.0,3,1
195100,11,9,27,-10.22,981179.0,130.76,0.23,3,5.0,5,1
798345,11,6,30,9.57,972511.0,130.22,0.26,4,5.0,2,0
965727,0,5,20,4.32,125347.0,85.68,0.46,2,0.0,2,1
968420,10,6,29,-11.94,1014738.0,133.63,0.3,3,7.0,2,0
356773,12,7,26,-14.17,982614.0,128.79,0.32,4,5.0,3,0
97110,0,4,18,1.39,127652.0,112.55,0.65,3,5.0,1,0
693927,1,4,19,6.46,57402.0,87.85,0.51,2,2.0,1,0
413777,1,4,39,0.63,107970.0,103.42,0.69,2,5.0,1,1
480531,9,8,33,-0.39,997983.0,124.12,0.21,3,2.0,3,1
977163,0,3,20,4.98,105808.0,101.67,0.6,2,5.0,1,0
20746,14,6,33,4.72,947772.0,126.95,0.3,3,4.0,3,1
866412,2,4,19,1.34,162331.0,93.55,0.39,3,1.0,2,0
519458,0,4,22,3.62,147795.0,93.95,0.49,2,2.0,1,0
521255,12,6,26,-6.07,1009153.0,123.81,0.26,4,3.0,3,0
251630,0,3,58,5.06,126004.0,118.8,0.69,2,7.0,1,1
876129,2,4,19,5.18,108024.0,110.76,0.61,3,6.0,2,0
81100,11,6,30,-21.35,977767.0,127.49,0.24,4,4.0,2,1
971664,0,3,48,5.08,231300.0,125.36,0.76,2,10.0,1,1
194861,13,6,25,-11.64,951026.0,114.3,0.25,3,1.0,3,1
354413,14,5,28,5.95,966778.0,125.36,0.27,4,4.0,2,1
171041,2,3,32,2.59,165631.0,103.67,0.73,2,4.0,1,1
612159,11,7,28,2.62,987703.0,130.19,0.22,3,3.0,3,1
669294,14,6,26,8.28,1059596.0,124.18,0.2,4,3.0,3,0
654667,14,9,31,5.77,1078661.0,139.53,0.43,3,9.0,5,1
549740,12,5,29,13.62,1058716.0,122.26,0.22,4,2.0,2,1
458970,2,2,21,6.57,91766.0,99.67,0.62,2,5.0,1,0
734930,0,3,37,9.23,68020.0,106.26,0.6,2,5.0,1,0
942885,13,7,26,1.58,1009424.0,127.78,0.23,3,4.0,4,0
494320,0,3,51,1.85,168769.0,111.63,0.69,2,7.0,1,0
609135,11,5,28,-11.51,1107012.0,133.87,0.24,4,7.0,2,0
911642,10,9,33,-4.73,981087.0,125.3,0.19,4,4.0,4,1
528704,12,8,30,-10.75,949389.0,131.78,0.34,4,5.0,4,0
119964,12,5,23,-6.75,905619.0,109.22,0.22,3,0.0,2,1
62030,0,3,21,1.64,95884.0,92.59,0.53,2,3.0,1,0
902344,13,5,28,-3.44,1019165.0,132.84,0.32,4,6.0,2,0
807189,0,3,31,2.32,110715.0,111.65,0.61,3,6.0,1,0
974170,7,6,26,10.1,1003229.0,121.4,0.23,3,2.0,2,0
613321,0,3,54,7.86,155390.0,115.3,0.71,2,7.0,1,0
586242,0,5,56,10.45,155873.0,117.99,0.72,2,7.0,2,0
973445,13,6,26,14.46,1018004.0,128.08,0.26,4,4.0,3,1
348563,1,2,20,1.89,114812.0,86.2,0.44,2,2.0,1,0
845697,11,8,27,2.7,1048941.0,131.71,0.27,4,6.0,4,1
271748,11,5,28,-13.17,958537.0,127.06,0.27,3,4.0,2,1
748167,1,5,21,3.31,80163.0,95.11,0.54,3,3.0,2,0
9643,13,8,33,5.89,985036.0,126.51,0.23,3,3.0,4,1
183168,1,3,40,12.95,79708.0,97.62,0.64,2,3.0,1,0
365214,9,6,27,-7.37,997515.0,134.75,0.32,3,6.0,2,1
15240,12,6,26,-19.07,1030499.0,125.53,0.27,3,4.0,3,1
32323,12,7,27,-18.27,981538.0,116.84,0.17,4,0.0,3,0
123341,1,5,52,16.16,106335.0,109.91,0.67,3,5.0,2,0
831480,13,6,26,-19.29,1040998.0,127.02,0.28,4,4.0,3,0
387179,11,5,36,0.83,1022253.0,127.31,0.31,3,5.0,2,1
608584,12,7,28,-15.34,979330.0,133.57,0.29,4,6.0,3,1
87762,1,4,40,4.03,132690.0,102.59,0.68,2,5.0,1,0
21222,13,5,27,16.12,1128284.0,127.66,0.19,4,3.0,3,0
476786,11,7,25,-8.1,958561.0,132.34,0.3,3,6.0,3,0
764024,0,4,22,1.97,15040.0,83.98,0.47,2,2.0,1,0
899658,1,3,55,0.89,136663.0,117.86,0.68,2,7.0,1,0
726367,0,3,47,13.54,91263.0,103.16,0.63,2,4.0,1,0
675666,1,4,20,0.03,129656.0,101.86,0.46,3,4.0,1,0
395268,10,6,25,-1.62,1047983.0,119.2,0.22,3,1.0,2,0
638542,0,3,19,0.69,73064.0,90.0,0.51,2,2.0,1,0
316813,0,4,58,2.6,46053.0,106.78,0.7,2,5.0,1,0
915664,0,5,21,2.52,28894.0,96.09,0.52,2,2.0,1,0
805073,0,4,18,3.16,19273.0,112.45,0.64,2,6.0,1,0
50121,0,4,19,19.14,72874.0,104.07,0.58,3,5.0,1,0
773296,10,5,28,-14.59,974514.0,111.7,0.22,3,1.0,2,1
748681,1,3,21,5.01,146772.0,102.47,0.58,2,3.0,1,0
783691,10,7,28,0.99,1054351.0,131.61,0.21,3,4.0,3,1
547920,13,7,25,-0.15,944028.0,116.38,0.29,3,0.0,3,1
128004,14,6,25,-0.41,975831.0,109.14,0.19,4,0.0,3,1
685929,0,3,22,0.42,52065.0,93.98,0.5,2,2.0,1,1
143424,12,6,29,-6.76,986900.0,131.32,0.24,3,6.0,3,1
100980,12,7,30,-5.72,997483.0,128.06,0.27,4,4.0,3,1
722091,0,5,18,3.96,191235.0,97.43,0.4,3,1.0,2,1
385371,11,5,30,0.36,976901.0,131.61,0.38,3,5.0,2,0
125459,12,7,23,-21.38,985642.0,116.16,0.19,4,1.0,3,0
212870,14,7,24,15.89,990669.0,122.59,0.23,4,2.0,4,1
913783,0,1,19,9.15,104938.0,98.84,0.64,2,4.0,1,0
976967,11,8,31,-4.57,1003263.0,118.16,0.2,4,1.0,4,1
606103,9,10,35,-12.85,1011173.0,130.14,0.29,4,5.0,5,1
361509,11,7,26,-17.83,1065497.0,124.44,0.19,3,3.0,3,1
123462,1,4,21,4.91,103285.0,98.24,0.54,2,4.0,1,1
682159,0,2,20,0.76,127399.0,80.16,0.43,2,0.0,1,1
846448,13,5,33,-18.21,1091821.0,132.62,0.22,3,7.0,3,1
85622,13,7,23,-8.39,1079768.0,121.81,0.26,4,3.0,4,1
364128,0,5,39,3.88,81052.0,103.69,0.66,1,4.0,2,0
448488,7,4,50,3.47,167186.0,110.74,0.63,3,5.0,2,0
90322,0,5,19,9.51,24408.0,88.24,0.49,2,1.0,1,0
959681,0,3,51,1.59,36509.0,110.38,0.76,2,6.0,1,1
166031,1,5,20,19.05,149743.0,98.54,0.5,3,3.0,2,0
56475,14,6,27,6.21,1078590.0,126.88,0.19,4,4.0,4,1
226587,1,3,18,7.48,130150.0,106.97,0.56,2,5.0,1,0
889872,13,8,24,10.68,938462.0,129.5,0.34,4,5.0,4,1
185406,13,8,28,-6.9,1009754.0,122.62,0.34,4,2.0,5,1
862865,10,7,29,1.04,930602.0,119.05,0.27,3,3.0,2,1
5210,14,7,26,18.31,1012340.0,123.69,0.26,4,2.0,4,1
844770,3,4,40,7.33,84613.0,96.84,0.61,3,3.0,2,0
853130,12,5,26,-3.32,989498.0,129.94,0.32,3,6.0,2,1
202128,1,2,21,13.73,171163.0,92.57,0.52,2,3.0,1,0
493802,11,8,25,-19.93,1042216.0,119.63,0.22,3,2.0,4,1
44069,1,4,34,4.2,32536.0,110.89,0.6,2,6.0,1,0
479105,0,0,57,6.53,224480.0,100.78,0.61,2,4.0,1,0
877464,0,5,21,2.04,166432.0,102.05,0.56,2,4.0,2,1
576224,12,7,26,6.29,1020151.0,124.6,0.21,4,3.0,3,1
699637,1,2,20,10.04,85016.0,90.43,0.56,2,3.0,1,0
317140,0,4,20,9.76,98496.0,104.58,0.5,3,3.0,1,1
950546,1,4,21,3.04,107872.0,95.33,0.58,2,2.0,1,0
513250,2,4,21,1.66,64735.0,99.8,0.52,2,2.0,1,0
673486,0,5,54,1.82,212518.0,94.2,0.61,2,1.0,2,0
92710,0,3,41,1.71,19170.0,100.07,0.63,2,5.0,1,0
647705,11,7,31,-18.88,997995.0,120.16,0.21,4,1.0,3,1
559225,0,2,20,17.72,158718.0,91.27,0.42,1,1.0,1,0
735003,13,9,23,5.62,1145747.0,134.71,0.28,4,6.0,5,1
781928,0,3,44,2.11,147680.0,102.43,0.51,2,5.0,1,1
541906,1,4,48,0.38,93295.0,105.86,0.62,2,5.0,1,0
697710,12,7,27,-0.92,1049130.0,128.76,0.28,3,5.0,4,1
448708,0,3,47,8.01,152097.0,122.67,0.68,2,9.0,1,0
428850,0,5,21,8.9,96382.0,105.16,0.58,2,5.0,2,0
346521,0,5,19,3.93,145483.0,89.37,0.51,3,2.0,2,0
733911,0,4,41,3.2,140374.0,123.83,0.7,2,10.0,1,0
174747,14,8,32,-2.75,998343.0,124.6,0.35,4,4.0,5,0
776138,1,3,57,10.01,105979.0,83.99,0.59,3,0.0,1,0
636673,12,8,34,-3.96,935251.0,133.87,0.35,4,6.0,4,1
289085,3,4,20,2.35,69060.0,107.86,0.66,3,6.0,2,0
52061,0,4,19,6.76,188384.0,92.1,0.52,2,1.0,1,0
764559,11,6,30,-19.66,1001605.0,127.23,0.25,3,4.0,2,1
970093,11,6,25,-9.14,1008385.0,117.93,0.21,3,3.0,2,1
689952,0,2,44,8.06,105904.0,117.84,0.68,2,8.0,1,0
709753,14,7,27,-15.65,997183.0,134.46,0.3,4,7.0,4,1
934062,5,1,20,6.23,238419.0,115.34,0.55,3,6.0,1,0
258074,12,6,33,4.28,1085812.0,138.2,0.33,4,8.0,3,1
974165,0,5,20,3.49,87184.0,107.91,0.51,2,6.0,2,0
793108,11,9,28,-16.27,996650.0,129.02,0.18,3,5.0,5,1
825410,12,7,43,-16.48,979672.0,131.57,0.3,3,6.0,3,1
820773,0,5,20,7.12,112437.0,102.15,0.6,2,4.0,2,1
686624,0,4,44,8.68,54533.0,100.2,0.64,1,4.0,1,0
778702,0,4,54,15.08,84790.0,118.68,0.75,2,8.0,1,0
216571,1,2,53,1.0,78339.0,113.77,0.75,2,6.0,1,0
633136,2,5,22,1.34,111952.0,111.28,0.6,2,5.0,2,0
136220,12,6,24,7.83,950713.0,123.4,0.18,4,2.0,2,1
566822,11,8,32,-3.69,1087599.0,131.9,0.22,4,4.0,4,1
345329,12,7,24,5.78,945733.0,131.01,0.26,4,4.0,3,1
637102,0,4,21,9.26,76067.0,91.84,0.49,2,2.0,1,0
264369,11,6,29,-16.9,955478.0,134.47,0.35,4,8.0,2,1
485991,13,7,26,-4.71,1042864.0,120.93,0.15,3,1.0,4,1
788184,14,6,25,-5.25,933578.0,126.26,0.32,3,5.0,3,1
850066,11,5,29,-14.07,943308.0,121.69,0.24,3,2.0,2,1
945215,0,3,44,0.23,178689.0,111.95,0.7,2,7.0,1,0
89587,12,7,24,-0.36,1026593.0,129.03,0.27,3,3.0,3,1
121057,12,6,33,15.46,929125.0,132.75,0.29,3,7.0,2,1
178613,0,3,36,4.46,94813.0,89.48,0.57,2,1.0,1,0
685045,1,3,20,2.75,96303.0,98.15,0.63,2,4.0,1,0
721699,12,9,27,-22.95,1000377.0,130.22,0.26,4,5.0,5,0
550929,11,8,31,-22.26,1068450.0,127.64,0.29,4,4.0,4,0
21525,12,5,37,-10.95,1021430.0,122.37,0.2,3,2.0,2,1
677462,2,2,20,4.61,172849.0,98.83,0.47,3,2.0,1,0
298762,14,7,28,-4.57,970844.0,123.52,0.21,4,3.0,4,1
163509,14,5,27,-4.0,1024626.0,124.4,0.21,3,3.0,3,1
965441,13,5,32,-9.54,1061031.0,117.69,0.2,3,1.0,2,1
672374,3,0,20,1.69,65493.0,104.79,0.69,2,5.0,1,0
365255,1,3,19,4.4,116987.0,111.06,0.52,2,5.0,1,0
714073,0,4,57,0.96,99036.0,111.49,0.71,2,8.0,1,0
798961,0,3,20,31.06,93432.0,96.81,0.57,2,3.0,1,1
513213,0,2,19,0.44,132413.0,86.43,0.59,2,1.0,1,0
283513,0,4,20,2.2,146704.0,102.01,0.44,2,3.0,1,0
835588,12,6,28,-3.52,1019608.0,132.21,0.35,4,6.0,3,0
230199,0,3,45,4.47,69420.0,108.71,0.7,3,5.0,1,0
269779,10,6,23,-22.17,1071689.0,132.15,0.21,4,5.0,2,1
743722,12,6,28,-4.0,960613.0,123.77,0.25,3,2.0,2,1
231446,0,5,35,0.89,48348.0,108.48,0.67,2,4.0,1,0
455277,10,5,32,-7.15,945339.0,134.91,0.28,3,8.0,2,0
412745,4,3,19,3.79,115122.0,83.73,0.55,2,1.0,1,0
12586,0,3,49,2.88,195942.0,100.09,0.62,2,3.0,1,0
809671,0,4,51,8.28,147336.0,106.43,0.56,3,4.0,1,0
583950,11,6,31,-13.05,904708.0,121.85,0.26,3,3.0,2,0
876004,12,6,31,2.91,922357.0,128.12,0.25,4,5.0,2,0
580898,14,8,24,-13.13,1004460.0,130.96,0.3,4,5.0,5,1
601795,13,6,25,4.77,1022999.0,124.57,0.23,4,3.0,3,1
672767,0,1,19,3.51,96662.0,82.92,0.54,3,1.0,1,1
84035,0,4,22,1.41,92620.0,91.09,0.6,3,1.0,1,0
273811,10,7,28,-4.9,1052363.0,131.49,0.29,3,5.0,3,1
103717,0,4,18,2.24,121655.0,85.28,0.46,2,0.0,1,1
70626,10,7,27,8.99,1027515.0,128.69,0.27,4,4.0,3,0
113656,12,8,34,-9.06,1015488.0,118.96,0.17,4,1.0,4,1
564908,9,8,31,-4.93,934432.0,129.17,0.31,3,5.0,3,1
519592,11,8,25,-20.2,970993.0,118.67,0.23,3,1.0,4,1
980806,11,6,32,-3.12,1006252.0,122.76,0.28,3,3.0,2,1
829858,14,7,26,1.51,1016963.0,127.84,0.23,4,3.0,4,1
37816,0,5,39,2.81,50170.0,89.67,0.48,2,1.0,1,1
162262,1,4,49,7.03,158466.0,111.35,0.59,2,5.0,1,0
335456,11,7,28,-14.42,1013799.0,113.27,0.15,4,0.0,3,0
207873,11,7,23,-7.96,992121.0,127.11,0.25,3,4.0,3,1
824914,13,6,34,3.01,1047018.0,120.97,0.22,5,2.0,3,1
604822,1,4,19,4.1,113471.0,99.01,0.52,2,3.0,1,0
3385,12,7,23,3.08,1017722.0,129.65,0.24,4,4.0,3,1
736807,12,8,32,-3.0,1053567.0,133.75,0.29,3,5.0,4,1
386608,12,7,24,-15.73,982255.0,124.63,0.18,3,3.0,3,1
769504,11,6,27,-8.25,1014339.0,120.61,0.13,3,2.0,2,1
811706,1,3,43,0.73,60906.0,112.35,0.73,2,7.0,1,0
600709,1,3,21,5.17,113696.0,111.57,0.59,2,5.0,1,0
833247,12,7,26,-7.45,1060504.0,129.87,0.33,4,4.0,4,0
650988,12,8,35,-23.78,1088964.0,136.77,0.22,3,6.0,5,1
351885,0,3,54,1.87,30820.0,105.67,0.73,2,4.0,1,0
629378,10,5,28,2.89,937410.0,124.15,0.29,4,3.0,2,0
259035,0,3,20,5.51,46168.0,85.86,0.42,2,1.0,1,0
756491,11,8,34,-16.54,989273.0,124.63,0.24,4,3.0,4,1
989082,1,2,21,3.05,97413.0,104.49,0.6,2,5.0,1,1
251361,12,5,31,-21.69,981880.0,130.03,0.33,3,7.0,2,0
178424,12,9,28,17.59,1010378.0,120.64,0.22,4,1.0,5,1
716753,0,4,59,0.11,148829.0,103.98,0.71,3,4.0,1,0
149340,1,4,43,9.1,98897.0,104.23,0.56,3,4.0,1,0
816141,0,1,21,3.24,91200.0,83.3,0.49,3,1.0,1,0
564555,12,6,29,-3.62,952682.0,128.25,0.34,3,5.0,2,1
886914,4,3,20,2.35,38870.0,91.09,0.45,3,2.0,1,1
884330,0,3,21,1.52,150872.0,88.34,0.51,3,2.0,1,0
207264,11,6,25,0.06,1033483.0,123.1,0.19,4,3.0,2,1
986598,0,4,19,30.84,86684.0,85.34,0.53,3,1.0,1,0
863270,0,5,22,8.54,90280.0,103.66,0.55,3,4.0,2,0
572559,3,2,33,1.45,62237.0,103.88,0.68,2,5.0,1,0
883496,2,5,58,14.11,84312.0,118.11,0.69,3,7.0,2,0
620463,0,3,19,9.29,134733.0,108.57,0.62,2,6.0,1,0
760334,0,3,41,3.66,50000.0,107.76,0.66,2,6.0,1,0
300628,12,6,30,-13.64,1068297.0,131.6,0.27,4,5.0,3,1
231639,11,7,31,-12.15,1060475.0,129.58,0.28,3,5.0,3,1
508384,10,6,34,-7.04,951938.0,123.02,0.29,3,3.0,2,1
152292,13,7,29,-0.64,960230.0,129.22,0.22,4,4.0,3,0
478673,1,5,19,3.16,67752.0,102.66,0.61,2,4.0,2,0
388328,13,9,25,2.96,1017095.0,125.39,0.21,3,3.0,5,1
350613,0,3,22,7.44,155620.0,109.65,0.51,3,5.0,1,0
513455,3,3,33,1.72,12476.0,95.1,0.62,2,4.0,1,0
447911,13,7,30,0.96,908008.0,128.19,0.32,4,5.0,3,1
603392,12,5,23,-7.16,960853.0,128.45,0.33,3,6.0,2,1
434194,12,7,35,-2.9,983670.0,123.52,0.26,4,4.0,3,1
682044,10,6,25,-13.94,1049955.0,121.51,0.18,4,2.0,2,1
443355,12,6,29,-3.06,966133.0,124.6,0.25,3,3.0,2,0
945277,7,7,23,4.16,1034195.0,126.44,0.24,4,3.0,2,1
23867,12,6,30,-1.64,1028409.0,120.58,0.24,4,3.0,3,1
768056,0,4,21,2.07,151325.0,98.2,0.5,2,2.0,1,0
293294,13,5,29,-7.1,1010047.0,131.29,0.3,3,6.0,2,1
426355,0,4,20,15.01,136641.0,106.4,0.52,3,5.0,1,0
771107,0,3,21,14.56,73238.0,106.1,0.63,2,6.0,1,1
477662,0,3,19,5.02,192882.0,83.74,0.41,2,0.0,1,1
931112,11,6,26,5.24,967347.0,124.19,0.25,3,3.0,2,1
574462,12,7,32,-4.78,933866.0,115.6,0.21,3,1.0,3,1
907812,11,7,29,-13.22,1050657.0,128.31,0.29,4,4.0,3,1
501873,0,4,48,2.32,92421.0,122.51,0.72,2,10.0,1,0
539278,12,6,30,6.45,981697.0,124.19,0.27,3,3.0,3,1
681501,12,7,30,-8.28,1071412.0,128.84,0.17,3,4.0,4,0
413161,1,5,41,0.68,119299.0,117.48,0.63,1,5.0,2,0
263579,14,7,30,-17.69,1087341.0,127.63,0.22,4,3.0,5,1
599753,0,1,47,7.22,38542.0,103.1,0.7,2,6.0,1,0
625266,0,3,49,0.95,34334.0,92.97,0.62,2,5.0,1,0
449400,12,5,25,10.85,1009063.0,124.61,0.21,4,3.0,2,1
795415,0,3,42,5.6,95770.0,100.46,0.58,2,3.0,1,0
419569,2,2,21,9.15,165361.0,104.99,0.56,3,6.0,1,0
487087,3,4,21,11.59,139370.0,113.75,0.62,2,7.0,2,0
286163,2,3,19,5.11,34602.0,103.44,0.6,2,5.0,1,1
1130,14,7,33,-0.02,937023.0,124.72,0.23,4,3.0,4,1
431733,11,5,28,-9.5,1041461.0,126.09,0.27,3,4.0,2,1
449633,13,5,27,-27.24,1009437.0,115.8,0.21,4,0.0,2,1
692206,0,5,20,12.35,55024.0,85.54,0.58,2,2.0,1,1
788715,0,3,43,4.42,80698.0,113.79,0.7,3,8.0,1,0
682730,11,7,25,-11.66,975056.0,125.08,0.32,4,4.0,3,0
582526,1,3,43,4.64,106738.0,105.35,0.69,3,7.0,1,0
15573,2,4,20,13.63,105483.0,90.88,0.53,2,3.0,2,0
171055,14,10,32,4.05,1055628.0,125.81,0.16,4,2.0,5,1
288099,0,2,46,0.59,92918.0,100.29,0.7,2,5.0,1,0
761175,11,9,34,-14.61,1011977.0,131.12,0.28,4,3.0,5,1
961615,1,4,53,1.73,45778.0,114.02,0.78,3,8.0,1,0
414580,0,4,22,0.53,82524.0,101.91,0.65,3,4.0,1,0
329390,10,9,28,-4.35,994519.0,125.01,0.28,4,3.0,4,1
10691,0,5,50,4.78,233953.0,127.09,0.77,2,10.0,2,0
87725,12,7,28,-1.68,954701.0,130.94,0.29,4,6.0,3,1
618078,2,1,49,18.4,67868.0,109.5,0.71,2,6.0,1,0
710921,14,7,28,-0.84,1036311.0,125.42,0.27,4,3.0,4,1
989681,0,5,18,0.2,35902.0,93.5,0.57,2,3.0,1,0
496926,13,6,32,5.63,1048386.0,127.38,0.3,3,4.0,3,0
657551,11,8,24,1.2,1069697.0,122.25,0.21,3,2.0,4,1
480175,2,5,18,1.98,63512.0,92.21,0.56,3,2.0,2,1
926491,13,7,33,-10.91,1119027.0,124.53,0.24,4,2.0,4,1
60120,0,3,33,6.32,166903.0,113.42,0.64,2,6.0,1,0
294554,0,4,56,1.18,87094.0,113.95,0.67,2,6.0,1,1
781405,15,8,24,8.14,1050059.0,130.47,0.25,4,4.0,5,1
892135,0,3,37,11.22,4942.0,102.89,0.71,2,5.0,1,0
611114,1,3,20,8.33,50000.0,90.43,0.52,2,2.0,1,0
937424,3,3,38,5.07,76060.0,120.43,0.71,3,8.0,1,0
217835,11,6,24,-12.24,966782.0,128.61,0.23,3,4.0,2,1
657771,1,3,21,3.66,102910.0,83.94,0.43,2,0.0,1,0
70352,2,4,21,2.4,171131.0,96.94,0.5,2,2.0,2,1
450407,11,7,34,-12.38,1008887.0,128.11,0.22,3,4.0,3,1
620854,13,5,26,2.64,970052.0,123.51,0.16,3,2.0,2,1
400362,0,3,31,1.27,132927.0,105.67,0.7,3,5.0,1,0
922021,13,9,36,-15.86,985078.0,120.16,0.22,4,2.0,5,1
170854,11,6,32,-15.1,1025772.0,128.95,0.26,3,5.0,2,1
691681,10,6,29,-2.02,944152.0,118.16,0.2,4,1.0,2,0
857822,13,6,23,16.2,1012606.0,122.02,0.24,4,4.0,3,1
707235,13,8,26,8.09,1009766.0,124.17,0.19,4,3.0,5,1
775467,3,4,18,5.72,89382.0,83.04,0.56,2,0.0,2,0
732190,2,3,20,5.8,40862.0,94.78,0.69,2,3.0,1,0
587402,4,1,41,1.94,135873.0,98.84,0.69,2,4.0,1,0
885451,0,2,20,10.43,143463.0,87.84,0.53,2,1.0,1,0
931634,11,7,25,-0.99,956566.0,124.8,0.27,4,3.0,3,1
691260,12,5,25,-6.32,911851.0,122.82,0.3,4,4.0,2,1
798767,9,7,28,6.79,1121880.0,132.47,0.22,4,4.0,3,0
288769,2,3,20,0.53,179689.0,96.6,0.55,2,2.0,1,0
499443,2,1,21,10.23,170923.0,99.84,0.53,2,3.0,1,0
601196,1,5,36,11.13,149107.0,83.52,0.56,3,0.0,2,0
714931,0,4,18,22.25,75455.0,105.51,0.56,3,4.0,1,0
715796,5,5,21,9.64,43059.0,86.07,0.49,3,0.0,2,0
185258,12,7,27,-7.04,957570.0,124.98,0.3,4,4.0,3,1
489023,11,7,28,-1.73,1057369.0,129.81,0.23,3,4.0,3,1
279109,0,3,52,5.41,17568.0,115.2,0.75,2,8.0,1,0
715243,0,2,19,0.8,61659.0,95.94,0.59,2,4.0,1,0
107748,2,3,19,2.99,95435.0,79.64,0.46,3,0.0,1,0
713134,0,4,41,1.63,154808.0,111.8,0.62,3,7.0,1,0
138247,11,5,26,24.4,978666.0,122.05,0.22,3,3.0,2,1
807310,10,6,25,-8.34,931985.0,132.94,0.28,4,6.0,2,1
461990,0,3,32,5.24,138293.0,101.4,0.65,2,4.0,1,0
61423,11,6,30,-3.88,953589.0,127.32,0.22,4,4.0,2,1
898441,8,6,32,-7.45,943280.0,119.28,0.2,3,2.0,2,1
195289,1,4,22,2.89,155476.0,101.19,0.48,2,4.0,1,0
491183,9,7,33,-3.03,914451.0,118.9,0.23,3,2.0,2,1
195653,10,8,31,-6.95,970302.0,136.03,0.41,3,8.0,3,1
740874,0,4,20,9.37,160715.0,92.4,0.48,2,2.0,1,0
253358,14,6,28,-12.58,979653.0,111.95,0.2,4,1.0,3,1
556035,13,6,30,-20.45,1001652.0,125.3,0.22,4,3.0,3,1
969948,0,5,18,5.66,37199.0,88.52,0.44,2,1.0,1,0
126573,2,4,21,3.89,83367.0,91.72,0.57,2,3.0,1,0
230813,12,6,28,-9.69,942992.0,131.36,0.33,3,6.0,2,1
33620,10,6,29,2.18,963932.0,126.57,0.24,3,4.0,2,1
167460,12,5,28,-16.34,985978.0,126.3,0.27,3,3.0,2,1
729756,10,6,23,18.23,1032403.0,123.96,0.21,3,3.0,2,1
390073,1,1,19,7.4,158889.0,105.05,0.54,3,5.0,1,1
469209,0,4,51,2.08,171637.0,115.17,0.69,3,8.0,1,0
298028,13,6,28,13.68,1016715.0,129.94,0.26,3,5.0,3,1
560749,11,7,28,-10.92,971917.0,128.08,0.31,4,4.0,3,1
177076,9,8,37,-0.87,995444.0,130.69,0.32,4,4.0,3,1
233924,1,4,57,6.13,145866.0,122.86,0.75,3,9.0,1,0
619798,12,6,30,-4.99,1039432.0,119.59,0.21,4,0.0,3,1
439083,12,7,27,-3.35,962932.0,117.58,0.24,3,2.0,3,1
337571,11,6,35,-18.11,984233.0,118.76,0.25,4,1.0,2,1
212845,12,8,30,-2.87,1003282.0,127.12,0.22,3,4.0,4,1
988680,9,7,24,2.82,977847.0,129.94,0.24,3,5.0,2,1
480502,4,5,19,1.64,91279.0,95.79,0.48,2,2.0,2,0
409575,0,3,22,1.39,99371.0,109.25,0.52,2,4.0,1,0
967539,13,6,36,-14.44,1037652.0,126.52,0.19,3,4.0,3,0
426070,1,3,45,19.85,51851.0,95.95,0.63,2,3.0,1,0
2037,12,6,24,-16.44,1083501.0,130.71,0.27,3,4.0,3,1
301373,0,5,35,14.92,56801.0,107.87,0.67,3,5.0,1,0
464321,0,5,35,0.49,66524.0,101.83,0.62,3,4.0,1,0
531963,11,7,25,-14.24,1052441.0,122.98,0.15,4,1.0,3,1
828766,0,3,39,17.3,107415.0,109.68,0.72,2,5.0,1,0
716697,2,4,22,6.76,109866.0,112.63,0.68,3,6.0,2,0
933245,1,4,18,6.14,171114.0,101.0,0.57,2,2.0,2,0
676031,6,7,28,-1.53,962174.0,131.62,0.3,3,6.0,2,1
190258,0,2,22,2.72,23320.0,106.7,0.65,2,6.0,1,0
53271,13,7,24,-13.86,961234.0,134.84,0.36,4,8.0,3,1
700801,13,8,32,-15.23,1075005.0,132.45,0.29,4,5.0,5,0
80834,13,6,33,3.64,963537.0,127.59,0.29,4,4.0,3,1
91044,1,3,42,4.72,173637.0,127.76,0.85,2,10.0,1,0
30882,9,5,24,-8.19,993223.0,122.64,0.21,3,4.0,2,1
501346,1,3,22,4.63,127813.0,99.35,0.56,2,4.0,1,0
566605,11,7,27,-26.94,956429.0,127.07,0.29,4,4.0,3,1
483484,1,2,21,5.26,39444.0,88.22,0.55,2,2.0,1,0
358776,0,4,19,16.04,26680.0,92.91,0.63,2,3.0,1,0
490702,13,6,23,-7.92,974051.0,115.05,0.16,3,1.0,3,1
573602,0,3,22,2.28,114570.0,89.02,0.53,2,1.0,1,0
800594,11,6,26,2.65,1030616.0,121.34,0.24,4,3.0,2,1
798793,12,7,23,-0.56,1002767.0,129.11,0.21,5,4.0,3,1
674713,1,4,20,6.21,115886.0,85.61,0.49,2,0.0,1,1
317146,11,7,35,-5.2,1019020.0,134.89,0.36,4,6.0,3,1
682309,2,2,39,7.61,4683.0,94.84,0.69,2,4.0,1,0
833353,0,4,35,0.84,75873.0,120.47,0.68,2,8.0,1,0
8342,11,9,28,-3.13,1012976.0,135.47,0.35,3,7.0,5,1
556646,0,0,20,5.02,70229.0,89.18,0.55,2,2.0,1,1
202997,0,5,33,0.35,141452.0,103.91,0.47,3,3.0,2,0
103774,0,4,57,18.63,33225.0,117.98,0.74,2,7.0,1,1
909253,0,1,19,19.4,77242.0,107.03,0.61,2,5.0,1,1
259626,13,8,29,16.48,1103195.0,130.5,0.16,3,4.0,5,0
424850,12,6,25,-22.47,937265.0,112.04,0.25,4,0.0,2,1
865821,13,6,38,-14.01,930291.0,124.4,0.27,4,3.0,3,1
721863,2,1,37,1.69,118399.0,104.57,0.72,3,5.0,1,0
520053,0,4,56,4.84,92086.0,122.88,0.78,2,9.0,1,0
740802,13,6,25,16.91,974895.0,135.99,0.29,3,7.0,3,1
585214,9,8,26,-9.11,998122.0,141.23,0.44,3,10.0,3,1
307376,0,3,42,3.33,110281.0,115.55,0.61,2,6.0,1,1
440767,1,3,21,4.66,190613.0,95.87,0.56,3,2.0,1,1
74597,13,6,30,0.47,1077984.0,133.99,0.34,3,7.0,3,0
788713,1,4,37,4.48,53212.0,100.24,0.61,3,3.0,1,1
578079,0,2,36,7.95,146988.0,100.94,0.57,3,4.0,1,1
157332,8,5,32,2.99,1026016.0,128.92,0.27,3,5.0,2,1
83134,12,10,35,-4.77,994998.0,134.01,0.34,4,5.0,5,1
488592,2,3,21,5.42,177530.0,92.89,0.44,2,0.0,1,1
60427,1,5,19,4.16,162206.0,109.84,0.44,2,5.0,2,0
275614,11,7,26,8.84,959448.0,128.11,0.34,4,4.0,3,0
587697,1,3,21,4.54,78797.0,91.01,0.52,2,2.0,1,0
756104,0,3,44,6.2,102187.0,89.08,0.54,2,3.0,1,1
488790,1,4,21,4.7,61220.0,94.81,0.59,2,2.0,1,0
146317,0,5,19,3.12,65277.0,112.27,0.65,2,6.0,1,0
317498,12,7,33,-7.89,990046.0,119.39,0.21,4,0.0,3,0
95764,1,2,21,5.82,91913.0,83.73,0.4,2,0.0,1,1
703553,12,6,35,4.52,1064918.0,133.91,0.29,4,6.0,3,1
716166,2,3,45,3.97,137638.0,94.28,0.61,3,3.0,1,0
689523,0,5,32,2.37,86077.0,94.48,0.53,2,2.0,2,0
749660,0,1,35,2.08,125668.0,78.18,0.48,2,0.0,1,0
909008,12,7,27,-1.06,1058665.0,120.94,0.22,4,0.0,4,1
271223,1,4,19,0.38,4221.0,108.69,0.61,1,5.0,1,0
625135,10,8,27,-24.45,1042271.0,115.23,0.23,3,1.0,4,1
697021,0,4,55,5.64,63771.0,100.47,0.65,2,4.0,1,0
279518,1,4,40,9.07,70063.0,93.82,0.64,2,2.0,1,1
976513,0,3,43,13.75,98132.0,98.44,0.58,2,4.0,1,1
921766,0,5,33,1.6,63253.0,118.36,0.67,3,9.0,1,1
59726,2,4,19,6.58,191874.0,93.26,0.5,2,2.0,2,0
587063,0,4,20,16.51,154754.0,88.44,0.42,2,0.0,1,0
971206,0,0,20,21.91,65013.0,99.27,0.6,3,5.0,1,0
288265,13,6,28,3.33,1033506.0,133.68,0.34,3,5.0,3,1
287153,13,6,25,8.23,1028941.0,126.21,0.25,3,4.0,3,1
256607,13,6,23,-10.22,982061.0,117.05,0.25,4,2.0,3,1
688830,0,2,37,2.55,96989.0,113.79,0.6,2,6.0,1,0
77706,0,3,18,4.36,89262.0,91.62,0.51,2,1.0,1,0
647343,11,5,27,-10.47,971102.0,138.69,0.29,3,10.0,2,1
613782,0,4,20,0.38,114044.0,85.3,0.41,2,0.0,1,0
907615,2,3,20,2.09,120737.0,100.35,0.49,2,2.0,1,0
154667,13,6,30,-3.03,1029301.0,124.2,0.24,3,4.0,3,1
828946,1,4,60,8.41,30226.0,104.45,0.74,2,6.0,1,0
197078,0,4,21,2.88,16475.0,96.31,0.58,3,4.0,1,1
97664,0,3,59,0.91,102794.0,89.0,0.65,2,0.0,1,0
303561,7,6,33,-9.85,1011103.0,129.13,0.24,4,4.0,2,1
18067,10,6,33,-2.61,1008228.0,124.66,0.3,3,4.0,2,0
716131,12,7,23,4.01,1064005.0,119.97,0.18,4,0.0,4,1
511681,11,9,28,-10.22,1018112.0,122.98,0.27,4,2.0,5,1
315471,12,6,23,-4.71,1004825.0,122.18,0.23,3,3.0,3,1
281403,0,4,45,10.94,137015.0,117.18,0.73,3,7.0,1,0
354000,0,3,49,2.47,82233.0,100.74,0.68,2,5.0,1,0
223263,13,5,26,-2.91,983789.0,112.32,0.21,4,1.0,2,0
422682,11,7,25,-20.07,946869.0,128.85,0.23,3,4.0,3,1
971201,5,5,36,5.75,146905.0,98.12,0.59,2,3.0,2,1
202125,12,6,28,-10.25,977700.0,126.77,0.32,3,4.0,2,1
223365,13,8,29,-10.0,993129.0,136.63,0.32,3,7.0,4,1
989005,0,4,21,14.1,91425.0,106.68,0.55,2,5.0,1,1
39495,12,7,31,-8.8,997857.0,130.67,0.28,4,5.0,3,1
512314,12,7,31,-5.53,1014826.0,121.22,0.27,4,3.0,3,1
416339,13,6,28,-6.49,1063688.0,127.75,0.25,4,4.0,3,0
92677,0,2,32,3.74,185050.0,97.36,0.44,3,3.0,1,0
977104,0,5,20,4.72,41749.0,113.84,0.6,2,6.0,1,0
521456,1,4,45,10.77,202982.0,104.35,0.57,2,4.0,2,1
283977,1,3,36,2.38,83232.0,102.74,0.67,2,3.0,1,1
394336,0,3,56,6.01,129732.0,98.55,0.69,3,4.0,1,0
961847,12,9,34,1.15,1005550.0,131.05,0.2,3,4.0,5,1
167386,1,5,31,16.74,194035.0,82.36,0.43,3,1.0,2,1
824391,10,7,33,7.51,1015993.0,125.11,0.27,4,4.0,3,1
234388,0,3,19,4.38,144642.0,81.28,0.45,2,0.0,1,1
44709,12,5,30,-3.9,960744.0,131.15,0.33,4,6.0,2,1
313454,0,3,18,13.75,93474.0,101.26,0.58,2,5.0,1,0
110785,0,2,37,0.34,125416.0,96.01,0.62,2,3.0,1,1
573180,2,4,56,9.83,186299.0,127.16,0.82,2,10.0,2,0
131954,10,9,31,-8.88,1042020.0,129.15,0.19,3,3.0,5,0
356336,1,4,34,2.2,60072.0,109.15,0.65,2,5.0,1,0
855179,1,4,37,3.94,52482.0,106.19,0.63,3,5.0,1,1
979552,1,4,59,7.33,129285.0,109.06,0.68,2,5.0,1,1
171691,10,7,31,-2.67,1019206.0,124.07,0.23,4,3.0,3,0
123722,11,7,28,-1.2,1012906.0,120.33,0.23,4,2.0,3,1
682346,1,4,46,7.0,136483.0,120.03,0.66,1,7.0,1,0
822902,0,3,19,0.87,60351.0,104.09,0.56,2,4.0,1,0
373080,0,2,20,11.15,49914.0,81.72,0.52,2,2.0,1,0
457332,2,4,49,8.81,79930.0,103.13,0.68,3,5.0,1,0
307898,1,4,40,0.06,52283.0,90.38,0.63,3,3.0,1,0
546956,0,5,20,0.73,124932.0,92.02,0.43,2,1.0,2,0
771296,3,3,45,0.52,143984.0,117.78,0.73,2,6.0,1,0
473368,12,6,30,10.35,1006475.0,130.43,0.29,4,5.0,3,0
204871,0,4,47,1.02,182264.0,113.77,0.63,2,7.0,1,0
784611,2,1,21,6.91,113317.0,93.87,0.58,3,4.0,1,0
946613,13,6,28,-3.6,1029930.0,132.86,0.22,4,7.0,3,1
758135,0,2,43,7.03,110598.0,112.54,0.69,2,6.0,1,0
957906,0,5,48,20.34,122441.0,131.95,0.8,3,12.0,2,0
167291,0,4,51,4.36,93286.0,113.3,0.67,2,6.0,1,0
272065,13,5,30,-4.06,965470.0,130.82,0.28,4,5.0,2,1
445403,13,6,23,-6.91,913774.0,123.11,0.27,4,3.0,2,1
833253,14,5,29,-5.45,969465.0,114.05,0.21,3,1.0,2,0
693390,13,5,29,-17.93,1013601.0,129.24,0.21,4,5.0,2,0
586930,0,4,18,6.77,49651.0,82.85,0.58,3,2.0,1,1
644266,0,4,43,1.47,14660.0,112.55,0.7,2,6.0,1,0
499485,2,4,40,11.69,104189.0,93.45,0.54,2,2.0,2,0
782491,12,6,23,-16.11,951433.0,122.56,0.31,4,3.0,2,1
669081,13,7,23,7.14,1079686.0,116.14,0.13,4,0.0,4,1
236338,11,9,32,10.66,1016289.0,126.29,0.34,4,3.0,5,1
774997,13,5,30,-16.0,964735.0,130.05,0.26,4,4.0,2,1
247247,0,5,57,5.23,90878.0,113.57,0.71,2,7.0,2,0
519089,1,3,21,0.55,70330.0,95.27,0.55,2,3.0,1,0
378958,2,4,31,7.19,94203.0,112.26,0.61,2,5.0,1,0
814864,11,9,32,-22.94,977054.0,128.38,0.26,3,3.0,5,1
643277,11,6,26,-3.37,953316.0,116.56,0.18,3,1.0,2,1
645774,14,8,32,3.23,1019932.0,125.21,0.22,3,4.0,5,0
58610,8,7,24,-5.72,976310.0,125.64,0.19,4,4.0,2,1
953214,12,8,32,-12.89,1032974.0,127.85,0.22,4,3.0,4,1
94056,12,5,32,-10.73,975750.0,128.89,0.42,4,6.0,2,0
589104,12,7,23,-4.99,1006962.0,112.47,0.13,3,0.0,3,0
804932,9,6,25,9.95,952549.0,124.12,0.27,3,4.0,2,1
59656,0,2,49,6.14,77598.0,102.95,0.62,2,5.0,1,0
928419,0,5,22,4.98,38178.0,117.8,0.67,2,7.0,1,0
210579,1,2,20,10.04,55460.0,114.03,0.67,2,8.0,1,1
605897,0,1,22,3.74,93699.0,102.88,0.65,2,4.0,1,1
868052,0,2,22,11.28,74290.0,87.87,0.57,2,1.0,1,1
689371,12,7,24,6.39,1030457.0,121.33,0.17,4,2.0,3,1
51469,9,6,24,-11.19,1083712.0,127.22,0.2,3,3.0,2,1
191944,12,8,27,-5.11,1009037.0,132.6,0.32,4,6.0,4,1
160871,1,3,18,12.53,115224.0,103.08,0.46,2,4.0,1,1
903424,13,6,25,-9.67,964398.0,119.49,0.25,4,2.0,3,1
555697,0,2,39,4.28,58460.0,104.28,0.67,2,5.0,1,0
613243,0,3,20,14.77,50000.0,86.88,0.55,2,1.0,1,0
372562,0,4,60,4.72,99598.0,109.01,0.72,2,6.0,1,1
826042,0,3,54,12.66,123595.0,122.71,0.75,3,10.0,1,1
776267,0,3,20,10.61,93159.0,99.2,0.58,3,3.0,1,1
596792,1,3,54,3.56,102733.0,112.62,0.68,2,8.0,1,0
383955,12,7,31,-7.35,956715.0,134.43,0.35,4,7.0,3,1
520673,11,5,29,-3.48,956433.0,137.48,0.42,3,9.0,2,0
889855,0,5,22,7.89,82736.0,108.29,0.53,2,3.0,2,0
908859,11,6,30,0.68,1020989.0,133.82,0.27,4,8.0,2,1
461557,8,9,35,-2.85,978714.0,131.92,0.43,4,6.0,3,1
928013,12,9,30,-5.17,1031387.0,133.84,0.39,3,7.0,5,1
152286,0,4,58,13.96,111469.0,110.69,0.62,4,5.0,1,0
816183,10,5,28,0.33,1001718.0,129.14,0.27,4,5.0,2,1
46845,1,5,47,11.63,58238.0,119.65,0.75,2,8.0,2,0
602335,1,4,38,0.19,101854.0,103.25,0.62,2,5.0,1,1
937937,1,1,19,0.56,55617.0,104.49,0.57,2,6.0,1,0
562765,2,3,37,1.0,160877.0,104.41,0.57,4,4.0,1,0
378226,2,4,44,0.8,102802.0,119.66,0.74,2,8.0,2,0
146333,1,4,41,9.23,95190.0,108.94,0.72,3,7.0,1,1
249310,0,4,47,4.5,88650.0,105.21,0.67,2,5.0,1,0
139457,0,4,34,4.44,123386.0,106.83,0.64,3,5.0,1,0
28142,0,2,40,13.14,150883.0,94.2,0.58,3,3.0,1,0
563029,12,7,24,3.82,998594.0,120.07,0.17,4,2.0,3,0
12821,12,6,25,-11.85,1044268.0,120.4,0.26,3,2.0,3,1
154505,12,8,28,-30.37,1054762.0,127.44,0.18,3,3.0,4,1
228202,1,3,57,12.07,55385.0,106.58,0.73,3,5.0,1,0
407550,13,6,32,-24.15,938656.0,123.58,0.33,3,4.0,3,1
228799,0,5,47,6.36,138414.0,122.17,0.72,2,8.0,2,0
31861,13,6,29,8.62,1046747.0,123.3,0.2,3,3.0,3,1
363334,13,6,23,-2.58,1000169.0,132.24,0.31,5,7.0,3,1
373541,1,3,20,5.85,25225.0,83.73,0.48,2,1.0,1,0
282425,13,6,28,3.67,1025330.0,115.54,0.21,3,0.0,3,1
754500,0,3,45,2.41,85695.0,81.55,0.5,2,0.0,1,0
298137,13,5,25,-13.32,871217.0,115.79,0.32,4,2.0,2,0
275580,14,5,29,-6.34,967328.0,115.4,0.21,3,2.0,2,1
487596,12,7,31,-8.92,997682.0,119.61,0.21,4,2.0,3,1
165485,11,5,39,1.12,997803.0,130.09,0.31,4,5.0,2,1
940601,12,6,34,-25.96,944522.0,133.25,0.36,3,6.0,2,1
22530,14,6,36,13.42,1006606.0,135.17,0.34,4,6.0,3,1
97281,13,7,28,3.1,914648.0,129.22,0.29,3,6.0,3,1
473804,1,2,41,0.93,50000.0,113.72,0.75,2,8.0,1,1
135554,3,2,18,1.3,81767.0,95.99,0.66,3,4.0,1,1
458657,10,7,35,-4.48,979160.0,118.06,0.21,4,2.0,3,0
349625,13,7,31,-5.05,1043024.0,127.52,0.24,4,4.0,4,1
139840,0,2,18,2.03,115246.0,104.89,0.59,2,4.0,1,0
411981,12,6,24,-0.14,1066275.0,128.13,0.24,3,4.0,3,1
897723,10,6,28,7.95,998712.0,124.53,0.21,4,2.0,2,1
333126,3,4,49,6.64,148086.0,116.86,0.69,2,7.0,2,0
365052,0,3,45,1.18,84816.0,117.04,0.79,2,8.0,1,0
931235,12,6,29,-10.88,1010166.0,129.6,0.26,3,6.0,3,1
147186,13,8,29,-10.48,930598.0,133.52,0.32,4,6.0,4,0
35348,0,3,19,3.15,152260.0,108.39,0.47,3,4.0,1,0
684086,1,4,18,2.42,143492.0,104.26,0.57,1,5.0,1,0
980820,13,7,23,-5.6,972939.0,124.74,0.23,4,5.0,3,1
93011,12,6,26,-1.27,961180.0,129.51,0.31,4,5.0,2,1
538304,2,3,18,10.02,133717.0,102.18,0.48,2,4.0,1,0
562348,0,4,59,8.73,63936.0,99.46,0.72,2,5.0,1,1
139439,12,7,33,-13.11,1005658.0,131.82,0.35,4,6.0,3,0
351142,11,6,33,6.72,940410.0,128.91,0.28,4,5.0,2,0
11527,11,8,30,-13.01,984557.0,132.18,0.27,4,6.0,4,1
641256,0,4,22,12.85,24728.0,80.39,0.53,2,1.0,1,0
1403,10,6,24,-3.85,995035.0,123.78,0.22,4,3.0,2,0
263335,12,8,27,-9.25,955236.0,133.26,0.32,3,6.0,4,0
514675,15,6,33,-27.93,1030735.0,133.47,0.28,3,7.0,4,1
912073,11,7,33,1.84,938271.0,117.71,0.17,3,1.0,3,1
881870,0,5,31,8.09,81479.0,104.88,0.62,2,5.0,2,0
846071,12,6,31,6.61,1039915.0,121.79,0.24,4,2.0,3,1
615661,10,7,32,-15.98,901484.0,130.83,0.3,4,4.0,2,1
561312,15,7,23,7.06,1105037.0,116.52,0.18,4,1.0,5,1
162264,0,2,56,6.86,96610.0,110.11,0.74,3,6.0,1,1
221804,11,8,25,2.15,1084221.0,132.5,0.25,4,6.0,4,0
164454,13,7,26,-15.93,943552.0,120.57,0.2,4,2.0,3,1
943769,3,2,21,6.82,79431.0,92.95,0.47,2,3.0,1,1
7224,0,3,40,1.96,105304.0,109.18,0.64,2,5.0,1,0
598135,3,3,21,4.5,79754.0,92.53,0.51,2,1.0,1,0
238133,11,7,28,-27.9,1016519.0,122.64,0.2,4,4.0,3,0
288902,12,10,36,8.13,984900.0,126.04,0.24,3,3.0,5,1
968430,2,5,32,11.44,188897.0,93.65,0.57,1,1.0,2,0
175780,0,4,51,4.07,103610.0,120.48,0.72,2,8.0,1,0
425196,12,8,25,-21.71,1052839.0,127.93,0.23,4,4.0,4,1
491879,1,1,22,1.03,67011.0,114.46,0.64,1,7.0,1,0
803627,0,4,22,12.92,149058.0,103.49,0.61,3,3.0,1,1
658540,11,8,36,-9.5,989407.0,134.2,0.31,4,7.0,4,0
394495,0,4,58,12.29,58570.0,100.89,0.72,2,4.0,1,1
531892,11,9,26,-21.04,928612.0,122.3,0.18,4,1.0,4,1
8932,12,6,32,-8.89,1080881.0,131.46,0.28,3,6.0,3,1
544036,1,3,20,10.13,115292.0,104.67,0.58,3,4.0,1,0
938368,0,4,52,6.14,116130.0,95.71,0.55,3,3.0,1,0
106830,11,8,24,-14.12,993198.0,132.94,0.35,4,6.0,4,1
788806,14,7,24,-2.17,942187.0,125.23,0.28,4,4.0,4,1
126325,11,7,39,-5.42,915809.0,130.25,0.37,4,6.0,3,1
305316,0,3,22,4.05,28000.0,83.09,0.57,2,1.0,1,0
127259,0,1,20,7.48,134459.0,100.61,0.49,2,3.0,1,0
545601,0,1,20,5.33,104515.0,111.9,0.55,2,6.0,1,0
259114,13,7,32,-9.63,961797.0,132.77,0.34,4,7.0,3,1
536424,10,6,26,-1.59,1006003.0,123.62,0.25,3,1.0,2,1
199531,0,5,22,1.07,28812.0,88.22,0.55,3,2.0,1,1
498852,12,8,34,17.39,997875.0,125.76,0.25,4,2.0,4,1
265534,0,3,19,2.24,102137.0,82.36,0.48,2,0.0,1,0
381989,0,5,20,4.98,180346.0,109.61,0.48,2,4.0,2,0
352168,4,5,52,10.43,117098.0,123.03,0.73,3,10.0,2,1
111938,13,8,30,4.99,1001835.0,131.3,0.31,3,5.0,5,1
761070,0,4,44,3.65,77235.0,105.37,0.7,1,5.0,1,0
612063,13,8,26,-6.53,944776.0,120.46,0.18,4,2.0,4,0
184228,3,3,22,3.87,78631.0,109.8,0.55,2,4.0,1,0
517221,0,5,22,4.56,63946.0,111.73,0.62,2,6.0,1,0
27950,0,5,44,6.92,62556.0,101.72,0.65,2,5.0,1,0
662064,10,5,28,-9.5,960347.0,123.83,0.21,3,3.0,2,0
610632,13,7,25,-8.49,990572.0,123.88,0.22,4,3.0,4,1
198218,0,5,54,16.38,22768.0,108.05,0.73,2,6.0,1,1
600327,12,5,25,5.21,993621.0,120.04,0.19,3,1.0,2,1
613753,0,3,19,5.43,38336.0,94.56,0.53,1,2.0,1,1
422537,13,5,29,0.85,985184.0,128.96,0.27,4,5.0,2,1
345433,13,6,31,20.95,977010.0,127.0,0.26,4,4.0,3,1
114044,11,7,30,-10.63,998330.0,125.44,0.19,3,3.0,3,1
476310,12,9,32,12.78,1006368.0,137.29,0.34,3,7.0,5,1
346302,11,7,29,1.64,1059288.0,126.52,0.27,3,4.0,3,1
533995,0,3,19,2.96,162527.0,93.85,0.49,2,3.0,1,0
998041,12,7,25,-18.84,1023374.0,126.44,0.24,4,3.0,3,1
388150,1,4,19,19.14,154267.0,98.67,0.52,2,3.0,1,0
366332,11,9,24,-3.39,950270.0,120.67,0.22,3,2.0,4,1
492090,9,9,33,5.99,1002341.0,123.29,0.24,3,2.0,4,1
551656,13,7,27,-0.36,996128.0,130.25,0.37,4,5.0,4,1
858654,2,3,21,5.88,48129.0,85.43,0.58,1,1.0,1,0
796700,1,4,21,11.87,137639.0,103.3,0.58,2,3.0,1,1
405176,0,2,21,7.01,160554.0,89.13,0.5,3,3.0,1,0
791179,13,6,28,5.7,1094228.0,128.81,0.2,4,4.0,3,1
496149,0,2,22,10.42,93460.0,83.22,0.51,2,1.0,1,0
616270,2,4,21,4.56,43827.0,88.17,0.51,2,2.0,1,0
691206,12,8,24,-8.3,1063567.0,128.45,0.24,3,3.0,5,1
461292,0,3,19,4.89,127234.0,89.35,0.43,1,1.0,1,0
250888,13,5,24,-17.98,982096.0,137.34,0.27,4,8.0,2,1
753379,13,6,30,4.44,1061431.0,117.47,0.23,4,1.0,3,1
235767,12,7,34,-16.74,1000168.0,123.02,0.2,4,2.0,3,1
32403,11,7,24,-0.13,959069.0,120.31,0.23,4,2.0,3,0
711778,12,8,36,2.96,948250.0,128.6,0.3,4,3.0,4,1
880347,0,4,50,2.46,30581.0,115.78,0.75,2,7.0,1,0
584639,13,6,23,-0.32,1078339.0,126.08,0.24,3,4.0,3,1
357572,4,4,21,7.59,25346.0,86.99,0.44,2,1.0,2,0
979945,1,3,18,2.25,59401.0,83.74,0.41,1,0.0,1,0
793458,1,3,22,7.76,200220.0,89.04,0.4,3,0.0,1,1
473060,11,6,29,3.55,1120106.0,131.83,0.23,4,4.0,3,1
608782,1,2,45,3.41,82494.0,100.99,0.7,2,4.0,1,0
195299,1,3,21,14.39,94631.0,103.08,0.73,2,6.0,1,0
136221,0,3,47,2.66,142950.0,118.17,0.68,3,8.0,1,1
562661,13,7,29,-4.93,1072655.0,131.19,0.28,4,5.0,4,1
328637,13,6,27,2.12,903250.0,126.98,0.3,4,5.0,2,1
31696,2,4,53,1.38,114004.0,107.05,0.71,3,4.0,2,1
600703,0,0,18,6.31,115341.0,83.92,0.47,2,1.0,1,1
357258,13,6,28,-19.21,1074321.0,117.25,0.17,4,0.0,3,0
891640,11,10,29,-14.95,930098.0,135.66,0.37,3,6.0,5,1
577458,13,6,26,5.51,1105154.0,129.52,0.24,3,4.0,3,1
981103,11,7,33,-7.88,1019681.0,133.42,0.29,4,6.0,3,1
476063,14,8,24,-2.21,990925.0,129.76,0.31,4,4.0,5,0
263388,3,3,37,9.25,81824.0,101.51,0.59,2,4.0,1,1
73536,2,5,34,15.14,115459.0,103.5,0.58,2,4.0,2,0
509059,12,6,34,8.64,977954.0,125.19,0.31,3,4.0,2,1
696422,2,4,21,0.22,91717.0,100.46,0.6,2,4.0,1,0
400790,0,5,20,1.63,120455.0,100.02,0.45,3,2.0,2,0
455012,1,3,31,3.02,162629.0,111.57,0.58,2,5.0,1,1
302570,0,4,54,6.17,107071.0,114.86,0.71,3,6.0,1,0
564238,0,3,50,7.4,133679.0,114.96,0.74,2,8.0,1,0
634403,11,7,30,-11.95,1040196.0,132.91,0.32,4,6.0,3,1
46059,0,5,21,13.66,41822.0,88.57,0.56,2,1.0,1,0
186806,0,4,22,1.76,46253.0,92.51,0.54,2,3.0,1,0
639053,1,3,18,2.94,120215.0,108.59,0.57,2,5.0,1,0
518073,0,4,48,2.03,64016.0,108.7,0.72,2,5.0,1,0
477427,1,3,21,1.83,185070.0,112.42,0.48,2,5.0,1,0
739566,4,4,54,6.67,127306.0,107.14,0.68,2,5.0,2,0
937096,13,8,28,10.43,843210.0,126.44,0.3,3,3.0,4,1
99422,12,9,23,-6.84,993114.0,123.55,0.22,5,3.0,5,1
958826,11,5,31,-21.87,1001501.0,131.98,0.29,4,6.0,2,1
997156,13,7,38,16.03,1020615.0,127.01,0.29,3,5.0,4,0
790671,2,3,20,2.63,223397.0,81.71,0.36,2,0.0,1,0
677565,1,4,51,12.26,75313.0,111.16,0.77,2,6.0,1,0
393995,12,10,35,-3.13,955379.0,134.24,0.44,4,6.0,5,1
27247,0,4,54,9.37,131673.0,105.88,0.6,2,4.0,1,0
607526,13,5,25,3.42,1028091.0,127.12,0.23,4,5.0,2,0
305302,13,7,29,-15.85,931689.0,115.66,0.26,4,1.0,3,1
761790,4,2,38,7.84,82572.0,94.4,0.59,2,3.0,1,0
268822,11,6,23,7.27,1066773.0,124.32,0.19,4,2.0,3,0
59212,12,6,27,-5.07,1071392.0,123.29,0.18,4,1.0,3,1
316376,0,5,19,5.51,91375.0,96.43,0.49,2,2.0,2,0
103616,0,3,20,2.13,50000.0,77.87,0.47,2,1.0,1,0
90306,0,4,46,17.03,120739.0,122.96,0.79,2,9.0,1,0
532237,13,6,23,-20.54,992773.0,128.33,0.25,4,5.0,3,1
890752,11,7,32,-2.2,1070644.0,129.18,0.26,3,3.0,3,1
943014,12,9,31,-1.21,945095.0,129.48,0.31,3,6.0,5,0
213423,1,3,44,15.77,103278.0,104.0,0.58,2,5.0,1,0
978861,14,6,29,-6.21,1014940.0,123.53,0.22,4,2.0,3,1
8847,12,6,35,5.77,911838.0,131.17,0.27,3,5.0,2,0
215464,11,6,23,-25.71,975341.0,132.89,0.27,4,6.0,2,1
580889,0,4,33,8.52,57905.0,101.83,0.6,2,4.0,1,0
151470,13,5,23,7.25,991524.0,131.14,0.29,3,6.0,2,1
131400,0,3,54,4.14,93993.0,105.92,0.71,2,6.0,1,0
80447,2,3,19,7.15,78252.0,87.94,0.48,2,2.0,1,0
352,0,5,37,1.43,105679.0,109.12,0.61,2,5.0,2,0
938065,1,3,19,5.25,50000.0,104.92,0.66,2,5.0,1,0
108841,11,5,34,4.95,948199.0,131.06,0.38,4,6.0,2,1
935030,12,7,36,16.85,1027203.0,114.63,0.17,4,0.0,3,1
562760,0,4,34,1.7,124801.0,106.01,0.7,3,6.0,1,0
305578,10,6,23,7.87,958569.0,127.29,0.25,3,4.0,2,1
599674,12,5,27,-16.81,1056464.0,116.67,0.19,4,1.0,2,1
398738,11,6,32,-5.14,1004350.0,132.02,0.31,4,7.0,2,1
719715,12,6,31,-22.56,979088.0,112.3,0.19,3,0.0,3,1
603950,1,3,35,9.9,130810.0,117.83,0.66,2,7.0,1,0
697359,10,7,26,9.16,984589.0,126.32,0.32,3,4.0,3,1
353029,9,5,26,-31.93,947912.0,121.84,0.21,4,4.0,2,1
981704,1,4,35,14.44,86331.0,96.63,0.51,2,3.0,1,0
801922,3,2,21,15.08,47362.0,92.78,0.65,2,1.0,1,0
507535,3,4,21,6.89,87830.0,117.3,0.65,3,8.0,2,0
471454,1,2,18,10.56,147483.0,83.7,0.45,2,0.0,1,0
634914,0,4,19,4.25,166099.0,96.25,0.56,2,2.0,1,0
514027,2,4,18,11.56,104592.0,99.88,0.54,2,4.0,2,1
507809,14,5,23,-16.27,942055.0,125.2,0.22,3,5.0,2,1
212677,0,2,41,3.05,71439.0,111.54,0.7,2,8.0,1,0
733955,12,6,25,-13.9,1145858.0,132.56,0.23,4,5.0,3,1
871028,1,3,20,11.7,106208.0,105.7,0.62,3,5.0,1,0
550385,1,3,20,1.74,127597.0,102.71,0.47,2,3.0,1,0
521948,0,3,19,8.74,50000.0,97.49,0.67,2,4.0,1,0
34154,14,5,39,0.73,1091274.0,127.41,0.21,4,4.0,3,1
330212,11,7,24,-1.94,958428.0,124.69,0.2,3,3.0,3,1
481083,2,3,19,0.26,167873.0,86.89,0.36,2,1.0,1,0
208040,0,3,37,0.56,87025.0,97.76,0.54,2,3.0,1,0
579772,2,4,47,5.1,79621.0,116.22,0.7,3,7.0,1,0
227205,1,1,21,3.88,136859.0,98.68,0.57,2,5.0,1,0
772183,1,4,22,0.66,104243.0,89.92,0.47,2,1.0,1,0
706015,11,7,30,-30.64,1044761.0,128.75,0.23,3,5.0,3,1
969086,4,2,58,21.63,132451.0,118.08,0.83,3,9.0,1,0
31878,1,2,21,3.51,63557.0,79.85,0.41,2,0.0,1,1
602021,3,3,54,3.39,136029.0,108.61,0.68,2,5.0,1,1
284724,12,6,25,-16.44,1027936.0,121.55,0.2,3,1.0,3,0
783013,12,7,32,-22.97,979432.0,130.08,0.22,3,4.0,3,1
841647,13,9,32,-9.13,997714.0,128.61,0.29,3,4.0,5,1
737089,3,3,21,1.36,141616.0,86.07,0.48,2,1.0,1,0
214776,0,2,19,5.67,130545.0,109.35,0.61,2,6.0,1,1
247165,12,6,24,9.52,943965.0,122.71,0.21,4,2.0,2,1
95514,1,4,46,2.62,124511.0,103.62,0.54,2,5.0,1,0
673618,1,2,20,5.22,67964.0,98.84,0.57,2,3.0,1,1
549500,12,8,25,0.21,995162.0,127.29,0.27,4,3.0,4,1
145307,13,7,25,-1.47,1031892.0,133.92,0.32,3,6.0,4,0
313600,13,6,25,-1.46,926876.0,128.19,0.3,3,5.0,3,1
613568,0,4,19,3.29,4928.0,96.35,0.57,2,2.0,1,0
400395,0,3,38,3.11,70427.0,123.22,0.77,3,9.0,1,0
710212,1,4,32,13.58,155157.0,96.83,0.47,3,1.0,1,0
351112,0,4,35,0.12,142921.0,108.14,0.61,3,5.0,1,0
708298,12,6,25,0.48,926281.0,118.5,0.18,3,1.0,2,1
279693,13,6,26,-19.61,973237.0,129.27,0.26,4,5.0,3,1
350250,13,5,28,14.1,1000993.0,126.7,0.2,3,5.0,2,1
391723,0,3,49,0.79,148340.0,118.1,0.74,2,8.0,1,0
338575,12,6,24,-14.44,958787.0,127.27,0.33,4,5.0,2,1
979747,14,8,29,-25.29,1007811.0,135.84,0.38,4,8.0,5,1
579867,13,6,29,1.86,955529.0,123.0,0.22,4,3.0,3,1
953617,4,3,47,6.84,65025.0,107.59,0.75,2,6.0,1,0
713884,14,5,29,-3.09,989027.0,124.5,0.26,4,3.0,2,1
917076,13,8,37,-6.95,1067900.0,137.68,0.31,4,7.0,5,0
254455,12,7,30,-0.97,1058040.0,121.52,0.16,4,2.0,4,1
844185,13,6,30,-3.07,1003151.0,115.38,0.19,4,0.0,3,1
466534,13,8,34,-14.78,1034176.0,130.35,0.28,4,5.0,5,1
776611,2,4,36,1.89,172250.0,112.27,0.69,2,6.0,2,0
595744,2,3,43,3.58,96421.0,109.25,0.72,2,6.0,1,1
605439,3,4,19,4.61,97076.0,96.05,0.49,2,2.0,2,0
93847,13,7,25,0.45,950891.0,119.78,0.22,3,1.0,3,1
531622,12,6,25,-13.57,928239.0,118.52,0.19,3,2.0,2,0
879464,14,7,26,-20.59,1082162.0,129.62,0.22,4,4.0,4,1
572332,0,4,21,8.35,34685.0,90.05,0.57,3,3.0,1,0
928452,3,4,22,2.56,150565.0,110.74,0.57,3,5.0,2,0
602035,1,5,60,8.26,129665.0,88.59,0.68,2,2.0,2,0
932242,8,5,28,-4.07,1076549.0,132.87,0.25,4,7.0,2,1
201772,12,7,25,-11.06,988610.0,129.34,0.26,3,4.0,3,1
370515,1,3,35,10.56,92618.0,105.66,0.62,3,5.0,1,1
878171,1,1,50,2.98,78956.0,110.23,0.81,2,8.0,1,0
488713,13,6,27,-9.41,956825.0,123.76,0.27,4,4.0,3,0
849864,12,7,27,-4.01,984366.0,135.24,0.35,3,8.0,3,1
315163,0,3,22,3.25,49837.0,108.78,0.71,2,6.0,1,0
198092,2,4,21,1.11,90756.0,101.2,0.48,3,5.0,1,1
301142,0,3,56,10.46,155682.0,114.01,0.65,2,6.0,1,1
290401,8,7,23,-17.06,1010631.0,128.91,0.22,3,4.0,2,0
912285,11,9,30,-20.63,941127.0,127.25,0.3,3,4.0,4,0
270375,0,5,45,13.01,131442.0,115.58,0.7,2,7.0,2,0
85274,1,4,19,4.06,113474.0,101.94,0.58,2,4.0,1,1
597096,1,2,20,12.42,93442.0,97.09,0.59,2,4.0,1,0
497120,0,4,20,18.81,114689.0,94.0,0.52,2,1.0,1,0
611681,12,8,30,-3.94,1041822.0,134.48,0.3,4,6.0,4,1
213057,11,6,26,-18.26,984781.0,131.43,0.3,3,5.0,2,1
219943,12,7,24,-2.87,949926.0,128.82,0.34,3,6.0,3,0
677534,11,8,29,-5.12,965607.0,127.54,0.29,3,5.0,4,1
317454,0,3,20,2.86,75369.0,111.03,0.51,2,6.0,1,0
896976,13,6,26,-18.57,1162653.0,128.55,0.15,4,4.0,4,1
246937,1,3,21,0.13,101158.0,101.53,0.58,2,4.0,1,0
768665,13,7,42,0.37,1020180.0,131.89,0.31,4,6.0,4,1
494561,13,5,36,4.16,1038610.0,128.34,0.29,3,5.0,2,0
204211,3,2,31,3.64,205654.0,92.98,0.48,2,2.0,1,0
923504,12,9,30,-0.07,925825.0,116.56,0.21,4,0.0,5,1
912782,13,7,27,4.34,984474.0,122.7,0.24,4,2.0,4,0
89504,13,9,40,-4.06,1020517.0,129.7,0.27,4,3.0,5,1
713225,1,5,48,9.56,159969.0,89.99,0.52,2,1.0,2,0
201317,3,5,31,4.38,50000.0,103.66,0.71,1,4.0,2,0
38143,1,4,39,5.57,135196.0,97.45,0.62,2,3.0,1,0
280777,0,3,22,13.61,85790.0,110.34,0.63,2,6.0,1,0
342994,2,1,20,8.52,95462.0,81.0,0.59,2,3.0,1,0
675858,14,7,34,8.32,984593.0,121.1,0.27,4,2.0,4,1
129077,0,4,20,0.52,109045.0,93.75,0.52,2,3.0,1,0
925060,1,3,39,6.56,39631.0,105.84,0.62,2,5.0,1,0
246545,0,1,19,0.73,118999.0,81.92,0.41,2,0.0,1,0
347843,11,6,35,-17.2,1015260.0,137.26,0.39,4,9.0,2,1
384154,12,5,32,-7.52,1023625.0,119.98,0.27,4,3.0,2,0
62750,2,4,32,0.61,78531.0,97.37,0.58,2,4.0,1,0
811451,12,6,32,11.18,1006625.0,126.6,0.22,4,2.0,3,1
655282,9,6,30,-9.93,986453.0,125.61,0.22,3,3.0,2,1
695770,10,6,23,-26.22,1087518.0,121.83,0.18,4,1.0,2,1
955379,5,4,22,12.86,59650.0,93.89,0.57,1,2.0,2,0
564230,13,6,28,-6.53,927521.0,122.39,0.27,4,3.0,3,1
832529,1,4,51,2.17,50000.0,121.93,0.82,2,9.0,1,0
374417,1,4,21,11.84,41910.0,91.94,0.59,2,2.0,1,0
92161,11,8,23,-11.34,921870.0,113.4,0.23,3,0.0,3,1
747401,2,5,21,2.49,69850.0,92.55,0.49,2,3.0,2,0
19737,11,5,29,-13.37,974592.0,133.49,0.35,3,7.0,2,1
889096,13,7,24,-12.41,1010549.0,123.59,0.21,3,3.0,4,1
700966,12,5,25,-0.28,1011767.0,135.39,0.3,4,8.0,2,1
958031,2,3,37,0.56,111633.0,100.88,0.6,2,5.0,1,0
708412,13,6,26,-13.49,993036.0,130.92,0.22,4,4.0,3,1
643464,11,8,31,-6.42,951488.0,132.9,0.31,3,6.0,4,1
467940,0,5,40,6.51,170712.0,108.11,0.65,2,5.0,2,1
455020,13,5,23,-23.47,854789.0,123.2,0.22,3,4.0,2,1
871671,13,6,27,3.04,1011591.0,125.91,0.22,4,3.0,3,1
20845,4,3,43,3.93,89382.0,113.72,0.73,3,8.0,1,0
649610,0,5,19,12.3,45078.0,100.59,0.52,2,2.0,1,0
333596,10,6,36,13.45,1071018.0,131.32,0.24,4,6.0,2,1
974601,0,4,42,4.85,211235.0,119.14,0.67,2,7.0,1,1
818979,11,7,32,-0.86,994439.0,134.23,0.41,4,7.0,3,1
655110,12,6,35,-14.57,931429.0,123.71,0.28,4,4.0,2,1
59376,12,7,23,0.78,987625.0,129.95,0.32,4,5.0,3,0
492984,11,8,27,-2.46,1021254.0,124.85,0.18,3,2.0,4,1
7025,0,1,46,2.26,22619.0,115.11,0.65,3,8.0,1,0
179856,12,6,26,-3.56,1009996.0,125.77,0.23,3,4.0,3,1
727568,12,6,36,-0.11,959288.0,120.82,0.21,4,2.0,2,1
117709,1,3,39,4.54,48883.0,101.52,0.68,3,5.0,1,0
141129,1,4,22,2.85,107210.0,101.31,0.53,3,3.0,1,0
146594,0,3,22,13.32,171181.0,86.54,0.39,2,1.0,1,0
650987,13,6,28,-1.17,1004232.0,125.84,0.26,3,3.0,3,0
502786,1,2,20,3.89,17354.0,101.02,0.6,2,5.0,1,1
927221,12,6,31,-16.95,1063223.0,125.38,0.22,5,2.0,3,1
576506,1,3,55,3.27,121523.0,102.19,0.63,2,4.0,1,0
980291,11,10,37,-0.55,1010948.0,136.52,0.33,3,6.0,5,1
524800,4,2,51,1.22,138005.0,100.49,0.63,3,4.0,1,0
465621,12,6,31,-8.15,1051251.0,125.57,0.25,4,3.0,3,1
300806,12,7,24,3.06,1024495.0,129.96,0.28,3,4.0,3,0
761774,13,8,26,-0.02,923075.0,132.51,0.35,4,7.0,4,1
219882,0,5,21,0.82,65131.0,105.56,0.72,2,5.0,1,0
79031,12,7,31,-13.67,1044624.0,126.3,0.2,4,4.0,4,1
745043,0,3,55,4.34,116265.0,112.72,0.67,2,6.0,1,0
84810,0,4,20,0.65,53029.0,97.31,0.5,2,4.0,1,0
799099,13,6,25,-12.32,994842.0,122.83,0.24,4,2.0,3,1
423971,1,5,53,2.82,46772.0,90.08,0.61,2,3.0,2,0
932885,0,2,45,0.58,117703.0,105.88,0.53,2,5.0,1,0
998674,13,7,24,8.93,978728.0,124.01,0.22,4,3.0,4,1
305398,1,2,19,5.0,128711.0,107.9,0.61,2,5.0,1,0
259742,0,1,44,5.03,2624.0,104.02,0.64,2,4.0,1,0
122452,8,9,29,8.48,978817.0,123.97,0.2,3,2.0,3,1
461689,13,8,26,-18.25,990423.0,133.65,0.33,3,6.0,4,1
324879,12,7,31,-11.88,919967.0,121.03,0.25,3,2.0,3,1
209766,12,6,24,-2.37,953346.0,127.13,0.24,3,5.0,2,1
550204,12,6,23,-2.94,937835.0,114.09,0.18,3,1.0,2,1
178609,11,6,25,-10.26,991679.0,109.24,0.15,4,0.0,2,1
645708,11,5,28,-1.67,1066208.0,112.29,0.17,3,0.0,2,1
570037,0,3,20,0.63,134157.0,81.13,0.47,2,0.0,1,1
226256,2,4,36,21.62,39328.0,111.03,0.73,2,7.0,1,1
211804,14,7,28,-11.68,985649.0,122.17,0.24,3,2.0,4,1
407229,2,4,19,0.18,33206.0,106.43,0.55,2,5.0,1,0
114853,13,9,27,-16.47,948438.0,133.3,0.36,3,7.0,5,1
184240,0,3,19,5.23,154797.0,96.04,0.57,2,3.0,1,0
762191,0,5,40,2.35,90080.0,104.36,0.63,2,6.0,2,0
846709,12,8,26,-8.18,1028066.0,132.49,0.28,3,6.0,4,0
249218,12,7,28,4.93,1122114.0,131.52,0.2,3,5.0,4,1
871686,0,3,43,0.46,79783.0,110.66,0.63,3,6.0,1,0
726243,11,5,33,-14.93,1042652.0,124.28,0.35,4,5.0,2,0
877047,13,5,23,-16.32,907888.0,113.59,0.15,4,0.0,2,1
709517,13,7,34,8.59,1001652.0,125.69,0.33,4,3.0,4,1
683233,14,6,26,9.97,1001178.0,124.19,0.28,3,3.0,3,0
460976,0,4,21,6.95,166344.0,82.96,0.53,2,0.0,1,0
620409,14,8,30,-13.56,1014667.0,135.78,0.34,4,7.0,5,1
526859,10,8,27,-2.08,1052381.0,131.22,0.26,3,5.0,4,1
721191,12,6,32,7.18,986968.0,135.63,0.28,4,7.0,3,0
699792,0,3,57,2.06,132625.0,118.33,0.77,2,8.0,1,1
519119,12,8,29,0.17,1019918.0,123.52,0.21,4,2.0,4,0
498871,0,3,54,6.42,50000.0,107.11,0.8,2,7.0,1,0
623576,4,3,21,0.86,134234.0,97.26,0.49,2,3.0,2,1
299563,12,7,31,3.67,1013256.0,128.58,0.26,3,4.0,3,1
808746,11,7,31,-22.69,975006.0,118.64,0.18,4,2.0,3,1
889967,12,7,33,5.02,989340.0,134.64,0.32,4,7.0,3,1
800925,13,6,35,-0.71,986976.0,134.14,0.27,4,6.0,3,1
456056,12,8,23,9.7,902493.0,124.14,0.3,3,3.0,4,1
522339,12,7,24,-1.88,995163.0,120.02,0.19,3,2.0,3,1
308204,1,4,56,1.24,72951.0,116.6,0.76,2,7.0,1,1
304924,10,6,25,14.99,1023683.0,134.76,0.26,4,7.0,2,1
60499,12,7,31,2.02,1011962.0,117.97,0.17,3,0.0,3,0
437352,12,8,30,1.3,930591.0,127.97,0.24,4,4.0,4,1
579067,1,4,50,2.52,75668.0,120.15,0.72,2,8.0,1,0
179778,13,7,31,6.66,997351.0,130.5,0.26,4,5.0,4,1
630779,12,5,23,4.6,1083159.0,117.32,0.18,4,1.0,2,1
451863,0,4,52,5.67,53187.0,107.53,0.7,3,6.0,1,0
852955,13,5,26,-16.25,977325.0,113.82,0.22,3,0.0,2,1
296070,0,2,19,1.52,116895.0,88.05,0.5,3,2.0,1,0
773514,0,5,21,0.42,131459.0,104.89,0.59,2,4.0,2,0
190347,1,3,39,10.82,95858.0,93.74,0.51,3,3.0,1,0
188607,14,7,32,-15.51,964200.0,127.68,0.2,4,4.0,4,1
246342,0,3,34,7.22,34929.0,92.53,0.61,3,2.0,1,0
72657,12,8,29,9.37,1020259.0,125.4,0.16,4,2.0,4,1
935335,13,9,24,6.26,1043217.0,135.04,0.25,3,7.0,5,1
394719,1,0,53,10.37,152131.0,122.92,0.76,2,11.0,1,0
260838,0,3,19,9.09,95487.0,97.32,0.55,3,2.0,1,0
184688,11,8,24,2.98,1021923.0,135.17,0.25,4,5.0,4,0
422899,11,6,23,-30.44,1051605.0,117.6,0.12,4,0.0,3,1
516801,13,8,27,-2.14,1002793.0,129.84,0.29,4,5.0,5,1
574834,13,6,35,-9.3,1025440.0,119.07,0.22,4,1.0,3,1
799900,12,6,27,-5.13,926762.0,119.17,0.17,4,2.0,2,0
815195,0,4,20,2.65,157553.0,107.5,0.46,2,4.0,1,0
669365,0,4,31,0.24,150024.0,103.85,0.56,3,3.0,1,0
921469,11,6,25,1.78,1045836.0,122.51,0.24,4,2.0,3,1
558641,1,2,19,1.73,147616.0,99.35,0.57,3,3.0,1,0
270575,14,6,32,0.43,991815.0,135.62,0.27,4,7.0,3,0
880262,11,6,29,0.21,1030482.0,130.73,0.22,4,5.0,2,0
628919,0,3,21,4.12,121916.0,113.2,0.65,1,7.0,1,1
545056,1,4,57,2.02,132714.0,118.79,0.76,2,8.0,1,0
463697,11,7,28,4.16,1001983.0,131.93,0.35,4,6.0,3,1
165491,12,5,27,-11.95,1064566.0,130.84,0.22,4,6.0,2,1
984170,12,7,31,12.64,1042950.0,117.18,0.23,4,2.0,4,0
818502,3,3,53,1.93,92161.0,116.1,0.72,2,8.0,1,0
147124,12,5,27,-6.78,995755.0,128.51,0.21,4,5.0,2,1
885541,2,3,20,8.66,44621.0,97.53,0.6,2,3.0,1,1
871989,0,4,42,3.21,62328.0,100.55,0.72,3,4.0,1,0
527252,0,1,21,2.19,124075.0,90.57,0.52,2,1.0,1,0
868856,12,6,23,-4.88,1054285.0,125.81,0.19,4,2.0,3,1
730728,11,6,26,-4.0,960438.0,121.17,0.26,4,3.0,2,0
604730,9,7,30,6.1,1015931.0,133.11,0.33,4,7.0,3,0
211349,0,4,20,3.5,68507.0,88.76,0.52,2,2.0,1,0
588405,12,6,29,-15.05,958732.0,128.8,0.26,3,5.0,2,0
707908,11,6,27,-14.86,929075.0,136.21,0.38,3,9.0,2,0
693584,11,6,24,-22.09,1017611.0,127.9,0.26,4,4.0,2,1
918525,0,4,19,8.21,50000.0,96.16,0.61,2,2.0,1,1
157037,11,6,26,-11.89,1039720.0,128.3,0.25,4,4.0,3,1
532884,13,7,33,5.22,998554.0,135.07,0.41,4,7.0,4,1
362768,11,10,30,-8.41,995356.0,128.28,0.25,4,3.0,5,1
349981,13,5,24,-4.41,1007526.0,123.41,0.29,4,3.0,2,1
461562,2,3,20,3.38,176432.0,106.0,0.61,2,5.0,1,0
743998,0,2,59,16.96,118245.0,118.47,0.75,1,8.0,1,0
726689,13,5,27,-10.68,1068712.0,119.31,0.19,4,2.0,3,1
293155,10,6,36,-7.16,989324.0,127.1,0.23,4,4.0,2,1
160763,1,5,54,6.96,50000.0,112.59,0.8,3,7.0,2,1
175914,2,4,51,10.13,138004.0,107.06,0.68,2,5.0,2,0
956849,0,2,32,3.85,101886.0,113.53,0.73,2,7.0,1,0
456077,13,9,27,2.3,1011219.0,127.36,0.31,3,3.0,5,1
44769,0,4,22,5.94,74299.0,79.94,0.52,3,0.0,1,0
722676,13,6,30,-5.26,935104.0,128.59,0.34,5,5.0,3,0
36090,10,7,26,-12.24,954237.0,119.48,0.28,3,2.0,3,1
219772,1,5,38,8.65,103973.0,114.31,0.61,2,7.0,2,0
201210,12,6,28,1.85,1068514.0,126.13,0.21,4,3.0,3,1
408044,11,6,31,8.1,941263.0,121.68,0.23,3,1.0,2,0
83155,1,4,18,11.08,11693.0,93.14,0.65,2,4.0,1,1
960971,11,6,24,-21.29,978940.0,114.52,0.18,3,0.0,2,1
709402,9,6,24,-6.08,974416.0,118.01,0.19,3,2.0,2,1
358371,12,6,27,-10.02,968893.0,124.06,0.23,3,3.0,2,1
190920,0,3,37,2.22,45536.0,80.8,0.51,2,1.0,1,0
76821,3,4,39,4.53,29743.0,114.13,0.68,3,7.0,1,0
454412,2,4,19,1.05,132672.0,121.55,0.65,3,8.0,2,0
297885,12,8,23,7.83,888943.0,126.75,0.33,3,6.0,4,1
745503,0,2,59,3.88,10284.0,105.22,0.72,2,6.0,1,0
721131,4,2,22,8.76,88014.0,80.75,0.53,3,0.0,1,0
995084,12,6,26,-17.42,1017182.0,131.53,0.31,4,4.0,3,0
141668,0,5,22,9.71,124727.0,94.17,0.51,3,1.0,2,1
645955,0,4,19,5.17,176412.0,98.07,0.59,3,3.0,1,0
851033,10,7,34,-8.11,945355.0,128.55,0.35,3,5.0,2,1
962657,13,7,25,7.21,1011535.0,130.59,0.26,4,5.0,4,1
676629,14,5,28,-8.58,889774.0,131.7,0.43,4,8.0,2,1
215470,0,4,58,2.07,118197.0,114.77,0.73,3,7.0,1,0
893110,11,9,26,1.66,951795.0,131.33,0.33,3,5.0,4,1
908842,0,2,35,2.49,105779.0,91.31,0.59,2,4.0,1,1
268145,14,8,30,-2.14,952097.0,117.92,0.26,3,0.0,5,1
641636,0,4,49,1.1,50287.0,103.82,0.62,1,4.0,1,0
160637,3,3,19,1.97,193330.0,92.87,0.39,3,0.0,2,0
168658,13,6,33,-23.89,1016320.0,112.09,0.17,3,0.0,3,0
849479,0,4,22,0.11,118098.0,114.48,0.56,2,8.0,1,1
817638,12,8,31,11.63,882974.0,129.9,0.35,4,6.0,3,1
437509,11,7,23,-22.47,1013998.0,130.6,0.32,4,6.0,3,1
838639,1,4,43,9.59,113649.0,120.25,0.8,3,8.0,1,0
535233,13,9,34,-7.25,1029560.0,137.96,0.31,4,8.0,5,1
623562,2,4,22,11.18,79881.0,88.58,0.46,3,2.0,1,0
769066,2,2,22,0.09,92228.0,111.18,0.74,3,6.0,1,0
584002,0,1,22,7.63,56496.0,89.74,0.46,2,3.0,1,0
474372,0,4,43,0.56,117638.0,102.34,0.61,2,4.0,1,1
171163,1,3,22,4.13,92242.0,98.51,0.57,2,4.0,1,0
293771,2,4,40,2.57,130818.0,93.19,0.57,3,2.0,2,0
637882,3,4,20,8.28,94868.0,101.91,0.67,2,4.0,2,0
458135,13,6,28,-6.57,1031211.0,125.69,0.2,4,3.0,3,1
327314,2,1,33,8.53,144820.0,115.11,0.69,2,7.0,1,1
195858,2,4,47,11.89,163013.0,105.58,0.54,2,4.0,2,0
722569,0,4,18,8.91,135588.0,91.88,0.54,2,1.0,1,0
682280,2,4,20,7.59,184628.0,93.69,0.43,2,2.0,2,0
163357,12,9,24,-16.48,955215.0,122.4,0.25,3,1.0,5,1
167041,13,9,29,-9.82,1006917.0,134.52,0.34,3,7.0,5,0
676106,0,5,22,1.05,121657.0,103.37,0.56,2,3.0,2,0
434614,1,4,49,17.99,91463.0,118.51,0.68,2,7.0,1,0
748325,0,5,22,0.6,35874.0,99.53,0.63,2,4.0,1,0
939282,0,3,22,8.68,6929.0,73.73,0.48,2,0.0,1,0
776195,13,7,26,-15.68,982758.0,126.13,0.23,3,3.0,4,1
338637,11,7,24,-3.68,1053222.0,122.45,0.18,4,2.0,3,1
871110,0,2,19,3.56,133469.0,104.05,0.52,2,6.0,1,0
734543,9,7,29,4.55,1104156.0,132.11,0.19,3,4.0,3,1
61993,0,5,19,1.47,25619.0,89.46,0.56,2,1.0,1,1
175404,10,8,29,-0.34,1056825.0,132.22,0.27,4,6.0,4,1
681570,0,2,18,1.7,85353.0,91.12,0.45,3,2.0,1,0
933435,3,1,21,5.75,89272.0,88.12,0.56,2,1.0,1,0
811705,12,7,32,-21.68,945183.0,137.14,0.38,3,10.0,3,1
379710,4,2,20,1.1,81084.0,90.0,0.48,3,0.0,1,0
710861,0,2,19,0.28,155622.0,81.82,0.43,2,0.0,1,0
34820,12,8,30,8.98,999764.0,135.27,0.42,4,7.0,4,1
256048,1,4,19,5.09,126595.0,105.68,0.6,2,6.0,1,0
788170,14,9,23,35.25,1006232.0,126.91,0.22,3,4.0,5,1
476912,0,4,59,3.09,79387.0,123.1,0.78,2,11.0,1,0
883008,14,7,32,1.75,1015972.0,130.11,0.28,4,5.0,4,1
889981,3,5,19,3.23,61917.0,101.44,0.62,2,4.0,2,1
819192,0,3,22,5.24,121044.0,83.28,0.52,2,1.0,1,0
35864,12,7,30,-17.79,1007675.0,132.51,0.21,4,5.0,3,1
130638,0,5,56,2.47,138871.0,122.03,0.76,2,9.0,2,0
928580,12,6,24,-11.85,1005888.0,126.29,0.25,4,4.0,3,1
387760,0,4,33,10.3,46966.0,111.36,0.66,2,6.0,1,0
431426,12,6,31,2.39,1002987.0,130.98,0.33,3,6.0,3,1
597439,12,5,30,8.56,1038770.0,121.07,0.25,4,2.0,2,1
732669,8,6,35,-13.49,989742.0,123.06,0.23,3,1.0,2,1
185442,1,5,51,2.56,193217.0,114.46,0.68,2,6.0,2,1
125490,1,4,42,0.71,24421.0,104.53,0.7,2,5.0,1,0
201761,12,7,25,-12.99,972873.0,123.43,0.22,4,3.0,3,1
608457,0,3,18,9.24,123688.0,94.52,0.55,3,2.0,1,0
376910,9,6,31,0.89,978039.0,133.71,0.39,4,6.0,2,1
502919,0,3,21,2.04,88796.0,90.02,0.6,3,3.0,1,1
982583,12,10,32,14.2,1030336.0,129.28,0.25,4,3.0,5,0
231877,14,7,33,-13.94,968686.0,125.6,0.27,4,3.0,4,0
687721,13,8,27,13.89,1010308.0,120.99,0.2,4,2.0,5,1
675772,13,8,39,7.57,972228.0,130.15,0.33,4,6.0,4,1
134804,13,7,23,-21.63,1093172.0,121.29,0.17,4,3.0,4,1
450943,1,2,21,2.44,77642.0,78.4,0.53,2,1.0,1,0
441669,13,7,32,-3.46,982621.0,124.22,0.34,3,4.0,4,1
508404,2,2,49,1.49,18574.0,115.95,0.73,2,8.0,1,0
311619,0,4,19,3.35,59168.0,87.4,0.54,2,2.0,1,0
497005,0,4,19,8.3,93131.0,91.43,0.46,2,1.0,1,0
278181,0,4,37,8.09,115079.0,112.05,0.6,2,6.0,1,0
344180,0,1,35,2.51,171175.0,91.91,0.55,2,2.0,1,0
829796,0,4,53,9.15,116200.0,119.96,0.74,2,8.0,1,1
502195,13,7,30,-12.95,941158.0,135.21,0.41,4,8.0,3,1
382539,0,4,20,10.32,117501.0,110.12,0.47,3,6.0,1,1
379923,0,4,57,2.52,77013.0,116.67,0.79,2,8.0,1,1
705402,0,2,58,11.11,182810.0,120.64,0.73,2,8.0,1,0
259152,15,9,29,-4.08,993261.0,128.19,0.23,3,4.0,5,1
540823,13,6,26,-27.17,1061850.0,132.59,0.3,4,5.0,3,1
74924,11,6,31,-3.76,941045.0,119.47,0.27,3,2.0,2,1
34412,0,4,20,1.89,75178.0,96.05,0.63,2,3.0,1,0
332533,8,7,32,-4.79,987883.0,121.56,0.3,3,2.0,2,1
232712,10,6,33,-19.99,1036318.0,134.48,0.27,3,6.0,2,0
178468,13,6,24,-15.68,944185.0,122.11,0.26,3,3.0,3,1
317212,2,3,21,10.71,128927.0,103.98,0.64,2,3.0,1,1
474769,1,5,19,15.18,145582.0,113.63,0.53,2,6.0,2,0
73164,1,3,22,14.65,64106.0,92.68,0.53,2,3.0,1,0
921353,13,8,33,10.23,958443.0,124.54,0.27,3,3.0,4,1
517910,11,6,24,-3.24,986413.0,127.29,0.23,3,4.0,2,1
70698,1,4,47,6.82,166190.0,116.49,0.7,1,7.0,2,0
413811,13,5,26,4.76,1070559.0,129.38,0.26,4,4.0,3,1
298092,10,6,27,-11.49,968033.0,129.1,0.29,3,5.0,2,1
343784,12,7,24,-10.18,1017658.0,128.82,0.28,3,5.0,3,1
79531,2,3,59,7.56,106473.0,111.86,0.66,2,6.0,1,0
13529,12,8,24,0.87,1001799.0,121.64,0.19,4,1.0,4,1
200149,14,7,26,-6.47,1008383.0,129.75,0.27,4,4.0,4,1
785043,0,2,54,4.29,97940.0,99.91,0.59,2,5.0,1,1
753887,3,1,21,0.53,77197.0,105.72,0.56,3,5.0,1,0
525423,4,3,36,8.48,121266.0,109.98,0.64,2,6.0,1,1
681537,12,6,37,-0.68,1001911.0,116.66,0.2,4,1.0,3,1
542976,13,6,27,-16.22,1023207.0,130.24,0.29,4,5.0,3,0
794768,12,7,25,-17.39,960276.0,123.46,0.31,3,3.0,3,1
85242,13,5,33,1.59,1010651.0,130.91,0.33,4,5.0,2,0
445103,11,7,31,-20.93,953191.0,122.78,0.28,4,3.0,3,1
349807,13,10,38,-1.86,1063424.0,136.82,0.28,4,7.0,5,0
671005,0,2,47,4.85,135976.0,103.82,0.66,3,4.0,1,0
123748,1,1,19,2.67,159304.0,92.29,0.35,3,2.0,1,0
626271,14,5,34,16.58,1056043.0,121.63,0.25,4,2.0,3,1
175865,10,6,27,-6.96,1009172.0,124.6,0.22,3,3.0,2,1
648973,11,6,27,23.43,1023830.0,122.04,0.32,4,3.0,2,1
757466,10,7,34,0.26,951963.0,131.79,0.31,3,5.0,3,1
259458,13,7,23,10.51,1021314.0,125.54,0.27,4,3.0,4,1
773496,1,4,20,17.49,89332.0,98.01,0.58,2,2.0,1,0
213590,1,4,19,0.51,75451.0,107.02,0.56,3,5.0,1,0
22274,11,5,29,-6.82,1141299.0,126.84,0.2,4,4.0,2,1
724787,0,2,32,0.45,133273.0,105.91,0.61,3,4.0,1,0
845346,0,3,37,3.94,7511.0,85.32,0.6,3,1.0,1,0
596368,12,6,28,-10.9,1022814.0,125.42,0.24,4,5.0,3,1
53696,2,3,20,2.71,110968.0,98.92,0.45,3,1.0,1,0
178061,1,5,52,2.22,120202.0,106.12,0.67,2,5.0,2,0
519536,0,2,21,3.41,70649.0,76.5,0.46,2,0.0,1,0
347910,0,4,56,9.96,162218.0,101.88,0.59,2,3.0,1,0
623896,1,3,20,2.86,117275.0,87.19,0.53,2,0.0,1,1
705832,12,7,26,-16.28,951160.0,119.48,0.25,3,2.0,3,1
569402,12,8,24,-30.27,987629.0,125.1,0.29,4,3.0,4,1
570547,2,4,39,0.25,101671.0,91.77,0.53,3,3.0,2,0
726147,11,6,23,8.89,945619.0,124.6,0.23,3,3.0,2,1
569266,12,6,26,1.44,967144.0,126.09,0.29,4,3.0,2,1
758715,4,4,46,1.65,21448.0,121.54,0.73,3,10.0,2,1
562695,11,9,29,-4.74,982121.0,132.44,0.32,4,6.0,5,1
855386,12,6,23,-9.3,1123421.0,130.87,0.2,4,5.0,3,1
702337,12,5,36,-8.63,961917.0,129.43,0.33,4,7.0,2,1
606151,9,6,31,-21.75,1201430.0,135.77,0.22,3,7.0,3,1
767326,0,4,50,2.27,29197.0,100.29,0.66,2,4.0,1,0
89417,4,5,21,4.88,85631.0,119.96,0.63,1,8.0,2,0
154886,0,3,19,15.01,50000.0,81.22,0.55,2,1.0,1,0
542760,1,4,21,3.21,127700.0,90.17,0.46,2,1.0,1,1
487361,12,7,23,-14.17,876821.0,123.1,0.26,4,4.0,3,1
881878,1,4,38,1.35,139806.0,103.27,0.62,2,4.0,1,0
440469,12,6,27,-3.75,1002957.0,121.41,0.2,4,3.0,3,0
123338,0,3,21,2.79,24195.0,97.84,0.62,2,4.0,1,0
94078,14,6,27,-20.23,942324.0,123.3,0.26,3,4.0,3,1
544667,13,7,25,9.75,960001.0,132.31,0.3,4,6.0,3,1
71045,0,3,20,6.66,21411.0,92.23,0.56,2,2.0,1,1
732223,10,7,27,0.97,986292.0,119.41,0.19,4,1.0,3,1
765275,2,5,20,0.73,156298.0,102.23,0.39,3,2.0,2,1
104995,0,4,20,3.53,191871.0,104.05,0.47,3,3.0,1,0
790220,13,6,31,-17.51,1036228.0,133.82,0.27,3,6.0,3,1
95174,0,2,21,9.51,80384.0,81.44,0.5,2,0.0,1,0
686436,0,4,18,2.77,161143.0,120.64,0.63,2,8.0,1,0
345604,0,2,54,18.45,24611.0,115.89,0.83,1,8.0,1,0
921144,14,6,26,-20.48,1000004.0,121.35,0.2,3,2.0,3,1
9876,10,6,26,7.61,1016531.0,122.64,0.29,3,3.0,2,1
468693,13,6,29,-0.17,1015114.0,131.17,0.19,3,6.0,3,1
791370,0,2,20,4.06,60192.0,97.01,0.57,2,2.0,1,0
601472,2,0,22,10.86,144063.0,86.96,0.53,2,2.0,1,1
393972,0,2,19,1.58,11617.0,75.53,0.45,3,1.0,1,0
195886,0,3,45,4.82,80427.0,81.95,0.62,2,0.0,1,0
812939,1,3,36,8.58,113322.0,98.56,0.52,2,3.0,1,0
302431,2,3,20,3.08,31745.0,92.56,0.6,2,3.0,1,0
680099,13,6,25,0.04,1046345.0,128.69,0.23,4,5.0,3,1
921079,7,8,26,-24.8,1003764.0,118.97,0.22,3,2.0,3,1
665935,0,3,56,11.29,182067.0,116.35,0.74,2,8.0,1,0
81589,11,7,26,-4.92,1011131.0,130.07,0.18,4,5.0,3,1
368606,12,8,30,-0.53,975486.0,122.99,0.22,4,3.0,4,0
527492,2,4,37,9.8,122200.0,103.36,0.58,2,3.0,2,0
43367,0,3,21,18.64,141737.0,104.12,0.58,3,4.0,1,0
608210,12,8,32,-13.92,1005071.0,123.1,0.25,3,3.0,4,0
372627,0,4,51,8.49,91433.0,113.76,0.79,2,7.0,1,0
948901,11,7,28,-24.84,979323.0,128.47,0.23,4,4.0,3,1
344588,0,2,20,13.0,82668.0,94.32,0.59,2,4.0,1,1
452648,3,4,59,16.82,41983.0,90.97,0.67,3,3.0,2,0
106139,1,4,20,4.33,120653.0,97.76,0.45,3,2.0,1,0
971393,11,5,24,15.41,1001737.0,122.45,0.19,3,2.0,2,1
16808,0,3,47,8.41,35818.0,108.42,0.72,2,7.0,1,0
385137,10,7,26,-16.78,984860.0,115.91,0.19,3,2.0,3,1
500630,0,1,18,1.41,24940.0,89.63,0.58,2,2.0,1,0
345665,1,3,20,11.01,106318.0,94.5,0.5,2,2.0,1,0
953460,12,5,27,-15.58,1026728.0,130.19,0.25,4,5.0,2,0
26231,0,3,21,0.17,94777.0,96.56,0.5,2,3.0,1,1
164846,0,4,18,3.67,29318.0,79.08,0.59,3,1.0,1,0
989235,0,3,19,14.29,171885.0,86.16,0.49,3,1.0,1,1
531004,0,3,60,11.38,93567.0,121.93,0.82,2,9.0,1,0
580540,1,3,21,6.02,64938.0,107.29,0.68,2,6.0,1,1
460502,9,8,27,-12.74,1047188.0,125.41,0.21,3,2.0,3,1
574544,0,3,43,3.93,111438.0,103.8,0.67,2,4.0,1,0
530720,0,4,55,6.45,7358.0,101.98,0.69,2,6.0,1,1
905442,0,3,22,1.29,166078.0,109.17,0.71,2,7.0,1,0
390769,1,3,32,18.5,27891.0,101.71,0.61,2,4.0,1,0
674428,0,3,21,2.88,60298.0,113.83,0.6,2,5.0,1,0
65716,13,8,30,0.37,987293.0,137.53,0.36,4,7.0,4,0
413930,0,4,51,8.86,136176.0,118.31,0.74,2,7.0,1,0
672713,0,4,40,5.91,86166.0,88.03,0.55,2,3.0,1,1
776027,2,3,19,9.94,120765.0,95.53,0.49,1,3.0,1,0
969642,12,6,26,-17.46,961396.0,127.01,0.25,4,3.0,2,1
697080,13,8,25,2.57,981977.0,131.78,0.31,3,6.0,4,1
780085,0,4,20,7.97,42611.0,102.33,0.54,2,4.0,1,0
538339,1,5,37,0.96,80694.0,115.32,0.62,2,6.0,2,1
227174,1,3,49,9.32,86751.0,106.18,0.72,2,5.0,1,0
257351,0,4,47,3.96,61399.0,116.03,0.72,3,8.0,1,0
411781,0,5,20,3.23,59439.0,86.74,0.52,2,2.0,1,1
42708,0,2,38,10.7,138763.0,95.81,0.49,2,2.0,1,0
466237,12,7,24,-5.05,1007287.0,132.32,0.31,4,6.0,3,1
452974,11,5,24,-10.17,1062846.0,124.37,0.21,3,3.0,2,1
478102,13,6,30,0.1,1026877.0,122.72,0.22,3,3.0,3,0
610555,1,3,56,27.52,197543.0,96.56,0.64,2,4.0,1,0
170736,10,7,32,-19.78,942128.0,117.62,0.21,4,0.0,2,1
646010,12,6,26,4.21,988628.0,129.48,0.4,4,6.0,3,1
123389,1,3,19,1.06,81070.0,106.3,0.56,2,5.0,1,0
364562,1,3,47,1.96,22366.0,120.67,0.76,2,8.0,1,0
800189,0,4,20,1.78,83150.0,96.63,0.55,2,3.0,1,0
637447,2,2,39,2.26,152750.0,120.53,0.74,2,10.0,1,0
524864,0,4,37,2.17,61209.0,96.09,0.73,3,4.0,1,1
424374,0,2,18,3.48,119554.0,109.47,0.55,2,5.0,1,0
363969,10,6,37,-10.9,995367.0,140.11,0.44,4,9.0,2,1
929388,13,5,35,-11.65,893934.0,124.83,0.27,3,4.0,2,0
44816,1,4,39,0.1,64619.0,104.95,0.68,2,5.0,1,0
286819,0,3,22,0.93,15442.0,94.89,0.49,2,3.0,1,1
500927,2,3,20,2.65,177210.0,84.46,0.34,2,0.0,1,1
494066,0,2,49,9.75,60783.0,122.33,0.78,3,9.0,1,0
292862,1,3,22,6.45,126019.0,101.22,0.58,2,4.0,1,0
719764,0,2,51,0.94,112919.0,96.37,0.6,2,3.0,1,0
505872,0,2,22,2.89,183554.0,103.49,0.56,3,3.0,1,0
286391,0,4,20,5.25,127213.0,103.72,0.57,3,4.0,1,0
278371,2,4,44,9.79,128710.0,104.65,0.58,2,4.0,2,1
969057,2,3,57,6.34,62362.0,103.01,0.73,3,5.0,1,0
650062,0,4,19,16.08,64752.0,81.71,0.44,2,0.0,1,0
29596,3,4,52,1.54,80294.0,109.49,0.69,3,7.0,2,0
657056,0,3,58,3.68,121082.0,116.0,0.73,2,9.0,1,0
553710,1,3,43,23.78,84491.0,93.9,0.62,2,3.0,1,0
483219,10,8,25,12.22,978326.0,137.97,0.41,3,8.0,3,1
201285,3,2,46,1.78,124570.0,113.1,0.62,2,5.0,1,1
823024,12,7,27,-14.66,1005345.0,124.14,0.24,4,2.0,3,1
473031,2,5,47,7.52,118135.0,108.88,0.68,1,6.0,2,0
341341,0,5,38,5.73,86818.0,117.66,0.75,3,7.0,2,0
565420,0,3,59,5.29,110316.0,124.19,0.78,2,10.0,1,1
358440,0,4,58,3.41,148181.0,108.28,0.6,2,4.0,1,0
613595,1,5,19,2.68,153266.0,110.04,0.55,2,4.0,2,0
319918,1,4,52,2.01,94646.0,120.78,0.76,2,9.0,1,0
245042,1,2,39,9.42,87116.0,103.06,0.66,2,4.0,1,0
123964,11,7,28,-17.28,1060225.0,130.04,0.29,4,4.0,3,1
819251,2,4,21,8.73,59884.0,93.81,0.57,2,3.0,1,0
168659,0,4,46,13.65,10036.0,95.11,0.64,2,2.0,1,0
90798,2,4,21,1.8,34156.0,100.19,0.57,2,4.0,1,0
603080,0,5,36,1.68,9097.0,101.02,0.63,2,4.0,1,0
502711,1,0,46,0.31,129097.0,111.66,0.64,2,7.0,1,0
795985,0,2,21,2.11,139191.0,83.58,0.38,2,0.0,1,0
91968,13,6,31,-28.65,1011282.0,119.91,0.23,4,2.0,3,1
604216,13,7,25,-18.48,989396.0,131.62,0.22,3,5.0,4,0
350060,13,6,28,-10.09,1013410.0,125.54,0.24,4,4.0,3,1
752442,13,6,26,-2.9,1071148.0,134.69,0.27,4,7.0,3,1
479778,11,7,31,-20.03,995914.0,122.65,0.35,4,3.0,3,1
808202,11,7,29,-5.7,1084055.0,136.67,0.29,4,7.0,3,1
139146,13,5,27,4.43,1011435.0,119.62,0.15,3,1.0,2,1
745820,13,5,26,-8.71,1107392.0,129.55,0.21,4,4.0,3,1
684904,11,6,28,-5.05,1000373.0,128.93,0.29,4,5.0,2,1
914941,2,3,43,4.93,125884.0,108.54,0.57,3,5.0,1,0
604170,1,4,41,2.5,88594.0,101.08,0.67,2,3.0,1,0
675800,0,3,20,4.48,22867.0,84.85,0.45,2,1.0,1,1
448856,1,2,21,4.93,120071.0,104.47,0.59,2,4.0,1,1
567017,14,7,28,7.13,1076812.0,128.65,0.25,4,4.0,4,1
417868,1,2,33,9.3,57154.0,87.72,0.59,2,2.0,1,0
769423,0,5,47,0.6,34448.0,104.66,0.66,2,4.0,1,0
178337,0,2,20,5.89,89217.0,104.16,0.56,2,5.0,1,1
213637,0,4,47,5.77,156165.0,89.11,0.55,2,1.0,1,1
276536,12,8,24,-15.8,1010292.0,123.98,0.2,4,3.0,4,1
992363,9,7,34,1.86,1114742.0,125.81,0.19,3,3.0,3,1
631451,0,3,47,13.48,156495.0,107.69,0.69,2,6.0,1,0
819012,9,5,35,7.09,980026.0,126.15,0.26,4,4.0,2,1
410696,12,5,28,-5.55,976770.0,119.16,0.26,4,2.0,2,0
828063,10,5,25,-12.69,951823.0,127.26,0.2,2,5.0,2,1
56142,11,7,26,-9.26,996686.0,121.04,0.27,3,3.0,3,1
889006,0,5,21,16.04,78642.0,88.93,0.58,2,1.0,2,0
80077,13,6,30,8.46,1018428.0,118.75,0.24,3,1.0,3,0
926189,0,4,20,12.78,204982.0,106.85,0.58,3,3.0,1,0
328161,12,6,32,-9.41,1055236.0,131.56,0.31,3,6.0,3,1
443551,1,3,37,2.87,64790.0,74.26,0.53,2,0.0,1,0
502269,11,6,28,-15.01,1000298.0,131.49,0.34,3,6.0,2,1
109455,13,5,24,-22.04,964604.0,121.95,0.24,4,3.0,2,1
303479,11,8,30,0.04,979620.0,129.55,0.22,4,4.0,4,1
280732,13,5,29,-0.0,1041774.0,124.12,0.26,3,3.0,2,1
346675,2,3,18,1.96,124955.0,115.01,0.63,3,7.0,1,0
193978,14,7,35,-11.43,1047268.0,136.71,0.32,4,8.0,4,1
526018,12,6,23,16.17,1026491.0,126.13,0.25,4,3.0,3,0
97245,11,9,31,1.6,1002396.0,128.48,0.22,4,4.0,5,1
753069,0,3,19,1.24,96548.0,89.5,0.5,2,2.0,1,0
275442,11,6,25,5.13,1046945.0,129.65,0.27,4,5.0,3,1
815837,2,5,49,2.35,35518.0,105.63,0.76,2,6.0,2,0
999330,1,5,31,9.81,35500.0,104.67,0.63,2,3.0,2,1
64798,0,3,21,12.56,246407.0,100.91,0.48,2,4.0,1,1
954569,12,7,27,5.22,990210.0,135.56,0.37,4,8.0,3,1
427473,1,3,44,7.12,75606.0,106.79,0.61,3,5.0,1,1
126736,12,6,27,-7.17,1001667.0,130.34,0.32,4,7.0,3,0
444643,9,7,26,-14.36,987846.0,129.11,0.31,3,4.0,2,1
56538,13,7,27,-21.75,1056387.0,135.56,0.32,3,7.0,4,1
207374,12,6,41,-10.93,995295.0,130.78,0.32,4,7.0,3,1
930075,0,4,46,8.44,179753.0,104.6,0.6,2,4.0,1,1
247,12,6,29,1.91,903215.0,130.11,0.34,4,6.0,2,1
359078,13,6,33,-8.59,1056931.0,133.45,0.23,4,6.0,3,1
160540,0,2,42,7.94,100300.0,120.36,0.76,2,9.0,1,0
598203,0,5,47,6.06,130847.0,109.19,0.55,2,5.0,2,0
178861,12,6,26,-5.26,1039768.0,128.01,0.23,4,3.0,3,1
25679,11,7,24,6.6,981890.0,117.98,0.28,3,2.0,3,1
581957,13,5,28,-7.62,919546.0,124.36,0.26,4,3.0,2,0
178894,0,3,21,9.54,100161.0,88.35,0.52,2,0.0,1,1
129218,4,2,20,4.17,50000.0,99.55,0.57,2,4.0,1,0
915655,1,1,21,8.96,23508.0,92.06,0.61,2,3.0,1,0
708790,12,5,24,-1.49,1086427.0,127.56,0.28,4,5.0,2,1
546259,11,5,31,-12.74,1031799.0,128.73,0.23,4,6.0,2,1
798144,11,7,28,-4.52,987899.0,124.42,0.23,3,3.0,3,1
427111,11,7,24,-17.1,956414.0,129.69,0.3,4,5.0,3,1
187067,13,9,30,-18.82,950939.0,128.46,0.24,3,5.0,5,0
230058,0,4,52,7.31,127609.0,97.93,0.6,2,3.0,1,0
250846,0,5,55,14.96,65072.0,110.96,0.72,2,6.0,1,0
793841,0,2,36,4.8,76331.0,94.77,0.58,2,4.0,1,1
681036,11,9,24,-10.71,944248.0,119.88,0.24,4,2.0,4,1
934385,12,8,23,-10.33,966568.0,119.49,0.19,3,1.0,4,1
552641,12,8,32,-5.08,1052756.0,129.02,0.27,3,5.0,4,1
828408,1,4,48,9.25,98473.0,99.95,0.6,1,4.0,1,0
597174,13,5,36,6.92,971734.0,126.72,0.3,3,5.0,2,1
672293,0,3,50,1.18,119255.0,105.07,0.72,2,6.0,1,0
51840,0,4,46,0.24,119065.0,106.44,0.68,2,5.0,1,0
892320,1,1,20,9.74,72373.0,88.83,0.62,2,3.0,1,0
597132,12,6,26,-4.48,953371.0,120.62,0.22,3,2.0,2,1
433302,8,6,35,-3.74,1082543.0,135.17,0.3,3,7.0,2,1
100356,11,5,23,-14.54,1006881.0,123.33,0.36,3,4.0,2,0
447204,13,7,27,4.29,939572.0,124.26,0.25,3,4.0,3,1
828274,13,6,32,-28.64,992965.0,119.26,0.19,4,2.0,3,0
806971,0,3,58,4.81,16825.0,111.17,0.81,3,7.0,1,1
276356,1,5,21,4.58,84578.0,97.42,0.54,2,3.0,2,0
650353,2,4,52,1.42,141785.0,112.28,0.71,2,6.0,2,0
595930,2,3,18,16.81,179808.0,106.89,0.52,3,4.0,1,1
525475,12,6,30,9.47,914357.0,132.41,0.37,4,7.0,2,1
854051,11,9,26,-18.13,1066044.0,127.4,0.24,3,4.0,5,1
666753,1,3,22,4.52,133127.0,94.75,0.58,2,3.0,1,0
88753,12,5,24,8.75,878080.0,128.52,0.28,4,5.0,2,0
511061,1,1,56,0.6,141873.0,116.31,0.72,2,7.0,1,0
79289,12,6,26,5.92,992450.0,124.17,0.24,3,2.0,3,1
408861,1,2,53,7.9,107364.0,129.19,0.72,3,10.0,1,0
698647,11,6,34,-23.96,1037167.0,128.69,0.28,3,6.0,2,1
655313,10,6,26,-11.49,1045901.0,130.52,0.3,4,5.0,2,1
195663,12,8,29,1.16,969394.0,121.72,0.27,4,2.0,4,0
182951,0,2,37,16.39,138528.0,94.04,0.5,2,2.0,1,0
761946,12,6,27,2.23,1016875.0,131.25,0.29,3,6.0,3,1
474687,0,2,22,5.81,28588.0,96.32,0.64,2,3.0,1,0
810070,0,3,56,12.87,101995.0,110.06,0.76,2,8.0,1,0
228199,13,9,30,-12.63,1014754.0,126.08,0.27,3,3.0,5,1
808508,13,6,27,-8.29,970657.0,113.14,0.2,4,0.0,3,0
775290,11,5,32,-1.04,926742.0,121.96,0.27,4,3.0,2,1
994797,1,2,22,4.72,103975.0,100.64,0.62,2,4.0,1,0
809036,13,6,26,-6.02,1034403.0,127.92,0.33,3,4.0,3,1
327645,0,3,20,12.55,102643.0,89.72,0.5,2,1.0,1,0
488394,12,5,23,-4.81,1073351.0,134.2,0.22,4,5.0,2,1
941766,11,8,29,4.02,1003260.0,124.63,0.2,4,3.0,4,1
861850,1,3,43,5.0,150762.0,98.07,0.48,2,3.0,1,0
14445,9,8,31,-11.35,1010712.0,132.79,0.28,3,5.0,3,1
891981,0,4,22,1.7,86697.0,97.53,0.52,2,3.0,1,0
118409,1,5,34,6.23,70194.0,85.84,0.43,2,1.0,2,0
469417,0,3,20,15.3,36425.0,93.69,0.55,2,3.0,1,0
971145,12,6,25,-13.95,985696.0,124.59,0.23,3,4.0,3,1
302310,12,5,29,-6.61,1020689.0,119.86,0.2,4,1.0,2,1
517996,0,4,49,0.84,172131.0,117.88,0.74,2,8.0,1,0
476388,13,7,34,5.8,1079785.0,121.85,0.23,3,1.0,4,1
501825,0,4,19,2.5,94158.0,102.31,0.55,3,4.0,1,0
174897,13,7,33,-21.04,963328.0,130.66,0.29,4,5.0,3,1
239268,12,8,25,-8.77,1002213.0,121.36,0.22,3,1.0,4,0
785940,12,6,34,-4.26,1083533.0,122.42,0.23,4,2.0,3,1
569863,2,4,60,7.47,93377.0,115.91,0.74,3,8.0,1,0
838906,1,2,20,1.61,104343.0,90.84,0.56,3,2.0,1,0
190892,0,3,20,3.45,37419.0,86.31,0.56,2,2.0,1,0
602870,11,5,24,-4.26,936950.0,124.35,0.25,4,3.0,2,1
61796,0,5,54,4.21,92337.0,114.66,0.8,2,9.0,2,0
917414,0,3,21,9.0,105926.0,94.67,0.55,2,2.0,1,0
153730,1,5,39,16.47,143939.0,103.36,0.55,2,4.0,2,0
488194,13,6,35,-4.21,1008871.0,117.66,0.18,4,1.0,3,1
805495,0,4,21,1.05,161835.0,104.44,0.64,2,4.0,1,0
866215,2,4,18,0.87,109922.0,85.52,0.51,2,0.0,2,1
26992,2,4,19,2.56,1798.0,87.54,0.68,3,3.0,1,0
284784,12,7,33,-16.18,996336.0,133.18,0.34,3,6.0,3,1
389851,0,4,44,3.52,66894.0,111.37,0.61,2,5.0,1,1
269877,1,1,21,1.38,17003.0,80.19,0.5,2,0.0,1,0
745134,0,3,21,2.94,84999.0,94.28,0.55,2,3.0,1,0
678903,11,6,28,-10.83,969461.0,120.3,0.26,3,4.0,2,1
394321,1,4,39,5.82,109399.0,92.74,0.64,2,3.0,1,0
534500,13,7,23,2.19,960069.0,126.09,0.26,4,4.0,3,1
749336,1,2,34,7.01,67894.0,105.44,0.67,3,5.0,1,1
453775,0,4,19,1.88,45835.0,96.55,0.54,2,2.0,1,0
296829,14,6,32,-0.85,987660.0,124.08,0.25,4,4.0,3,1
645926,0,4,50,8.34,110108.0,94.51,0.56,2,3.0,1,0
908115,0,4,20,0.86,133490.0,83.59,0.46,2,0.0,1,0
628309,0,4,49,0.37,95351.0,111.22,0.74,3,6.0,1,0
895627,13,6,28,-3.33,1052875.0,120.32,0.2,4,1.0,3,1
231164,13,7,29,-12.89,1039564.0,125.87,0.25,4,3.0,4,1
803088,11,6,31,15.84,959639.0,120.65,0.18,4,2.0,2,1
613707,14,9,31,-16.47,982493.0,131.63,0.29,4,6.0,5,1
796238,13,6,30,0.02,1102261.0,121.45,0.22,4,2.0,3,0
429666,13,7,25,-24.53,1064714.0,125.08,0.17,4,3.0,4,1
964960,10,8,30,7.92,966474.0,126.01,0.29,4,3.0,3,1
27132,12,6,24,6.05,1008431.0,126.89,0.24,3,6.0,3,1
676905,13,8,24,1.07,1018180.0,127.63,0.27,3,4.0,5,0
668927,0,4,38,2.78,114357.0,100.21,0.62,2,3.0,1,0
402397,11,6,25,-10.82,1047875.0,124.98,0.26,3,3.0,3,0
117109,14,9,26,2.89,922197.0,131.16,0.26,5,5.0,5,0
652926,1,3,21,1.99,130148.0,113.06,0.56,2,5.0,1,1
777851,1,3,20,7.29,50000.0,102.75,0.63,3,5.0,1,1
191313,1,4,36,6.71,72166.0,110.62,0.58,2,5.0,1,0
503728,11,5,29,-11.16,989709.0,119.99,0.29,4,2.0,2,1
30045,13,6,24,-24.5,1007608.0,128.92,0.26,3,4.0,3,1
352302,13,6,29,4.69,959872.0,131.05,0.3,5,6.0,3,1
10275,2,4,44,1.89,140019.0,99.9,0.66,2,4.0,2,1
380949,11,5,37,4.9,1001635.0,131.51,0.43,4,7.0,2,1
346271,0,5,32,3.33,122237.0,103.02,0.49,2,4.0,2,0
717539,13,6,28,-3.23,1012708.0,135.91,0.31,4,7.0,3,1
222685,10,7,30,-6.8,972080.0,128.51,0.33,3,5.0,3,0
364639,13,6,25,-7.28,925916.0,124.83,0.2,4,3.0,3,1
724834,2,2,21,3.01,95323.0,105.41,0.62,2,4.0,1,0
310443,0,3,50,9.46,212694.0,110.23,0.61,3,6.0,1,0
362283,0,2,57,5.01,103184.0,113.71,0.72,2,8.0,1,1
110721,10,7,26,0.18,1051064.0,130.73,0.33,3,5.0,3,1
645312,0,4,21,3.86,38657.0,88.28,0.51,2,1.0,1,0
846397,12,5,30,-21.72,993045.0,126.2,0.24,4,4.0,2,0
592844,11,7,26,-2.0,1034234.0,130.58,0.24,4,4.0,3,1
283854,11,5,31,7.74,1052048.0,130.48,0.25,4,5.0,2,0
526839,0,3,38,4.01,37314.0,98.4,0.63,2,4.0,1,0
762617,0,4,20,6.62,128007.0,98.74,0.49,2,4.0,1,0
240407,11,7,27,-4.49,989453.0,131.48,0.24,4,5.0,3,1
87199,0,3,35,1.0,50147.0,105.94,0.54,3,4.0,1,0
327402,0,5,58,2.54,114835.0,107.48,0.76,2,5.0,2,0
515624,4,2,31,7.1,88288.0,107.7,0.61,3,5.0,1,0
676034,0,2,22,0.14,130503.0,94.75,0.46,3,2.0,1,0
653570,12,6,29,-8.28,956413.0,125.91,0.28,3,4.0,2,1
882262,11,7,25,-12.99,1102640.0,128.29,0.2,4,4.0,4,1
383608,13,7,24,-4.9,952042.0,125.88,0.27,3,3.0,3,0
964206,0,3,19,5.0,101210.0,110.23,0.55,2,6.0,1,0
138257,12,7,29,0.87,1027407.0,132.74,0.28,4,6.0,3,1
821081,12,9,29,-15.42,935251.0,126.93,0.25,4,3.0,5,0
376651,12,6,25,0.25,1006229.0,125.36,0.25,3,3.0,3,1
850008,12,6,24,0.58,915858.0,118.13,0.27,4,2.0,2,0
433895,10,6,33,-6.99,1046422.0,124.29,0.22,4,3.0,2,1
833441,2,1,55,0.35,50000.0,103.35,0.73,2,6.0,1,1
752772,14,8,23,-0.55,989932.0,122.54,0.2,4,2.0,5,0
379820,11,7,27,8.54,998006.0,130.03,0.3,3,4.0,3,1
275048,12,6,29,-14.41,1008307.0,119.12,0.16,4,2.0,3,0
428945,10,8,31,-25.54,1132087.0,118.88,0.15,4,0.0,4,0
246984,14,6,31,2.21,1114202.0,134.4,0.22,4,6.0,4,1
98566,0,4,20,0.67,111936.0,110.79,0.67,2,6.0,1,0
458754,12,5,24,6.59,916163.0,122.25,0.34,3,3.0,2,0
78084,0,2,18,1.66,62985.0,89.34,0.6,2,3.0,1,0
43602,0,4,56,2.05,138813.0,113.09,0.73,2,6.0,1,0
89724,1,5,18,5.76,137623.0,96.14,0.49,2,1.0,2,1
782204,13,6,25,-14.28,1033984.0,127.05,0.26,4,4.0,3,0
512288,12,6,26,-7.88,1017410.0,134.67,0.35,3,9.0,3,1
830170,9,7,26,-10.85,967195.0,122.81,0.18,4,2.0,2,1
86861,3,5,45,4.19,88575.0,99.5,0.72,2,3.0,2,0
813612,13,7,25,-11.83,944490.0,127.47,0.31,4,5.0,3,1
280652,0,3,41,14.65,40259.0,81.03,0.57,2,1.0,1,0
577473,0,3,46,5.24,97039.0,117.28,0.7,2,7.0,1,1
174468,0,4,45,0.84,45710.0,110.5,0.69,2,6.0,1,1
896419,0,4,55,0.83,102873.0,110.3,0.72,3,7.0,1,0
584190,13,6,30,-17.41,991056.0,127.47,0.23,3,5.0,3,1
442729,12,6,32,-11.8,1053540.0,128.59,0.25,3,4.0,3,1
392386,12,8,35,-11.24,973079.0,129.89,0.31,4,5.0,4,1
562723,2,5,19,3.85,123461.0,99.02,0.58,2,3.0,2,1
904535,1,3,19,0.68,134282.0,96.46,0.51,2,2.0,1,1
516269,12,7,25,-14.94,984536.0,124.31,0.2,4,3.0,3,1
491266,0,1,21,7.66,136390.0,101.22,0.54,3,4.0,1,0
401606,13,6,29,9.22,937667.0,128.29,0.39,3,5.0,3,0
858814,13,7,25,-9.23,1021345.0,126.67,0.31,3,4.0,4,0
730098,12,6,24,-5.53,979832.0,123.92,0.28,4,4.0,3,1
625797,14,7,26,-10.49,947340.0,120.23,0.2,4,2.0,4,1
523083,14,10,27,-20.27,1023311.0,135.54,0.28,4,6.0,5,0
926659,0,5,39,7.98,177687.0,115.93,0.64,3,7.0,2,0
980250,11,8,34,-14.03,954616.0,120.38,0.25,3,2.0,4,1
343961,14,7,28,-22.44,1025047.0,124.61,0.27,5,3.0,4,1
142606,13,10,23,-11.42,1023570.0,125.15,0.17,4,2.0,5,0
24712,3,5,19,2.67,191317.0,89.38,0.55,2,1.0,2,1
577688,11,8,32,9.98,955411.0,134.66,0.35,3,7.0,4,1
435541,1,4,21,4.93,62388.0,94.67,0.63,2,1.0,1,0
504280,2,3,21,0.67,43144.0,81.96,0.47,2,0.0,1,1
241919,0,5,59,3.12,113405.0,126.99,0.88,3,12.0,2,1
874599,11,5,24,-18.18,914227.0,119.07,0.28,3,4.0,2,1
206148,0,3,48,11.16,182628.0,113.35,0.63,2,7.0,1,0
606234,8,5,37,-0.27,963460.0,132.11,0.46,4,8.0,2,0
36445,0,3,21,9.79,12780.0,92.11,0.64,2,3.0,1,0
677475,0,3,19,27.43,98144.0,84.61,0.5,2,1.0,1,0
932191,0,4,20,1.44,75141.0,114.71,0.63,2,6.0,1,1
947670,0,3,18,13.63,111446.0,94.57,0.48,2,2.0,1,1
970531,2,5,33,9.32,143480.0,107.83,0.63,2,4.0,2,1
981022,13,6,25,-0.53,933926.0,129.45,0.25,4,5.0,3,1
326544,0,4,51,2.45,204336.0,116.88,0.68,2,8.0,1,0
31684,1,2,21,6.96,15288.0,79.7,0.57,3,0.0,1,0
584582,12,8,29,-0.36,982414.0,124.27,0.24,4,2.0,4,1
281240,1,2,19,0.57,24440.0,80.58,0.53,2,2.0,1,0
148402,11,7,32,7.12,1027934.0,121.97,0.24,3,3.0,3,1
964179,12,5,26,-19.73,1006829.0,128.09,0.26,3,4.0,2,1
997079,0,3,21,6.98,107532.0,111.98,0.66,2,7.0,1,0
234036,12,7,41,-5.33,1094296.0,134.75,0.29,4,7.0,4,1
90914,1,5,20,4.27,167215.0,97.84,0.49,2,0.0,2,1
895864,10,6,24,-1.9,1132611.0,126.71,0.25,4,4.0,3,1
351767,1,4,52,3.06,126977.0,103.77,0.77,2,5.0,1,0
548429,1,4,45,6.68,97729.0,119.33,0.69,3,6.0,1,0
949652,0,3,41,0.7,4111.0,106.48,0.73,2,5.0,1,0
468821,1,4,55,2.67,50417.0,103.47,0.71,2,6.0,1,0
39042,2,4,43,0.83,91293.0,114.11,0.76,2,9.0,1,0
910695,1,2,22,0.53,132262.0,101.49,0.65,2,5.0,1,1
133886,12,6,26,-4.59,999292.0,119.36,0.17,3,3.0,3,1
926361,0,4,21,1.18,94700.0,86.51,0.51,2,0.0,1,0
43098,7,8,25,-9.4,917607.0,129.75,0.33,3,5.0,2,1
46417,12,6,34,-14.29,994142.0,126.3,0.25,4,4.0,3,1
742618,11,5,27,-4.52,1045664.0,130.39,0.26,4,5.0,2,0
139206,2,3,21,1.41,50990.0,100.11,0.54,2,4.0,1,1
835317,0,3,19,1.14,159487.0,116.97,0.64,2,6.0,1,0
915234,11,6,28,-14.12,1047511.0,122.78,0.18,2,2.0,3,1
990096,12,11,31,13.66,1011865.0,133.73,0.35,3,7.0,5,1
316645,0,4,19,5.84,100615.0,93.44,0.49,3,2.0,1,1
736996,1,2,20,0.93,1192.0,92.67,0.57,2,4.0,1,0
28618,9,8,23,-2.43,909015.0,123.17,0.19,3,3.0,3,0
625564,13,8,31,-2.76,1005813.0,134.3,0.25,4,6.0,5,1
775742,5,6,30,-8.26,963729.0,125.83,0.32,3,5.0,2,0
358480,3,4,21,1.56,70499.0,96.96,0.54,3,2.0,2,0
374614,0,4,59,0.94,93092.0,125.71,0.81,3,11.0,1,0
923770,0,2,54,9.59,146910.0,118.92,0.74,3,8.0,1,0
239624,12,6,27,3.38,1021982.0,130.52,0.24,3,5.0,3,1
854897,11,8,26,-7.84,977973.0,129.5,0.26,3,4.0,4,0
118905,9,9,25,5.43,898214.0,123.0,0.26,3,4.0,3,0
621524,11,5,29,0.86,982118.0,124.09,0.19,3,2.0,2,0
429134,12,8,27,-9.07,991654.0,132.08,0.23,4,6.0,4,1
2940,0,4,20,8.34,91868.0,87.9,0.49,2,1.0,1,0
710616,13,6,30,8.79,1058284.0,130.23,0.21,4,4.0,3,1
117371,3,3,21,3.29,67675.0,92.48,0.57,3,3.0,1,1
655185,1,3,44,3.01,52090.0,109.94,0.79,2,7.0,1,0
437464,13,7,28,-7.08,1038201.0,122.26,0.21,3,3.0,4,1
185698,0,3,18,4.29,53617.0,103.9,0.57,2,4.0,1,1
305791,1,3,35,13.14,140014.0,89.15,0.56,2,2.0,1,0
961898,14,8,28,-19.12,980425.0,138.53,0.53,3,9.0,5,1
85980,14,6,25,-0.4,1009078.0,129.4,0.28,4,6.0,3,1
813957,13,6,27,-11.54,950472.0,126.27,0.35,4,4.0,3,0
84722,10,7,27,12.01,945604.0,131.08,0.32,4,5.0,2,1
724206,13,8,31,-1.85,1089752.0,131.61,0.27,4,5.0,5,0
752726,1,3,22,6.18,111164.0,90.2,0.49,3,0.0,1,0
707500,12,5,24,-2.76,954187.0,122.86,0.28,4,4.0,2,1
84328,1,2,45,1.19,27909.0,108.87,0.71,2,6.0,1,0
293814,1,1,19,0.24,104833.0,100.39,0.59,2,4.0,1,0
379277,10,8,23,15.62,951789.0,126.42,0.21,4,3.0,3,0
72484,12,10,24,-10.39,1088983.0,131.76,0.22,4,4.0,5,1
443948,1,1,20,8.18,81890.0,95.04,0.58,3,3.0,1,1
260539,1,2,58,6.62,103313.0,120.28,0.67,2,8.0,1,0
35603,0,3,21,2.14,42442.0,98.23,0.49,1,4.0,1,0
888530,9,6,26,4.51,987282.0,130.08,0.3,4,6.0,2,1
543467,0,3,44,2.52,208026.0,99.01,0.53,3,3.0,1,0
280198,1,2,19,3.57,145236.0,101.08,0.5,2,4.0,1,0
898444,0,3,21,6.31,208484.0,104.62,0.49,2,4.0,1,0
281840,0,4,34,0.24,186170.0,107.67,0.64,2,5.0,1,0
679125,1,4,20,0.74,156276.0,116.95,0.7,2,7.0,1,0
928124,0,2,45,5.26,148921.0,109.41,0.65,2,5.0,1,0
105885,13,8,31,-9.39,1021855.0,127.83,0.19,4,3.0,5,0
230783,12,7,30,6.47,1027149.0,133.74,0.3,4,5.0,3,1
496510,11,7,24,-3.99,1018053.0,111.42,0.16,4,0.0,3,1
298727,1,5,32,1.14,103390.0,111.79,0.66,3,5.0,2,0
701594,12,5,25,8.56,1004852.0,129.89,0.22,3,5.0,2,1
753443,11,7,29,-7.99,953975.0,120.66,0.25,4,2.0,3,0
450970,12,8,25,-5.63,967905.0,126.07,0.25,4,2.0,4,1
499191,1,3,19,5.36,141775.0,103.12,0.57,2,4.0,1,0
995891,0,3,21,1.99,245138.0,104.2,0.54,3,4.0,1,0
672137,12,6,23,-20.88,1071389.0,131.86,0.32,3,5.0,3,1
787492,11,8,32,-22.67,1095168.0,131.85,0.27,4,5.0,4,1
797108,11,8,28,-6.56,938035.0,118.5,0.24,3,0.0,3,1
429371,12,6,33,5.06,987956.0,117.33,0.23,3,2.0,3,1
66378,0,1,21,23.7,108563.0,96.09,0.56,2,3.0,1,0
132516,12,6,27,5.74,975124.0,128.87,0.27,4,5.0,2,0
182401,3,4,21,0.55,199700.0,113.67,0.56,2,6.0,2,0
989238,0,4,54,0.26,138637.0,122.26,0.74,2,9.0,1,0
248026,12,8,34,-16.78,989577.0,126.07,0.25,4,3.0,4,1
595176,1,5,21,3.05,64912.0,92.33,0.43,2,1.0,2,1
463324,13,6,28,3.4,1010070.0,135.26,0.33,3,6.0,3,0
876994,11,5,26,-2.99,1060925.0,127.83,0.21,4,4.0,2,1
582946,11,7,30,-0.88,977080.0,125.76,0.24,4,4.0,3,1
903752,2,1,20,17.67,109709.0,99.18,0.6,3,4.0,1,0
849717,5,3,20,5.05,119962.0,100.67,0.52,2,4.0,2,0
824453,3,5,20,3.05,103107.0,104.63,0.63,2,4.0,2,0
938241,11,7,23,-2.64,997398.0,132.52,0.24,4,4.0,3,1
791641,0,4,21,4.13,57987.0,99.87,0.44,2,3.0,1,1
541379,12,8,28,-11.29,1031524.0,128.83,0.22,4,4.0,4,1
651407,12,6,23,-10.61,1094630.0,119.56,0.16,4,1.0,3,1
537212,13,7,28,0.49,988973.0,121.95,0.24,3,3.0,4,1
97640,4,3,34,4.06,30354.0,83.95,0.57,2,1.0,1,0
88987,0,3,22,4.5,85498.0,97.15,0.51,2,3.0,1,0
980804,13,7,23,-2.27,949170.0,114.23,0.25,4,0.0,3,1
527692,1,1,19,16.56,9261.0,97.33,0.55,2,4.0,1,1
257195,0,3,19,6.53,94198.0,108.73,0.59,2,6.0,1,1
383616,0,4,20,1.52,48499.0,89.07,0.58,2,2.0,1,0
315075,16,7,24,4.2,1109176.0,128.88,0.19,4,2.0,5,1
296185,0,4,51,4.08,137516.0,122.34,0.77,2,8.0,1,0
359957,1,5,58,2.84,121591.0,122.35,0.83,3,10.0,2,0
195239,0,3,21,9.48,80493.0,99.77,0.52,2,3.0,1,0
492871,12,7,27,-5.3,966500.0,121.79,0.21,3,2.0,3,1
695582,13,9,32,8.13,928351.0,136.61,0.29,4,7.0,5,0
398856,10,8,25,-22.28,974780.0,126.87,0.25,4,3.0,3,0
129104,0,2,21,5.97,86157.0,82.64,0.45,2,0.0,1,0
411367,0,4,21,2.91,73665.0,96.05,0.5,2,2.0,1,0
373744,13,7,25,0.77,947308.0,128.68,0.29,3,5.0,3,1
257827,12,9,23,-5.39,1040022.0,121.55,0.14,3,0.0,5,1
521197,11,7,30,9.69,1020550.0,132.71,0.33,3,7.0,3,1
307265,13,7,34,2.8,1019576.0,128.69,0.27,3,3.0,4,1
791834,13,7,29,8.09,1020510.0,128.54,0.23,4,5.0,4,1
94831,13,6,27,-11.15,1128206.0,132.86,0.18,4,5.0,4,1
761318,2,5,21,5.19,68814.0,98.85,0.5,3,2.0,2,0
183298,14,6,28,-9.6,1009467.0,131.78,0.28,4,7.0,3,1
414872,2,4,22,4.41,97532.0,105.08,0.59,2,5.0,1,1
179698,0,4,53,5.47,77537.0,120.52,0.75,2,10.0,1,0
512116,1,4,18,1.76,49992.0,76.42,0.53,2,0.0,1,0
960221,2,5,19,4.88,50000.0,88.67,0.49,2,1.0,2,0
666245,3,4,18,5.85,91281.0,103.84,0.53,2,3.0,2,0
101153,7,6,29,-3.68,1019743.0,133.77,0.28,4,6.0,2,1
513841,3,2,22,1.28,143000.0,106.71,0.53,2,4.0,1,0
668035,14,5,24,-4.94,995733.0,122.1,0.28,3,3.0,2,1
729016,13,8,32,7.2,1026072.0,130.27,0.24,3,4.0,5,1
753068,1,3,19,1.51,174087.0,96.77,0.46,2,1.0,1,1
532781,12,7,32,2.0,943464.0,126.21,0.25,4,4.0,3,1
830968,1,3,20,2.6,104050.0,93.36,0.55,2,2.0,1,0
70519,13,6,25,8.4,893186.0,124.62,0.33,3,3.0,2,0
798305,13,5,29,-15.88,1040135.0,134.81,0.34,4,8.0,2,1
525937,13,6,25,1.48,1022522.0,134.92,0.4,3,8.0,3,1
909340,0,3,22,0.79,95655.0,104.59,0.59,2,5.0,1,0
7964,11,7,25,12.28,1014052.0,130.15,0.19,4,5.0,3,1
445766,0,3,20,2.31,101979.0,86.9,0.44,2,0.0,1,0
869085,0,4,46,14.45,107887.0,105.93,0.64,2,5.0,1,0
206565,13,6,26,-8.96,1013739.0,128.25,0.18,4,4.0,3,1
385894,0,4,52,5.63,211863.0,118.05,0.71,2,7.0,1,1
583097,0,3,20,2.13,94602.0,93.32,0.54,3,1.0,1,0
383970,11,7,37,-1.16,975674.0,127.5,0.28,3,5.0,3,1
657726,1,2,44,1.15,145088.0,113.42,0.74,2,7.0,1,1
38288,0,5,21,27.18,47855.0,79.44,0.51,2,0.0,1,0
249275,13,8,25,-12.95,926871.0,127.16,0.28,3,4.0,4,0
817067,10,5,31,-4.94,1124756.0,128.61,0.2,3,5.0,2,1
733692,1,5,52,2.45,192241.0,107.94,0.59,3,6.0,2,0
788305,0,5,21,8.88,57035.0,97.39,0.52,2,3.0,1,0
867636,0,3,50,13.31,60226.0,109.22,0.73,2,6.0,1,0
894007,1,2,22,4.83,129578.0,92.31,0.51,2,2.0,1,0
226410,0,5,54,11.03,101114.0,107.82,0.7,3,6.0,2,0
168068,0,3,21,0.06,56250.0,103.97,0.66,3,3.0,1,0
786749,12,5,27,-16.52,1067485.0,125.41,0.17,4,3.0,2,1
338935,0,4,20,3.1,70506.0,95.44,0.54,2,4.0,1,0
191964,0,3,21,2.46,68101.0,99.31,0.53,2,3.0,1,0
614113,1,2,19,11.88,147185.0,92.7,0.58,2,2.0,1,0
12304,2,2,20,5.77,114369.0,101.65,0.53,3,5.0,1,0
160730,12,9,29,-2.95,1038461.0,136.3,0.31,3,7.0,5,1
358212,12,7,31,-1.53,1071444.0,123.25,0.16,3,3.0,4,1
330349,1,4,42,11.28,113006.0,120.43,0.72,2,8.0,1,0
431238,12,8,26,-9.32,1062553.0,125.63,0.13,4,0.0,5,1
164385,11,5,30,-3.77,1027383.0,125.86,0.37,4,5.0,2,1
792358,3,5,20,2.11,117668.0,102.8,0.56,2,2.0,2,1
148833,14,7,24,-7.54,906375.0,121.02,0.2,3,3.0,3,1
220170,12,7,27,-5.02,1036799.0,122.26,0.19,4,3.0,3,0
898842,1,5,20,6.31,171822.0,89.49,0.43,2,0.0,2,0
471049,0,0,48,6.1,120933.0,110.08,0.69,2,6.0,1,0
840209,2,4,19,1.71,24019.0,81.38,0.49,2,0.0,1,0
216639,13,7,33,-4.15,1039961.0,119.02,0.18,4,1.0,4,1
853753,8,7,26,7.15,1016345.0,126.86,0.34,3,5.0,2,0
996129,0,3,19,1.79,16375.0,91.92,0.58,2,4.0,1,0
939499,2,4,21,2.95,41636.0,107.35,0.56,3,5.0,1,0
968918,10,6,34,0.06,984612.0,121.5,0.23,4,2.0,2,1
740404,0,2,21,0.4,103361.0,107.29,0.62,2,5.0,1,0
600122,0,3,58,2.06,100409.0,109.58,0.72,3,6.0,1,0
490132,11,6,26,7.2,920405.0,128.9,0.39,3,5.0,2,0
92404,9,5,27,-16.65,984808.0,134.04,0.36,4,8.0,2,0
587913,1,4,36,2.35,127065.0,94.02,0.61,3,2.0,1,1
598295,0,4,20,1.95,171867.0,96.45,0.49,2,3.0,1,0
641669,13,7,28,-10.38,993551.0,134.14,0.31,4,6.0,4,0
646529,0,4,20,13.28,133547.0,100.31,0.43,2,2.0,1,0
690607,11,5,29,-5.95,909099.0,130.97,0.31,3,6.0,2,1
503414,13,8,33,1.51,986605.0,122.09,0.23,3,2.0,4,1
352305,14,6,27,-5.76,946506.0,130.33,0.27,3,6.0,3,1
109850,13,6,28,-5.43,946571.0,120.16,0.25,4,2.0,3,1
46752,1,4,56,16.6,133657.0,107.15,0.69,2,4.0,1,0
326524,1,5,20,6.41,161871.0,94.03,0.37,2,1.0,2,0
408378,0,5,57,4.4,118425.0,121.59,0.73,2,8.0,2,0
57670,0,1,19,8.46,29655.0,95.39,0.6,2,4.0,1,1
14524,13,5,32,8.67,973643.0,124.27,0.23,4,3.0,2,1
965542,14,6,23,5.96,1009143.0,112.67,0.24,4,0.0,3,1
891730,9,7,25,-26.07,984659.0,117.8,0.26,3,1.0,2,1
670778,11,9,28,-8.78,1071027.0,125.61,0.2,3,3.0,5,1
44484,1,3,21,7.02,146014.0,99.55,0.5,2,4.0,1,1
668073,13,7,25,-21.67,945947.0,124.32,0.22,3,2.0,3,0
82591,0,5,48,13.15,157404.0,107.62,0.61,3,5.0,2,0
568719,14,7,33,-16.6,1010953.0,115.12,0.2,4,1.0,4,1
294844,14,5,36,-13.88,1067620.0,133.45,0.34,4,6.0,3,1
807794,0,4,40,14.52,74436.0,114.56,0.6,2,8.0,1,0
637802,10,6,27,-13.88,1037888.0,126.4,0.24,3,4.0,2,1
508703,1,3,19,1.95,10179.0,84.42,0.56,1,3.0,1,0
243684,2,3,22,19.72,127554.0,101.14,0.59,2,4.0,1,0
342976,12,7,27,3.87,1002879.0,123.07,0.26,3,3.0,3,0
243724,13,6,32,-10.19,987602.0,121.85,0.23,3,3.0,3,1
620555,0,5,49,6.88,64082.0,106.13,0.67,3,5.0,1,0
564834,11,6,25,-8.36,1021217.0,132.57,0.29,4,4.0,2,0
482442,1,2,19,2.24,121741.0,96.71,0.52,3,3.0,1,0
674339,13,8,26,5.18,1044120.0,131.74,0.28,3,5.0,5,1
964585,11,5,24,-7.25,1041278.0,125.28,0.24,4,4.0,2,1
51441,14,6,29,-20.82,964917.0,131.13,0.32,3,5.0,3,1
681444,1,3,49,9.74,66603.0,114.3,0.71,3,7.0,1,0
395394,1,0,31,3.0,65108.0,97.47,0.51,2,3.0,1,0
565294,0,2,41,12.38,161270.0,107.3,0.65,2,6.0,1,0
821475,1,2,19,9.72,75515.0,90.66,0.51,2,1.0,1,1
453148,0,3,50,1.16,111271.0,96.66,0.61,2,3.0,1,1
125755,1,4,47,9.74,107055.0,106.96,0.7,2,5.0,1,0
222883,1,1,20,8.16,148258.0,99.24,0.61,2,4.0,1,0
179169,1,2,47,10.89,100146.0,110.09,0.74,2,8.0,1,0
146087,11,7,25,-10.19,1062291.0,114.23,0.11,4,0.0,3,1
4510,11,6,30,-14.81,987433.0,122.57,0.21,4,3.0,2,1
329874,2,3,20,14.48,104958.0,98.39,0.49,2,3.0,1,0
292746,0,4,52,4.06,139700.0,99.03,0.61,3,3.0,1,1
345770,1,2,47,0.61,35673.0,99.1,0.67,2,5.0,1,0
718071,0,4,50,1.41,177215.0,110.88,0.64,1,5.0,1,0
543171,2,3,21,4.39,121676.0,105.02,0.67,2,5.0,1,0
414351,8,7,32,3.15,980464.0,127.26,0.28,3,4.0,2,1
172446,0,5,43,8.3,135203.0,118.93,0.68,2,7.0,2,0
769988,0,2,18,3.84,155323.0,113.16,0.57,3,6.0,1,0
368741,9,9,28,-8.43,967330.0,135.33,0.32,4,6.0,4,1
517449,0,3,21,4.97,98864.0,84.09,0.6,2,1.0,1,0
470145,1,0,46,4.84,9690.0,106.21,0.71,2,7.0,1,1
781636,12,7,25,2.07,1015215.0,131.67,0.27,4,4.0,3,1
722780,0,4,21,2.42,166960.0,106.33,0.51,2,4.0,1,1
315220,11,5,25,-3.94,981917.0,120.6,0.27,3,3.0,2,1
800815,0,3,33,2.03,130264.0,107.72,0.64,3,5.0,1,0
809082,14,5,33,-4.82,983682.0,123.03,0.24,4,3.0,2,1
888214,11,5,29,9.47,990246.0,127.83,0.23,4,4.0,2,1
331473,11,6,37,-3.74,989849.0,132.0,0.25,4,6.0,2,0
703551,12,7,26,-32.81,1007530.0,125.88,0.27,4,3.0,3,1
899962,2,2,21,1.23,80658.0,110.45,0.56,2,6.0,1,0
461234,0,4,53,0.46,122846.0,106.73,0.7,3,5.0,1,0
366771,0,4,34,0.92,47519.0,102.89,0.54,2,4.0,1,0
112604,11,6,34,-5.78,1034604.0,125.81,0.2,3,3.0,2,1
709831,11,6,27,-14.09,1038439.0,129.73,0.17,3,5.0,2,1
876193,13,8,36,-7.97,979072.0,132.65,0.27,4,5.0,4,0
888853,10,6,28,10.06,1025587.0,123.15,0.16,3,3.0,2,1
50290,12,6,26,-14.67,1003829.0,132.53,0.38,4,6.0,3,0
566832,13,8,32,-9.3,1041254.0,128.08,0.19,4,4.0,5,1
699919,0,3,31,0.58,115451.0,105.78,0.59,2,4.0,1,0
107877,0,2,42,16.37,71405.0,115.18,0.78,2,7.0,1,0
687224,12,6,35,-2.13,1007076.0,126.21,0.34,4,3.0,3,1
76129,0,3,48,6.46,41289.0,102.32,0.74,2,5.0,1,0
460023,12,6,32,-5.41,929115.0,124.59,0.28,3,4.0,2,1
329148,13,6,27,-8.19,996870.0,125.83,0.25,3,4.0,3,1
118062,4,4,53,4.42,97442.0,109.66,0.65,2,5.0,2,1
117834,12,5,28,13.89,988096.0,129.63,0.24,4,5.0,2,1
618279,12,8,38,-6.47,1011274.0,134.17,0.33,4,7.0,4,1
738197,0,2,19,0.56,7760.0,94.52,0.55,3,4.0,1,1
157419,11,6,31,0.39,1003348.0,136.91,0.29,3,8.0,2,0
445026,0,4,31,1.91,84397.0,103.45,0.62,2,5.0,1,1
897135,11,8,25,-22.35,956006.0,126.3,0.23,4,1.0,4,1
510694,0,2,44,4.59,45628.0,94.3,0.68,2,4.0,1,0
397336,2,1,42,0.49,122308.0,113.05,0.7,2,6.0,1,0
832341,0,3,32,3.84,57779.0,90.94,0.69,2,3.0,1,1
827240,2,5,22,5.89,102044.0,117.73,0.62,2,9.0,2,1
133050,11,8,26,2.73,939229.0,122.55,0.19,4,1.0,3,1
701324,1,5,35,1.08,142099.0,104.04,0.61,3,5.0,2,0
408280,0,3,18,1.68,84483.0,82.11,0.44,3,1.0,1,0
801190,12,5,28,-12.8,1116493.0,127.37,0.26,4,4.0,2,1
866283,10,7,23,8.72,979026.0,124.18,0.24,3,3.0,3,1
832467,2,2,19,4.83,93463.0,105.23,0.63,2,4.0,1,0
370963,12,7,36,7.24,1039839.0,119.96,0.19,4,1.0,4,1
563377,0,3,18,5.8,116937.0,100.33,0.56,2,2.0,1,0
196168,13,5,29,9.6,935604.0,123.87,0.26,3,4.0,2,1
729175,13,6,27,0.4,981095.0,118.26,0.23,4,1.0,3,1
214374,0,2,18,4.25,126186.0,91.27,0.57,2,2.0,1,1
98758,1,5,57,17.11,95076.0,113.5,0.69,2,6.0,2,0
347931,0,5,36,4.28,146932.0,112.17,0.59,2,6.0,2,0
423875,12,6,30,15.15,958741.0,127.35,0.25,3,4.0,2,1
270923,0,3,32,7.24,116592.0,104.89,0.67,2,4.0,1,0
527986,13,8,30,-4.72,935752.0,123.28,0.27,4,4.0,4,1
9369,2,3,48,15.75,53109.0,85.02,0.56,3,1.0,1,0
469721,0,5,44,1.8,77647.0,116.6,0.72,2,7.0,2,0
743923,1,4,19,1.11,130036.0,95.98,0.39,2,2.0,1,0
622482,11,7,29,-12.84,989365.0,123.82,0.23,4,3.0,3,1
202736,1,1,21,15.86,66221.0,106.0,0.61,2,6.0,1,0
915132,12,7,28,3.03,1046816.0,128.72,0.25,4,4.0,4,0
529535,14,6,30,-9.24,899874.0,125.49,0.32,4,3.0,3,0
96103,0,3,53,4.57,92756.0,112.13,0.72,3,6.0,1,0
806053,0,3,37,0.23,78618.0,94.68,0.54,2,2.0,1,0
546648,1,3,42,1.83,79215.0,114.76,0.7,2,8.0,1,0
792019,12,7,25,4.3,1061824.0,120.99,0.16,4,2.0,4,0
591970,1,1,22,1.13,50000.0,97.1,0.6,2,4.0,1,1
370528,0,4,22,17.37,56129.0,85.49,0.46,2,0.0,1,0
519099,7,7,27,-29.74,1019050.0,124.14,0.22,4,3.0,2,1
36246,1,2,22,6.32,83420.0,86.76,0.53,2,1.0,1,1
397684,1,0,52,0.68,103913.0,108.52,0.66,3,6.0,1,0
631511,13,7,24,-14.86,1046005.0,123.75,0.16,4,3.0,4,1
969033,7,3,22,6.13,133366.0,101.96,0.53,2,5.0,2,0
49016,0,3,57,1.7,178223.0,101.74,0.65,2,4.0,1,0
993674,10,6,34,-6.78,981613.0,127.81,0.26,4,5.0,2,1
982373,12,6,24,-9.5,897251.0,132.25,0.42,4,7.0,2,1
319987,11,6,26,10.4,993087.0,127.43,0.23,4,4.0,2,1
93182,13,6,38,-5.86,988010.0,138.16,0.43,3,9.0,3,1
894556,1,4,52,6.81,24835.0,95.45,0.63,2,4.0,1,1
288041,10,6,26,-12.79,958482.0,120.29,0.22,3,2.0,2,1
575304,13,7,28,12.66,1075586.0,123.81,0.27,4,3.0,4,1
592423,12,7,29,-16.89,976160.0,134.98,0.26,4,7.0,3,1
409322,5,2,19,3.97,176612.0,85.93,0.38,3,1.0,1,0
968487,1,3,55,4.85,79812.0,111.53,0.66,2,7.0,1,0
356610,13,8,35,-1.42,1073155.0,135.38,0.25,4,6.0,5,0
311507,14,6,32,4.5,979030.0,130.68,0.35,4,6.0,3,1
730053,14,7,30,-4.29,955929.0,127.72,0.23,4,4.0,4,1
697457,11,7,34,-15.26,970055.0,124.95,0.26,3,4.0,3,1
615342,3,4,19,2.51,138071.0,106.53,0.55,2,5.0,2,0
6464,0,4,38,6.25,50000.0,107.45,0.73,2,6.0,1,0
212501,3,4,20,2.77,82551.0,95.87,0.49,3,2.0,2,0
678343,11,6,31,-5.05,942471.0,130.67,0.3,3,5.0,2,1
808908,12,9,33,7.06,937596.0,127.21,0.29,4,4.0,5,1
946272,14,8,33,10.36,990995.0,128.0,0.29,4,5.0,5,1
929660,13,7,35,-2.09,999996.0,131.08,0.26,3,5.0,4,1
112743,14,6,25,-3.6,1099214.0,131.86,0.31,5,6.0,4,0
247748,3,3,22,1.84,161392.0,101.66,0.57,1,3.0,1,0
863143,12,6,27,-6.6,1002322.0,127.43,0.27,4,4.0,3,1
465183,0,4,21,2.47,145627.0,99.4,0.44,2,3.0,1,0
598176,2,3,22,3.55,77626.0,82.97,0.52,2,1.0,1,1
160998,2,3,18,4.22,87290.0,92.0,0.54,3,2.0,1,0
542858,0,2,20,2.59,178342.0,105.81,0.45,3,5.0,1,0
898860,2,1,18,12.98,62470.0,77.92,0.46,2,0.0,1,1
194899,10,6,23,-6.34,1031780.0,128.69,0.3,3,5.0,2,1
57458,13,5,33,-0.72,1015581.0,132.89,0.25,4,6.0,2,1
300289,10,5,33,-3.63,1017474.0,135.27,0.37,4,7.0,2,1
885785,11,5,28,-22.02,964040.0,128.25,0.19,4,5.0,2,1
254410,0,2,21,6.58,90825.0,105.57,0.64,2,6.0,1,0
754860,2,3,56,7.93,166961.0,127.58,0.66,2,10.0,1,1
933786,13,6,23,-16.6,1004145.0,128.07,0.27,4,4.0,3,1
336004,2,3,20,1.24,97234.0,103.48,0.58,2,4.0,1,0
175721,13,6,25,4.5,976030.0,127.55,0.26,3,4.0,3,0
351853,0,2,20,4.52,100648.0,99.97,0.48,3,3.0,1,0
947377,0,2,21,15.98,129042.0,110.81,0.56,3,5.0,1,0
93742,13,6,26,-3.0,1012332.0,125.9,0.22,3,3.0,3,1
281331,12,6,23,-20.15,1033886.0,123.83,0.18,4,3.0,3,0
997300,1,4,19,5.11,102774.0,83.73,0.48,2,0.0,1,0
331763,11,8,23,4.14,994915.0,130.21,0.24,3,5.0,4,1
838987,1,3,49,11.46,114899.0,112.48,0.74,2,6.0,1,0
4589,3,3,59,4.97,57135.0,108.21,0.76,3,7.0,1,0
995512,12,7,31,-16.1,1093418.0,126.52,0.24,4,4.0,4,1
793035,10,5,26,-3.87,1072179.0,136.9,0.3,4,8.0,2,0
87159,0,4,18,3.83,103284.0,98.94,0.53,2,2.0,1,0
830630,2,1,32,11.28,116983.0,89.53,0.54,2,2.0,1,0
91673,12,6,24,-25.87,965221.0,119.26,0.2,3,2.0,2,1
797374,1,1,19,5.32,113124.0,87.38,0.55,2,2.0,1,0
688739,11,5,23,-30.9,940961.0,126.94,0.23,3,5.0,2,1
591945,11,10,23,-6.38,1072558.0,127.75,0.18,4,3.0,5,1
882922,11,8,32,-5.81,1073643.0,132.2,0.23,3,4.0,4,1
94718,12,6,30,-5.87,997656.0,130.99,0.31,4,5.0,3,0
596672,13,5,23,-19.06,1022435.0,126.04,0.19,4,4.0,2,1
14413,0,5,42,11.05,171375.0,94.22,0.61,3,2.0,2,0
646093,10,7,27,-5.2,959237.0,122.35,0.23,4,3.0,3,1
540474,12,5,29,-10.55,1073115.0,121.66,0.16,3,1.0,2,0
575884,12,7,31,-5.35,1027185.0,124.65,0.25,3,3.0,3,0
998152,13,6,26,0.39,1011523.0,123.9,0.24,4,3.0,3,0
891046,0,1,18,5.17,60378.0,93.58,0.6,2,3.0,1,0
540376,10,7,32,7.62,1029897.0,118.81,0.16,3,1.0,3,1
711358,0,1,59,6.84,202313.0,108.49,0.66,2,5.0,1,0
128948,12,8,29,3.24,1007538.0,126.87,0.25,3,3.0,4,1
377359,1,4,36,12.63,81266.0,98.98,0.59,2,4.0,1,0
103912,14,6,27,2.55,1051717.0,125.27,0.23,4,3.0,3,1
381363,1,2,20,8.64,112742.0,95.48,0.62,2,3.0,1,0
664385,4,4,19,1.8,34107.0,92.66,0.49,2,1.0,2,0
801656,13,8,23,8.64,1014818.0,129.99,0.27,4,4.0,5,1
168137,10,10,34,3.27,1037766.0,135.1,0.3,3,5.0,5,1
976251,13,6,37,-7.43,946208.0,126.8,0.29,4,5.0,3,0
245321,10,7,30,-11.62,1021100.0,125.79,0.19,3,3.0,3,1
357092,0,4,22,6.7,117081.0,106.95,0.49,2,3.0,1,0
331185,14,9,29,3.19,1013704.0,126.62,0.19,3,3.0,5,0
531179,0,3,44,9.89,98381.0,106.26,0.66,2,4.0,1,0
941578,0,5,20,10.15,119117.0,111.54,0.62,2,6.0,2,0
236472,2,4,43,1.22,102308.0,88.98,0.66,2,2.0,2,0
476520,11,8,25,-3.88,1055344.0,123.87,0.21,3,2.0,4,1
509860,12,8,23,3.57,1034139.0,119.82,0.17,4,2.0,4,1
533886,3,3,20,10.17,83366.0,101.1,0.4,3,3.0,1,0
913495,13,6,38,-17.68,1003449.0,121.25,0.25,4,2.0,3,1
739049,0,1,21,1.2,144104.0,91.67,0.61,3,3.0,1,0
552699,4,4,58,15.45,108199.0,110.11,0.7,3,6.0,2,0
408443,0,2,21,0.43,76690.0,106.54,0.57,2,4.0,1,0
455118,13,7,31,-8.61,936210.0,128.72,0.34,3,6.0,3,0
989162,12,7,33,3.36,1005386.0,130.58,0.29,4,6.0,3,1
824227,13,5,28,-21.36,1025053.0,127.49,0.26,4,5.0,2,1
985283,0,4,59,0.76,129908.0,119.17,0.74,3,9.0,1,0
823471,1,2,31,13.88,99089.0,109.13,0.69,2,6.0,1,0
174738,2,5,19,3.58,96692.0,91.11,0.47,2,2.0,2,0
870817,0,3,48,1.22,65061.0,102.57,0.71,3,5.0,1,0
493287,0,4,53,6.71,178916.0,103.68,0.71,2,5.0,1,0
183014,13,5,29,-12.47,961780.0,122.01,0.25,4,4.0,2,1
768043,2,2,56,17.24,116668.0,107.37,0.6,2,6.0,1,0
709219,1,4,33,22.96,72838.0,89.03,0.49,1,1.0,1,0
369526,0,4,20,1.34,121442.0,104.7,0.64,3,5.0,1,0
648052,0,2,41,0.28,116105.0,116.19,0.69,2,9.0,1,0
840452,14,6,28,-7.57,1101842.0,135.08,0.28,4,6.0,4,0
503648,11,5,37,6.08,1056578.0,131.17,0.24,4,5.0,2,0
451292,11,6,26,-10.39,1083472.0,122.34,0.15,4,2.0,3,1
442253,11,7,25,12.43,977846.0,122.49,0.19,3,3.0,3,1
244795,12,6,26,-12.93,975044.0,128.85,0.32,4,5.0,2,1
591634,14,7,30,1.24,953749.0,130.62,0.31,3,5.0,4,0
6949,11,7,23,3.97,919341.0,116.59,0.17,4,1.0,3,1
9331,0,4,22,7.22,49207.0,77.49,0.51,2,0.0,1,0
921505,12,8,28,-3.45,1002417.0,131.25,0.3,4,5.0,4,0
127779,13,7,25,-12.84,918196.0,123.91,0.27,4,3.0,3,0
497542,2,3,19,6.33,62861.0,98.21,0.64,2,4.0,1,0
868242,3,3,22,2.56,171830.0,100.52,0.5,2,2.0,1,0
216848,0,4,43,4.14,65635.0,105.15,0.67,3,5.0,1,0
735354,0,5,20,5.93,107963.0,106.39,0.63,2,4.0,2,1
967729,11,6,29,-10.04,996721.0,116.19,0.18,4,2.0,2,0
101358,2,5,48,2.21,67735.0,106.92,0.68,2,4.0,2,1
113308,14,5,26,12.33,944130.0,126.9,0.25,3,4.0,2,1
40584,12,7,29,-11.6,1110294.0,131.41,0.21,4,4.0,4,1
977429,1,2,20,2.84,129467.0,98.95,0.57,3,3.0,1,0
474944,0,2,55,7.12,144548.0,120.59,0.78,2,8.0,1,0
445684,13,7,28,-3.57,1038227.0,129.17,0.18,4,4.0,4,1
174885,8,8,32,-9.33,994684.0,121.74,0.19,3,1.0,3,1
531208,13,6,30,6.46,988329.0,128.51,0.27,4,4.0,3,1
695058,13,8,24,-11.15,938582.0,127.37,0.23,3,5.0,4,1
27065,13,6,33,-7.4,885760.0,124.41,0.24,4,4.0,2,1
724614,13,6,26,1.86,983390.0,128.06,0.27,4,5.0,3,1
454362,11,6,36,-1.77,937905.0,122.53,0.28,3,4.0,2,1
136253,2,3,22,7.44,75278.0,85.3,0.51,2,1.0,1,0
366260,1,4,59,14.89,61371.0,107.76,0.65,2,6.0,1,0
584116,0,4,42,5.51,112620.0,123.44,0.71,2,10.0,1,0
683628,10,6,33,11.74,1123132.0,127.83,0.21,5,4.0,3,1
597024,1,4,41,5.01,114830.0,103.34,0.61,3,3.0,1,0
337838,0,1,21,5.37,110752.0,76.28,0.56,3,1.0,1,0
226764,14,8,31,-14.9,991584.0,128.67,0.33,4,4.0,5,1
657993,10,7,30,-14.45,1014141.0,122.49,0.21,4,3.0,3,1
205102,3,1,18,12.79,25467.0,81.31,0.6,2,2.0,1,0
165371,3,5,22,8.27,113002.0,109.86,0.62,2,5.0,2,0
903517,14,6,23,14.58,1042805.0,127.32,0.2,5,4.0,3,0
428323,0,4,20,2.53,91732.0,95.67,0.5,2,3.0,1,1
436949,0,5,57,12.28,83048.0,107.34,0.74,2,5.0,2,0
454377,0,3,48,4.06,66662.0,103.67,0.68,2,4.0,1,1
536321,0,5,41,4.7,118920.0,117.44,0.74,2,7.0,2,0
527630,12,8,29,-17.53,887950.0,128.98,0.34,3,5.0,4,0
411740,14,6,32,1.08,1089601.0,126.89,0.13,3,3.0,4,1
492185,13,8,31,5.72,1053710.0,139.42,0.33,4,8.0,5,1
773730,1,2,55,2.1,111958.0,103.71,0.76,2,6.0,1,0
65975,12,6,33,-11.44,1016235.0,131.63,0.3,3,7.0,3,0
172715,0,3,46,17.22,19328.0,101.75,0.75,2,5.0,1,1
435873,0,4,43,6.73,118328.0,102.04,0.62,2,3.0,1,0
64304,1,2,21,10.6,62759.0,89.84,0.55,2,1.0,1,0
933439,0,3,59,1.53,115762.0,93.95,0.64,2,2.0,1,0
818154,0,2,20,6.38,46616.0,87.05,0.55,2,2.0,1,0
2706,1,4,19,4.83,64348.0,98.71,0.66,2,2.0,1,0
601277,1,2,58,8.79,49202.0,109.23,0.77,2,7.0,1,0
862310,0,3,51,10.08,127983.0,114.5,0.71,2,7.0,1,0
62690,13,7,27,-5.55,1039926.0,122.3,0.2,4,1.0,4,0
44196,1,2,56,4.61,95869.0,102.11,0.66,2,4.0,1,0
554463,12,6,24,-7.63,989101.0,120.36,0.17,4,2.0,3,1
963114,13,5,24,5.59,982396.0,127.81,0.22,4,4.0,2,1
546425,0,5,22,1.41,109431.0,101.27,0.46,2,2.0,2,0
484316,1,3,22,10.33,50000.0,97.92,0.53,3,4.0,1,0
385278,0,5,20,2.4,168634.0,97.87,0.57,3,3.0,2,0
764643,12,7,27,0.4,950273.0,131.98,0.37,3,6.0,3,1
59695,11,6,32,2.25,941424.0,121.47,0.27,3,3.0,2,1
487127,0,5,33,7.15,134287.0,94.69,0.66,2,3.0,2,0
139982,11,8,30,7.69,928454.0,132.67,0.31,4,7.0,3,1
437220,1,3,34,3.97,73616.0,116.16,0.69,2,7.0,1,1
392956,9,6,30,-23.31,983962.0,120.8,0.27,3,2.0,2,0
122485,10,5,28,-0.46,940205.0,118.42,0.23,3,2.0,2,1
725278,13,5,27,-24.11,1009814.0,122.93,0.25,3,4.0,2,0
533272,1,5,21,3.46,82149.0,89.07,0.48,3,0.0,2,1
83660,14,8,25,4.39,1109475.0,121.38,0.18,5,2.0,5,1
935852,12,7,28,5.23,896189.0,133.18,0.33,4,6.0,3,1
566508,0,4,54,13.78,129904.0,123.19,0.77,2,9.0,1,1
580543,9,6,36,7.37,1002996.0,133.02,0.37,3,5.0,2,1
312147,11,6,27,2.34,950858.0,130.94,0.36,4,6.0,2,1
549513,12,7,35,-2.14,1000748.0,130.39,0.31,3,5.0,3,1
596880,12,11,31,-0.95,1002713.0,133.1,0.36,3,6.0,5,1
116906,12,9,31,-8.4,1034958.0,130.44,0.23,3,5.0,5,1
61122,0,5,20,12.64,81000.0,113.08,0.58,3,7.0,2,0
898332,0,3,45,7.48,113190.0,97.25,0.69,3,5.0,1,0
661430,0,5,55,1.82,113582.0,127.61,0.81,3,11.0,2,0
628607,1,4,22,3.48,42424.0,104.94,0.62,3,5.0,1,1
298163,12,6,28,20.31,1018399.0,130.68,0.24,4,5.0,3,0
247042,0,5,22,6.7,19254.0,87.15,0.56,2,0.0,1,0
430816,3,3,45,29.84,132744.0,103.19,0.61,2,6.0,1,0
991251,0,4,19,4.11,144987.0,94.68,0.48,1,3.0,1,1
304770,13,6,28,-28.06,931467.0,116.64,0.2,3,2.0,3,1
899552,1,2,51,11.15,57782.0,107.93,0.74,2,6.0,1,0
221973,11,5,31,-8.43,1006116.0,130.5,0.3,4,4.0,2,1
10539,0,3,34,4.34,48489.0,95.14,0.61,2,3.0,1,1
975456,2,3,33,14.22,21151.0,84.0,0.67,2,2.0,1,1
121187,12,6,29,-11.93,1077756.0,126.82,0.29,4,3.0,3,1
193954,0,4,54,20.37,196521.0,109.82,0.6,2,4.0,1,0
173764,0,4,20,4.16,52698.0,118.89,0.68,2,7.0,1,0
787789,0,4,19,10.44,133055.0,98.5,0.65,2,4.0,1,0
103692,1,3,21,16.59,129503.0,105.68,0.63,2,6.0,1,0
119690,9,6,31,-6.74,938512.0,124.76,0.25,3,5.0,2,1
149458,14,6,24,-24.28,937817.0,127.24,0.29,4,5.0,3,1
981517,13,6,28,-25.18,1012375.0,127.98,0.31,4,5.0,3,1
264231,0,5,45,2.47,74173.0,104.89,0.69,2,6.0,2,0
302094,0,4,18,2.64,72191.0,92.26,0.52,2,2.0,1,0
745523,0,3,46,1.75,151045.0,110.96,0.67,2,6.0,1,0
310547,11,8,33,1.4,1005711.0,121.68,0.23,4,1.0,4,1
538877,14,6,34,-5.86,951505.0,130.04,0.35,4,6.0,3,1
897213,0,5,42,7.74,80415.0,116.36,0.74,2,7.0,2,1
15308,13,7,28,-20.58,997481.0,122.81,0.24,4,2.0,4,1
862239,1,3,20,1.71,124208.0,87.3,0.55,2,2.0,1,0
107971,10,5,25,5.97,1056809.0,120.29,0.24,4,1.0,2,1
819544,12,8,29,-7.29,1077764.0,134.11,0.33,4,6.0,5,1
662169,11,5,28,-15.29,1027233.0,119.5,0.19,3,2.0,2,0
617582,2,4,43,7.31,136433.0,114.54,0.68,2,6.0,2,0
570697,1,2,21,3.85,116543.0,94.44,0.58,3,4.0,1,0
467681,14,7,30,-12.25,1004227.0,132.46,0.27,4,5.0,4,1
447613,5,4,48,11.12,115768.0,119.22,0.7,2,8.0,2,1
358555,12,7,34,-10.5,972184.0,135.43,0.42,3,7.0,3,1
187193,14,9,28,-7.46,1033546.0,119.28,0.19,4,1.0,5,1
438043,2,3,57,0.71,186668.0,96.9,0.65,2,4.0,1,1
780280,13,6,30,12.66,1056941.0,126.11,0.26,4,3.0,3,1
492402,8,9,29,-11.57,1033918.0,130.55,0.33,4,5.0,4,1
188238,13,6,26,-3.23,1056820.0,128.43,0.25,4,4.0,3,1
854239,9,6,35,-9.65,1084873.0,130.88,0.27,4,6.0,2,0
448860,9,10,31,-11.99,997695.0,126.75,0.23,4,3.0,5,1
552610,11,5,23,8.75,1070443.0,124.96,0.22,5,3.0,2,1
438845,11,9,26,-3.45,901306.0,127.79,0.24,3,4.0,4,1
479213,2,2,43,0.73,118382.0,83.57,0.52,3,1.0,1,1
385212,12,6,25,-1.08,933336.0,121.48,0.13,3,1.0,2,1
911956,0,3,21,7.39,38145.0,111.42,0.65,2,7.0,1,0
782641,0,5,20,6.57,123851.0,115.75,0.66,2,6.0,2,0
244920,6,7,26,-15.49,1013749.0,125.91,0.27,3,3.0,2,1
229220,13,6,26,-4.83,1029543.0,133.34,0.31,4,5.0,3,0
331621,13,6,26,-5.47,927740.0,123.11,0.27,4,3.0,3,1
86521,1,2,19,2.27,113908.0,92.82,0.59,2,3.0,1,1
253734,0,3,32,1.67,142572.0,106.54,0.53,3,2.0,1,0
770458,13,7,30,-5.04,1048391.0,130.49,0.28,3,5.0,4,1
1894,11,5,25,-5.51,971542.0,130.6,0.27,3,6.0,2,1
353095,0,4,43,6.41,116231.0,93.92,0.63,2,4.0,1,0
960103,0,3,19,2.93,107412.0,100.15,0.52,3,3.0,1,0
83289,13,5,30,-17.93,1088303.0,126.81,0.28,3,3.0,3,1
136916,3,2,45,1.73,148176.0,103.71,0.57,3,3.0,1,0
625475,0,3,50,2.92,135209.0,117.18,0.65,2,7.0,1,1
116618,11,6,28,-10.32,971552.0,124.14,0.29,2,4.0,2,1
898855,0,2,19,3.5,107506.0,89.6,0.51,2,2.0,1,0
726938,12,6,30,-24.36,1018538.0,118.33,0.26,3,1.0,3,1
467104,14,6,24,-15.91,1136209.0,126.76,0.2,4,3.0,4,0
85259,1,2,19,5.11,108248.0,85.74,0.46,3,0.0,1,0
977136,14,6,26,-20.24,1036120.0,117.42,0.15,5,1.0,3,1
894730,12,8,24,10.2,976228.0,122.37,0.25,3,2.0,4,1
564644,12,7,23,-5.52,975573.0,134.62,0.3,4,6.0,3,1
499625,14,8,26,2.68,954191.0,131.48,0.35,4,4.0,5,1
357926,14,8,36,2.01,977779.0,127.39,0.26,3,4.0,5,1
839063,11,8,31,-2.12,925811.0,123.97,0.26,3,3.0,3,1
90043,1,5,19,6.59,85879.0,98.37,0.57,2,3.0,2,1
243422,0,4,52,3.77,73361.0,100.19,0.64,3,4.0,1,0
201028,11,6,34,-5.21,979597.0,125.02,0.29,4,5.0,2,1
365799,0,5,50,13.11,110713.0,116.65,0.61,2,7.0,2,0
187719,1,4,34,14.48,125937.0,89.69,0.49,2,1.0,1,0
416233,2,5,41,6.09,109371.0,109.91,0.69,2,6.0,2,0
112608,10,5,26,8.37,957605.0,118.3,0.26,4,3.0,2,0
717910,10,8,24,-18.11,976787.0,124.04,0.25,4,2.0,3,1
597897,13,7,29,0.3,958025.0,125.65,0.28,4,4.0,3,1
294131,0,3,57,2.46,60735.0,119.97,0.79,2,10.0,1,0
324478,0,3,50,5.42,52881.0,95.02,0.62,2,3.0,1,0
535227,0,3,20,1.14,63433.0,105.78,0.61,2,5.0,1,1
430495,12,6,28,-5.7,956875.0,120.6,0.25,3,1.0,2,1
74610,0,1,18,1.45,101810.0,84.8,0.49,3,2.0,1,0
68972,12,5,29,-1.78,973559.0,126.9,0.25,4,4.0,2,1
80618,11,7,34,23.86,981935.0,121.18,0.21,3,3.0,3,1
9205,0,3,34,4.62,50000.0,92.31,0.55,3,4.0,1,0
66978,14,7,28,-4.01,973617.0,135.31,0.32,4,7.0,4,1
778153,11,7,27,9.14,998328.0,125.3,0.27,4,3.0,3,1
649443,0,0,48,5.3,129428.0,115.75,0.73,2,7.0,1,0
270950,1,1,21,2.59,91048.0,97.26,0.56,3,3.0,1,0
189097,11,8,32,-12.28,1017383.0,122.63,0.28,4,3.0,4,1
162771,0,4,32,14.15,60115.0,101.9,0.69,2,4.0,1,0
361624,0,4,39,21.38,163434.0,115.79,0.62,2,8.0,1,0
139144,11,5,29,-7.69,912253.0,130.25,0.33,4,5.0,2,0
486526,0,4,57,5.29,52739.0,125.05,0.83,2,11.0,1,0
737212,1,3,19,9.33,63792.0,85.07,0.55,2,2.0,1,0
826827,3,3,19,4.47,215639.0,108.6,0.58,3,5.0,2,0
341367,11,8,28,-13.05,1065726.0,132.81,0.23,3,5.0,4,1
907345,9,7,28,-11.21,1076053.0,126.83,0.19,3,3.0,3,1
126619,13,8,28,-2.48,973356.0,130.93,0.29,4,5.0,4,1
940116,0,2,46,6.25,61233.0,106.16,0.71,2,6.0,1,0
154867,12,6,25,6.02,941589.0,130.43,0.31,4,7.0,2,0
359766,0,4,39,9.95,87037.0,97.47,0.67,2,3.0,1,0
316926,0,2,19,0.17,144090.0,91.73,0.53,1,2.0,1,0
818439,2,4,19,9.82,98614.0,100.45,0.56,3,3.0,2,1
785457,3,5,20,2.71,53442.0,97.52,0.54,2,3.0,2,0
140107,12,6,33,-12.63,1048180.0,119.6,0.19,4,0.0,3,1
446255,0,4,36,9.86,112493.0,89.93,0.61,3,1.0,1,0
682490,13,6,34,-9.87,1060871.0,126.82,0.21,4,4.0,3,1
465219,0,4,32,5.61,118557.0,104.16,0.59,2,4.0,1,1
544861,2,5,20,6.0,134221.0,103.75,0.6,3,4.0,2,0
502187,2,2,48,4.21,322918.0,99.16,0.52,2,2.0,1,0
572719,10,7,23,-19.53,1065914.0,128.09,0.23,3,3.0,3,1
441229,14,8,24,-2.32,1089111.0,135.36,0.24,4,6.0,5,0
277646,14,6,26,15.56,965117.0,126.96,0.2,3,4.0,3,0
386207,0,4,22,5.58,113300.0,87.0,0.5,2,0.0,1,0
473318,2,4,19,3.89,87508.0,83.93,0.51,2,1.0,1,0
786134,8,7,31,-7.49,954570.0,119.0,0.27,3,2.0,2,1
912610,14,7,29,-15.22,1003070.0,127.9,0.2,3,3.0,4,1
652503,3,4,45,1.54,110932.0,101.76,0.65,2,4.0,2,0
918181,11,6,24,-11.26,1003475.0,129.72,0.22,4,3.0,2,1
741691,13,8,26,-18.63,989405.0,133.86,0.29,4,7.0,4,1
581271,5,4,59,4.56,61585.0,112.76,0.66,2,6.0,2,0
818997,13,8,24,2.6,964860.0,131.55,0.24,4,6.0,4,0
92185,12,5,31,-1.61,931172.0,137.77,0.37,3,9.0,2,1
834008,1,3,56,4.25,135516.0,112.55,0.81,3,7.0,1,1
39863,3,3,21,16.84,62732.0,96.89,0.59,3,3.0,1,0
321554,1,4,22,3.35,155879.0,102.35,0.51,1,3.0,1,0
140933,0,3,21,1.32,157939.0,89.9,0.47,2,2.0,1,1
11838,0,1,54,1.08,77750.0,115.83,0.7,2,8.0,1,0
782179,2,2,18,9.21,160242.0,84.23,0.44,2,0.0,1,0
823537,12,6,32,-13.4,1061013.0,132.22,0.37,4,5.0,3,1
361402,0,5,19,11.4,61985.0,105.73,0.65,1,4.0,1,0
744164,0,4,39,3.06,109136.0,94.65,0.59,2,2.0,1,0
476877,0,4,21,3.5,82669.0,111.29,0.6,2,6.0,1,0
737549,12,7,30,-8.81,1098488.0,136.61,0.24,4,6.0,4,1
200539,11,9,26,-14.98,962099.0,132.45,0.31,3,6.0,4,0
414524,13,8,26,-15.14,974876.0,124.77,0.2,3,2.0,4,1
640143,0,3,59,28.9,83209.0,114.15,0.74,2,6.0,1,1
884041,11,6,23,-2.11,1105298.0,128.61,0.21,5,4.0,3,1
41861,2,3,36,6.1,87840.0,111.4,0.64,3,6.0,1,1
790596,0,4,49,3.37,25592.0,104.08,0.67,3,5.0,1,0
644690,2,4,21,5.63,16938.0,105.52,0.65,2,5.0,1,0
469010,1,4,54,2.22,91211.0,130.59,0.8,2,11.0,1,1
332983,11,8,29,-17.37,951135.0,132.55,0.29,4,6.0,4,0
864864,0,4,53,1.07,156096.0,110.43,0.68,2,6.0,1,0
927519,10,6,25,8.91,1071938.0,117.59,0.19,3,1.0,2,1
806604,11,5,25,-2.27,939319.0,113.36,0.24,3,1.0,2,1
480745,12,6,33,-2.42,1072152.0,136.24,0.41,4,8.0,3,1
2468,13,6,26,18.1,991607.0,121.37,0.16,4,1.0,3,1
379689,13,9,34,3.42,944386.0,128.54,0.22,4,4.0,5,1
431790,11,6,24,-13.18,1026220.0,115.06,0.19,3,1.0,2,1
626701,0,5,20,1.53,113117.0,91.17,0.52,2,2.0,2,0
906449,0,5,42,7.94,88811.0,123.21,0.62,2,8.0,2,0
896938,0,2,42,5.79,146735.0,102.66,0.59,2,3.0,1,1
107604,0,5,22,8.34,126494.0,102.37,0.58,2,3.0,2,0
789207,4,3,18,6.04,121351.0,80.58,0.53,2,1.0,1,0
108264,0,4,20,2.14,50975.0,86.63,0.5,2,2.0,1,0
893404,0,2,59,0.57,99736.0,116.6,0.74,2,8.0,1,0
614422,13,6,25,-15.66,1031671.0,120.24,0.17,3,2.0,3,1
669111,0,4,19,4.66,58382.0,98.42,0.54,2,3.0,1,0
11303,11,6,25,-2.67,955653.0,130.51,0.43,4,6.0,2,0
534792,12,5,32,-14.93,981648.0,132.33,0.31,3,6.0,2,1
990955,0,4,18,9.01,50000.0,86.26,0.47,2,1.0,1,0
214661,12,5,25,7.32,942927.0,125.03,0.3,4,4.0,2,1
958244,13,7,32,14.78,981119.0,116.98,0.29,4,1.0,4,0
179834,14,6,35,-14.57,989143.0,131.76,0.36,4,7.0,3,1
466250,0,4,43,5.19,76081.0,99.82,0.66,2,3.0,1,0
408119,8,5,33,-13.0,1002501.0,127.42,0.25,3,4.0,2,1
48853,12,6,34,-15.46,955709.0,133.06,0.27,3,7.0,2,1
88942,13,6,30,-10.47,1010564.0,133.72,0.38,4,7.0,3,1
65262,2,2,21,0.97,13677.0,96.22,0.57,2,3.0,1,0
601245,1,4,49,4.11,105931.0,94.84,0.64,2,3.0,1,0
161374,0,3,34,4.24,149523.0,81.99,0.48,2,1.0,1,0
575772,12,7,26,-10.12,1056565.0,134.92,0.26,4,6.0,4,1
39560,11,5,24,2.93,926300.0,126.17,0.24,3,3.0,2,1
227743,0,3,49,9.36,162384.0,119.62,0.72,3,8.0,1,0
539893,0,5,18,2.34,84766.0,104.39,0.59,3,4.0,2,0
588406,13,7,31,9.61,986183.0,119.91,0.21,3,2.0,4,1
836693,1,4,18,18.54,127776.0,86.35,0.5,2,0.0,1,0
627987,3,4,20,4.99,74729.0,76.91,0.44,2,0.0,2,1
331309,1,3,18,17.6,155238.0,103.18,0.47,2,3.0,1,0
156331,0,5,21,8.63,151948.0,91.08,0.41,2,2.0,2,0
746728,2,5,20,12.84,96175.0,95.93,0.48,2,2.0,2,0
786682,14,6,29,-3.12,1049085.0,133.67,0.29,4,5.0,3,1
709015,0,5,45,3.63,95910.0,122.25,0.63,2,9.0,2,1
265584,3,3,56,8.6,94937.0,122.88,0.73,2,9.0,1,0
958894,0,4,19,0.2,18312.0,105.55,0.66,2,5.0,1,0
468452,0,4,55,2.67,173892.0,121.13,0.68,2,8.0,1,0
750854,11,7,27,8.15,973242.0,126.28,0.26,3,3.0,3,1
605074,12,5,38,-27.34,1051525.0,127.29,0.23,4,3.0,2,1
797981,12,7,30,-11.69,933904.0,123.61,0.24,4,3.0,3,1
478901,13,5,24,-7.38,959425.0,119.75,0.21,4,2.0,2,1
306761,0,3,43,3.49,139752.0,104.51,0.57,2,4.0,1,0
665113,1,4,54,0.8,135209.0,119.95,0.76,2,8.0,1,0
668367,1,2,59,2.86,205883.0,100.72,0.6,2,4.0,1,0
174003,0,3,44,5.56,117177.0,109.5,0.71,2,7.0,1,0
259921,12,6,26,4.64,996785.0,132.81,0.28,3,6.0,3,1
917096,0,3,35,0.19,95476.0,108.02,0.63,2,5.0,1,1
780480,11,5,33,-25.29,1043488.0,126.98,0.26,4,4.0,2,1
481232,1,5,32,4.64,113872.0,101.38,0.71,2,3.0,2,0
980755,12,7,25,5.07,948330.0,123.81,0.22,4,3.0,3,0
703061,0,5,48,6.47,55670.0,116.58,0.71,2,7.0,1,1
572787,13,7,30,-12.92,999824.0,120.55,0.2,3,2.0,4,0
831560,2,1,21,1.04,149310.0,103.89,0.52,2,5.0,1,0
547154,0,1,21,3.71,23035.0,98.03,0.58,2,4.0,1,0
341272,0,4,20,7.05,91402.0,112.13,0.65,2,6.0,1,0
484845,0,4,22,6.51,12934.0,95.51,0.57,2,2.0,1,0
572329,0,2,33,4.76,83923.0,110.87,0.72,2,6.0,1,1
156730,12,7,28,-22.0,903791.0,123.9,0.28,3,3.0,3,1
624107,0,5,19,3.57,118573.0,93.99,0.48,2,2.0,2,0
953354,1,4,22,9.54,166181.0,99.77,0.52,3,3.0,2,0
489593,1,3,53,4.5,52936.0,112.78,0.66,2,7.0,1,0
901228,12,7,27,-11.72,943354.0,125.96,0.21,4,3.0,3,1
595567,0,2,18,0.35,54945.0,100.64,0.52,2,4.0,1,0
339399,0,5,39,0.4,92001.0,105.45,0.61,3,5.0,2,0
466959,10,5,39,1.92,938231.0,130.24,0.42,4,6.0,2,1
775288,0,4,21,6.46,80440.0,91.16,0.48,3,2.0,1,0
334000,0,4,35,13.72,106030.0,101.3,0.68,2,5.0,1,0
161944,11,6,23,-13.42,1023163.0,122.83,0.14,4,1.0,2,0
978027,14,6,33,-15.01,971708.0,128.37,0.3,4,4.0,3,1
239734,2,3,34,15.01,59565.0,90.51,0.67,2,3.0,1,0
841826,14,7,34,-7.72,1028857.0,128.71,0.27,4,4.0,4,1
588947,14,6,28,-4.61,976965.0,121.18,0.29,4,3.0,3,1
250611,1,4,49,4.9,194141.0,112.07,0.63,3,5.0,2,0
759765,13,8,28,-9.67,947349.0,130.08,0.28,4,5.0,4,1
105079,13,8,23,-1.93,952826.0,126.56,0.24,3,4.0,4,1
330966,0,4,42,7.45,33741.0,110.01,0.73,2,7.0,1,0
311436,10,6,30,5.59,980350.0,135.3,0.31,4,8.0,2,1
990188,13,5,26,0.75,966312.0,126.1,0.25,3,4.0,2,1
102556,1,2,50,7.56,106270.0,101.75,0.76,2,5.0,1,0
393439,2,5,37,0.09,94593.0,111.47,0.69,3,6.0,2,0
835881,0,2,38,11.34,85157.0,99.58,0.68,2,4.0,1,0
186560,6,4,60,1.1,113232.0,117.33,0.77,3,8.0,2,1
61306,0,3,22,1.22,143495.0,96.47,0.48,2,3.0,1,0
67051,11,8,23,-2.8,1001844.0,116.62,0.21,3,0.0,4,1
322484,11,5,25,17.38,1043338.0,123.06,0.21,4,3.0,2,1
27596,0,4,43,10.66,133556.0,102.23,0.58,2,4.0,1,0
695498,13,6,30,1.44,995236.0,131.52,0.3,4,5.0,3,1
431999,1,4,37,0.46,90408.0,113.11,0.68,2,7.0,1,0
411661,13,8,32,-2.38,999712.0,132.09,0.33,4,6.0,5,0
202863,12,6,31,-10.48,938868.0,124.22,0.25,3,4.0,2,1
644860,14,7,28,-7.36,999008.0,129.73,0.26,3,4.0,4,1
638415,0,1,20,5.63,66748.0,117.6,0.68,2,9.0,1,0
619450,12,6,26,6.12,925531.0,121.96,0.21,4,3.0,2,1
540668,2,4,52,7.25,91560.0,112.54,0.76,3,6.0,1,0
285310,11,9,30,4.18,976829.0,136.03,0.38,4,8.0,5,0
420109,10,7,25,6.38,941462.0,119.8,0.23,4,1.0,2,1
237062,12,6,26,-7.63,1100984.0,123.11,0.19,4,2.0,3,1
543429,0,2,18,0.55,222551.0,86.17,0.36,3,0.0,1,0
790230,0,2,18,2.3,96290.0,97.5,0.58,2,3.0,1,0
724954,12,8,29,-0.55,1035842.0,136.87,0.27,3,7.0,4,1
994174,12,8,36,1.43,950990.0,127.97,0.36,4,4.0,4,1
79918,13,6,34,-0.06,966260.0,123.62,0.25,4,3.0,3,0
803824,10,5,24,-14.55,982513.0,125.04,0.2,4,3.0,2,1
986512,12,7,23,-4.22,974803.0,133.67,0.27,3,5.0,3,0
638952,0,1,18,8.19,14705.0,95.43,0.61,2,4.0,1,0
558060,0,3,20,18.16,190762.0,94.29,0.49,3,1.0,1,0
396350,11,5,30,-8.74,1021850.0,120.91,0.21,3,3.0,2,1
382363,13,6,29,8.04,1004694.0,130.39,0.23,4,5.0,3,1
330554,0,5,20,1.07,68219.0,85.16,0.42,3,0.0,1,0
192542,10,6,23,1.07,1033370.0,127.07,0.27,3,3.0,2,1
176837,10,6,28,4.14,952441.0,124.61,0.2,4,3.0,2,1
258304,9,7,35,13.13,927470.0,135.81,0.36,3,7.0,2,1
685770,12,8,24,2.06,1001352.0,127.45,0.25,4,4.0,4,1
251871,0,3,22,2.53,89095.0,90.32,0.5,3,2.0,1,0
211335,2,3,35,15.99,128191.0,104.88,0.6,3,4.0,1,1
203714,0,4,20,7.86,130579.0,93.87,0.53,2,2.0,1,1
654797,12,5,25,-7.71,1004502.0,132.01,0.28,3,5.0,2,0
838308,9,6,25,-3.08,944138.0,125.17,0.27,4,4.0,2,1
790441,12,9,26,-26.41,980739.0,119.6,0.22,4,2.0,5,1
496013,12,6,34,-6.38,988912.0,133.39,0.43,3,7.0,3,1
434342,11,7,33,6.24,935312.0,115.73,0.17,4,1.0,3,1
776630,0,4,50,7.71,78541.0,113.65,0.73,3,8.0,1,0
961671,0,3,18,4.97,137163.0,101.25,0.59,3,4.0,1,1
79323,0,4,20,1.93,201387.0,103.19,0.44,2,2.0,1,1
353974,2,3,21,3.84,176087.0,96.11,0.5,2,3.0,1,0
962292,1,4,49,4.85,156832.0,104.02,0.65,2,5.0,1,0
919819,14,6,30,-19.99,1004003.0,119.24,0.16,4,1.0,3,0
734411,0,4,20,6.03,146909.0,81.02,0.52,2,2.0,1,1
599327,12,8,25,-6.35,994277.0,130.77,0.3,4,6.0,4,1
452432,7,4,34,10.1,127738.0,82.65,0.53,3,0.0,2,0
656408,2,2,51,8.66,132610.0,105.94,0.71,2,5.0,1,1
708324,0,2,33,1.76,74454.0,111.46,0.66,2,7.0,1,0
275853,1,4,35,5.86,169740.0,115.71,0.6,2,6.0,2,1
853305,0,4,21,5.42,52600.0,93.26,0.61,3,4.0,1,0
772287,2,4,58,3.37,129832.0,111.49,0.65,3,5.0,2,1
579957,12,6,25,-11.71,1041312.0,132.04,0.26,3,5.0,3,1
229638,11,7,27,-17.47,945283.0,134.59,0.38,4,7.0,3,1
136758,0,3,55,2.16,64505.0,91.87,0.7,2,3.0,1,0
971394,13,7,32,-4.44,974250.0,124.18,0.24,4,4.0,3,1
610223,13,8,26,7.58,1075461.0,115.72,0.17,4,0.0,5,1
911412,0,4,22,5.73,193265.0,90.26,0.4,2,1.0,1,0
23308,12,7,38,-20.84,1078516.0,132.88,0.32,3,6.0,4,1
966006,12,6,33,-3.49,1028075.0,132.17,0.34,4,6.0,3,1
813206,0,2,56,5.2,102696.0,113.41,0.74,2,7.0,1,0
754810,0,2,19,1.85,32446.0,79.31,0.54,3,1.0,1,1
488755,0,2,42,5.91,41034.0,100.85,0.69,3,5.0,1,1
579585,1,4,19,15.15,27549.0,91.07,0.55,2,1.0,1,0
702520,0,4,20,10.32,107508.0,86.74,0.47,2,1.0,1,0
462442,0,5,47,3.96,107802.0,118.88,0.71,2,8.0,2,1
608652,0,2,21,5.5,131503.0,115.14,0.55,2,6.0,1,0
188892,1,4,47,0.75,106481.0,102.24,0.71,2,4.0,1,0
320768,13,8,31,-13.99,943326.0,124.23,0.21,4,2.0,4,0
740389,1,0,20,5.25,71576.0,106.43,0.63,3,6.0,1,0
439238,1,3,39,7.22,76429.0,95.9,0.58,2,2.0,1,1
306524,1,2,20,1.89,50000.0,99.92,0.59,2,4.0,1,0
878837,13,7,26,-14.68,977640.0,134.74,0.3,4,7.0,4,1
524689,12,6,30,4.84,966423.0,131.76,0.38,4,5.0,2,0
823402,12,7,23,-13.29,924657.0,134.66,0.41,4,8.0,3,1
82722,7,7,26,8.38,919430.0,123.46,0.3,3,4.0,2,1
891075,0,3,19,2.06,71078.0,87.9,0.48,3,2.0,1,0
267310,12,7,32,-6.15,1069218.0,128.0,0.25,4,4.0,4,1
599018,1,4,20,21.01,96368.0,101.17,0.57,2,4.0,1,0
284668,14,8,30,5.09,920064.0,130.72,0.31,4,5.0,4,1
111118,14,6,30,8.43,985935.0,128.74,0.25,4,4.0,3,1
603051,8,5,24,0.13,1043397.0,122.94,0.16,3,3.0,2,1
425134,2,5,21,6.14,38964.0,110.08,0.61,2,6.0,2,0
482938,12,5,28,1.34,976289.0,128.24,0.28,4,6.0,2,1
354042,1,5,21,1.32,62115.0,97.4,0.58,2,3.0,2,0
623230,0,5,21,1.73,162530.0,107.38,0.58,2,4.0,2,1
63525,0,5,46,6.18,53782.0,106.92,0.65,2,5.0,1,0
30426,13,7,31,11.97,997634.0,136.49,0.34,4,8.0,4,1
709900,8,6,23,-10.18,1003863.0,127.43,0.24,3,4.0,2,1
634225,1,3,39,0.41,78030.0,100.67,0.68,2,4.0,1,0
190350,0,2,41,5.31,162203.0,103.52,0.55,3,3.0,1,0
186866,12,7,27,-5.85,971203.0,127.92,0.27,4,5.0,3,1
798439,11,6,27,3.14,957562.0,125.3,0.24,4,4.0,2,1
45185,3,2,20,11.58,191843.0,112.49,0.59,2,6.0,1,0
213260,13,7,36,4.57,936928.0,129.08,0.33,3,6.0,3,1
35659,10,5,23,-6.29,924831.0,126.51,0.33,3,4.0,2,1
71351,1,4,21,6.49,8207.0,101.46,0.65,2,4.0,1,0
303444,13,7,23,-18.03,950174.0,124.27,0.23,4,3.0,3,1
494748,0,4,32,23.25,87861.0,101.73,0.55,3,4.0,1,0
374466,13,5,33,0.06,1010912.0,129.37,0.27,4,5.0,2,1
714176,11,8,29,-22.3,1007220.0,127.35,0.21,4,2.0,4,1
878242,9,7,36,-17.2,1064751.0,120.97,0.26,3,1.0,3,0
400564,1,2,20,1.43,223636.0,105.94,0.62,2,5.0,1,0
977686,0,2,54,11.27,40798.0,109.23,0.62,3,6.0,1,1
196026,3,4,44,6.15,121744.0,99.4,0.67,3,4.0,2,0
984176,3,3,19,2.68,124389.0,94.49,0.52,3,2.0,1,0
125229,12,8,23,-2.62,936309.0,130.06,0.31,4,5.0,4,0
570760,0,4,20,1.41,134678.0,99.59,0.54,2,3.0,1,0
635369,11,7,27,1.19,972402.0,137.44,0.31,3,7.0,3,0
112163,12,6,23,17.46,1085311.0,124.51,0.19,4,2.0,3,0
624247,14,6,35,8.28,1008172.0,122.72,0.29,4,3.0,3,1
200791,12,7,25,-19.63,1071051.0,124.02,0.21,4,3.0,4,1
10184,11,6,25,-10.19,954845.0,131.88,0.4,4,6.0,2,1
226436,0,5,39,1.73,66490.0,88.06,0.54,2,2.0,1,0
170775,1,4,57,5.9,91197.0,110.78,0.77,3,7.0,1,0
626786,9,7,34,-9.79,1039622.0,110.62,0.21,4,0.0,3,1
410122,2,3,54,4.21,80169.0,112.26,0.71,2,7.0,1,0
107815,12,8,25,-18.69,1006256.0,128.8,0.33,4,5.0,4,1
589109,0,3,20,21.08,118361.0,94.15,0.57,3,2.0,1,0
404865,3,4,57,4.01,213125.0,127.66,0.83,2,10.0,2,0
225917,1,3,22,5.27,35482.0,90.98,0.47,2,2.0,1,0
473678,0,4,21,15.11,174283.0,107.93,0.68,2,6.0,1,0
737808,2,3,21,5.61,48883.0,108.03,0.67,3,6.0,1,0
479785,12,8,36,-4.35,960828.0,127.87,0.31,4,4.0,4,1
541736,3,5,33,2.82,119620.0,106.74,0.6,2,5.0,2,1
945942,2,4,19,3.03,27168.0,81.81,0.48,2,0.0,1,0
382302,0,4,42,7.47,92416.0,96.06,0.59,3,3.0,1,0
383358,13,6,33,-18.62,932438.0,125.6,0.31,3,5.0,3,0
495712,0,5,32,2.33,125355.0,102.22,0.59,2,4.0,2,0
824452,2,2,20,0.06,16377.0,81.57,0.55,2,0.0,1,0
91243,0,5,22,17.94,101021.0,88.93,0.47,3,2.0,2,0
655152,11,6,41,-13.86,964447.0,127.04,0.33,4,3.0,2,1
224129,5,3,40,16.82,23600.0,110.34,0.74,3,7.0,1,0
352682,0,2,47,1.66,149778.0,112.55,0.67,2,6.0,1,0
457366,13,6,23,-9.91,1004284.0,128.12,0.27,4,4.0,3,1
340449,11,8,28,-4.94,939834.0,129.67,0.34,3,4.0,3,1
280808,13,5,36,5.17,914238.0,127.2,0.26,4,4.0,2,1
487838,14,6,30,2.86,980800.0,124.24,0.25,4,3.0,3,1
10192,3,4,33,8.05,146252.0,91.75,0.52,2,2.0,2,0
34699,1,4,20,5.58,85248.0,105.04,0.47,2,4.0,1,1
53258,11,6,31,-21.13,962315.0,128.66,0.31,4,5.0,2,1
492664,0,1,58,1.14,52350.0,100.67,0.74,2,6.0,1,0
859126,12,7,32,8.52,993043.0,127.28,0.21,3,2.0,3,1
923625,0,5,18,0.88,76966.0,87.97,0.43,2,0.0,2,0
368253,1,4,19,5.08,30723.0,87.13,0.45,2,2.0,1,1
566477,0,3,18,8.03,80118.0,102.85,0.56,2,5.0,1,0
415742,1,3,32,12.78,110112.0,91.82,0.62,1,2.0,1,0
596637,11,6,28,-10.05,995172.0,123.51,0.22,4,4.0,2,0
929486,13,7,30,-4.45,976741.0,128.69,0.31,4,5.0,4,0
288754,0,4,41,1.48,206759.0,103.47,0.57,2,3.0,1,0
371434,12,6,25,-13.26,1010567.0,123.82,0.28,3,3.0,3,0
994461,2,5,18,4.15,94147.0,93.21,0.47,2,3.0,2,1
231171,14,7,28,23.58,979471.0,129.72,0.29,4,6.0,4,1
876614,13,8,27,-20.91,1026688.0,128.67,0.22,4,4.0,5,1
924021,0,4,58,0.96,39572.0,102.88,0.72,2,6.0,1,0
977374,16,6,23,-4.92,991334.0,123.12,0.21,3,4.0,4,0
809766,10,5,26,8.42,943490.0,122.42,0.3,4,4.0,2,1
246535,12,8,33,10.84,1072616.0,129.98,0.19,3,4.0,5,1
441172,0,3,18,9.39,49704.0,92.98,0.57,3,3.0,1,0
997939,11,6,27,1.97,980840.0,134.64,0.32,4,7.0,2,1
453011,0,4,20,5.7,144539.0,80.26,0.49,2,0.0,1,0
691311,12,6,33,-6.68,1034897.0,122.57,0.24,3,2.0,3,1
679651,10,6,24,11.38,1025592.0,119.86,0.27,3,2.0,2,0
475781,12,7,23,-15.98,939215.0,132.27,0.35,5,6.0,3,1
334378,0,3,39,7.46,109779.0,121.16,0.71,2,8.0,1,1
320216,1,2,20,31.55,93776.0,84.48,0.54,3,1.0,1,0
795226,0,4,33,9.25,64376.0,104.51,0.55,2,5.0,1,0
113413,7,8,37,-24.16,984765.0,125.94,0.31,4,4.0,2,1
986137,13,7,34,-19.58,975620.0,130.31,0.38,4,6.0,4,1
902387,4,2,21,2.59,91794.0,101.94,0.57,2,4.0,1,0
149649,1,4,20,9.4,132102.0,85.44,0.48,2,1.0,1,1
639967,14,6,26,3.17,995011.0,128.72,0.34,3,4.0,3,0
964022,1,4,21,1.19,8776.0,84.68,0.55,2,1.0,1,0
418306,0,2,20,1.14,155075.0,90.43,0.52,2,2.0,1,0
661932,0,4,54,2.86,13539.0,115.48,0.73,2,8.0,1,0
317649,13,6,24,5.79,1045829.0,129.89,0.22,4,4.0,3,1
511956,10,3,46,2.46,176165.0,111.23,0.68,3,6.0,2,0
91102,0,3,19,9.19,50000.0,93.23,0.51,2,2.0,1,0
64320,0,4,20,11.91,7071.0,82.78,0.51,3,1.0,1,0
20603,0,3,22,20.48,86522.0,98.69,0.58,3,4.0,1,0
266205,13,7,30,-9.33,974721.0,133.11,0.37,4,6.0,3,1
469106,12,6,28,-24.15,983408.0,128.97,0.3,3,5.0,3,1
853409,13,7,27,-6.15,966095.0,127.33,0.22,4,3.0,3,1
807292,1,4,48,2.55,111694.0,104.06,0.68,2,5.0,1,0
624570,12,7,36,-12.42,1060239.0,131.77,0.22,3,6.0,4,1
145842,1,5,19,0.4,107456.0,82.78,0.4,2,0.0,2,0
490761,0,1,33,2.48,15060.0,92.09,0.58,2,3.0,1,0
356054,14,6,34,-3.41,1027703.0,132.47,0.32,3,6.0,3,1
547499,14,8,29,-2.08,1029481.0,133.47,0.34,3,6.0,5,0
916053,11,7,23,-9.93,1054112.0,120.64,0.2,3,1.0,3,1
74136,1,1,31,0.7,261963.0,106.06,0.47,2,5.0,1,1
916463,12,7,27,-4.04,987374.0,127.4,0.26,4,4.0,3,1
703710,0,3,20,1.07,95174.0,106.93,0.65,2,6.0,1,0
496806,1,4,34,2.49,108737.0,114.44,0.68,3,7.0,1,1
557900,12,6,25,-9.67,1065860.0,125.96,0.14,3,2.0,3,1
607099,0,5,58,10.53,103705.0,103.84,0.69,2,4.0,2,0
525262,0,4,33,3.64,166861.0,102.0,0.61,2,3.0,1,0
713050,10,5,23,13.31,1023836.0,129.87,0.18,4,4.0,2,0
122761,1,1,40,9.23,138633.0,105.89,0.57,2,6.0,1,0
3680,0,5,57,14.74,101047.0,103.46,0.78,2,6.0,2,1
7763,0,4,18,18.79,88642.0,102.27,0.57,2,4.0,1,0
661498,0,3,18,5.42,118293.0,76.76,0.46,2,1.0,1,0
575887,13,6,35,-6.83,1068471.0,127.12,0.3,3,4.0,3,1
14932,1,3,18,1.67,99509.0,98.03,0.55,2,3.0,1,0
3507,0,3,18,10.49,96098.0,81.09,0.54,1,0.0,1,0
103865,14,6,29,-1.41,1013314.0,131.06,0.31,4,6.0,3,0
479320,0,5,35,1.56,111085.0,118.04,0.7,2,7.0,2,0
816694,0,3,48,0.79,48702.0,106.35,0.66,1,7.0,1,1
283970,0,3,19,10.56,149737.0,85.98,0.44,2,1.0,1,1
160115,0,2,37,8.72,85093.0,111.42,0.67,2,6.0,1,1
110776,12,5,32,-11.87,1004459.0,129.32,0.24,3,5.0,2,1
246941,13,6,29,5.31,963828.0,130.53,0.31,4,5.0,3,1
690916,2,4,49,5.96,136803.0,110.11,0.65,2,5.0,2,0
196580,1,4,40,10.62,86723.0,106.23,0.69,2,5.0,1,0
938600,2,5,49,7.89,101112.0,118.46,0.66,3,7.0,2,0
301156,12,7,23,-23.32,1085297.0,127.08,0.25,4,3.0,4,1
193101,0,5,21,5.77,117809.0,115.88,0.49,2,5.0,2,0
768182,12,9,27,-10.27,1081144.0,124.42,0.21,3,3.0,5,1
999109,0,4,19,9.5,84665.0,115.68,0.63,1,7.0,1,0
647752,3,4,18,5.69,178398.0,88.59,0.48,2,0.0,2,1
169492,0,5,47,2.09,146938.0,110.01,0.68,2,5.0,2,0
832340,12,6,26,-17.41,1079803.0,128.79,0.19,4,4.0,3,1
428900,2,2,21,0.39,111559.0,90.18,0.43,3,3.0,1,1
502804,12,7,24,2.0,998649.0,124.99,0.2,4,3.0,3,1
238571,2,5,20,6.8,88217.0,116.08,0.64,3,7.0,2,0
173929,0,3,55,14.82,143022.0,104.14,0.73,2,5.0,1,0
303477,0,4,20,0.14,25998.0,95.21,0.62,2,2.0,1,0
131377,1,3,51,2.18,149019.0,107.15,0.69,2,6.0,1,0
157190,15,6,23,13.95,1023536.0,126.31,0.27,3,4.0,4,0
310851,0,4,21,16.43,40649.0,84.55,0.48,1,0.0,1,0
823264,0,1,41,3.93,134236.0,119.46,0.77,2,9.0,1,0
930931,1,2,32,1.64,142388.0,110.57,0.66,2,6.0,1,0
568746,0,4,40,1.8,41702.0,106.07,0.65,2,5.0,1,1
250032,13,7,36,-6.37,948835.0,126.83,0.29,3,4.0,3,1
307644,11,7,34,-1.62,907845.0,131.0,0.25,4,6.0,3,1
440171,13,7,34,-15.57,948099.0,126.21,0.27,4,4.0,3,1
702164,12,6,26,-28.47,938377.0,125.38,0.32,4,4.0,2,1
90239,0,4,42,13.67,12762.0,105.07,0.73,2,6.0,1,0
838195,2,4,21,9.96,50000.0,92.41,0.53,3,2.0,1,0
482690,1,5,55,0.11,39987.0,104.72,0.72,2,4.0,2,0
414630,5,3,53,2.58,44851.0,91.29,0.62,2,3.0,1,0
510125,11,8,32,-6.94,954596.0,123.51,0.21,3,3.0,4,0
486287,3,5,47,14.61,159042.0,111.8,0.68,2,5.0,2,0
442854,11,5,36,-19.32,1013816.0,130.19,0.27,3,5.0,2,1
152319,11,6,24,-6.1,1050926.0,125.76,0.25,4,4.0,3,0
461685,0,4,21,0.41,35486.0,105.42,0.72,2,5.0,1,0
280975,6,2,20,13.66,77326.0,89.7,0.53,3,2.0,1,0
763180,12,5,35,-11.33,1048828.0,124.53,0.2,4,3.0,2,1
587691,0,3,20,19.55,89722.0,98.44,0.56,3,4.0,1,0
797771,0,1,19,7.51,53179.0,94.74,0.69,2,4.0,1,0
544192,0,4,33,2.73,186314.0,112.66,0.55,2,6.0,1,0
241240,12,7,24,-14.94,1039865.0,124.7,0.23,3,3.0,4,1
322085,2,2,20,1.2,82557.0,97.98,0.55,2,4.0,1,1
663613,0,3,19,5.4,93887.0,98.28,0.54,2,3.0,1,0
161542,0,4,22,26.87,117777.0,83.44,0.44,2,0.0,1,1
504122,0,2,21,2.29,100513.0,89.22,0.38,1,0.0,1,1
539566,12,5,30,12.78,996399.0,133.91,0.34,3,7.0,2,1
579851,11,6,23,-6.18,991103.0,128.7,0.21,4,5.0,2,1
194779,2,2,20,6.53,138517.0,116.67,0.58,3,6.0,1,0
43209,2,5,57,24.27,40379.0,124.23,0.81,3,9.0,2,0
78201,0,5,56,1.13,103559.0,118.4,0.75,1,6.0,2,0
506847,12,8,31,-14.7,995788.0,138.5,0.32,4,8.0,4,1
800283,0,4,19,19.14,60471.0,84.6,0.51,2,0.0,1,0
903489,3,4,18,1.93,50000.0,114.03,0.61,3,6.0,2,0
737938,12,5,24,1.25,925681.0,113.49,0.18,5,0.0,2,1
956999,1,2,18,6.91,134694.0,96.64,0.61,3,3.0,1,0
106349,13,7,39,-3.03,1064815.0,121.0,0.22,4,1.0,4,0
474212,12,6,31,4.77,1050386.0,132.75,0.25,3,5.0,3,1
458119,13,5,28,-11.82,1040153.0,132.55,0.3,4,6.0,2,0
195130,11,7,31,5.9,945840.0,124.87,0.27,4,4.0,3,1
275736,1,3,52,10.74,50000.0,107.48,0.72,2,6.0,1,1
247510,12,6,28,-18.61,984597.0,118.85,0.28,3,2.0,3,1
599796,2,3,21,1.41,66775.0,98.61,0.58,2,4.0,1,1
235253,2,4,38,2.09,57244.0,103.8,0.56,2,3.0,1,0
754409,1,2,20,4.71,138333.0,116.46,0.58,3,6.0,1,0
222556,0,0,51,12.5,106427.0,113.04,0.7,2,7.0,1,0
619784,12,5,38,-0.77,973845.0,127.6,0.26,4,5.0,2,0
555573,0,4,51,24.72,140754.0,129.49,0.8,2,11.0,1,0
383468,12,6,26,7.86,1047701.0,133.03,0.23,4,6.0,3,1
586548,13,7,34,-1.6,1009956.0,129.1,0.24,4,5.0,4,1
970200,12,8,29,-0.92,1029596.0,127.48,0.2,4,3.0,4,1
247340,12,5,23,-20.61,1091161.0,126.35,0.21,3,3.0,2,1
667830,3,5,19,2.01,152320.0,115.43,0.64,2,6.0,2,0
9576,0,4,22,9.71,110878.0,107.84,0.61,3,4.0,1,0
136955,12,6,27,-9.75,958474.0,123.39,0.3,3,3.0,2,0
983473,1,3,19,5.9,33094.0,90.78,0.44,2,2.0,1,0
671067,14,7,29,7.03,1063040.0,121.57,0.17,4,2.0,4,0
136375,13,6,23,1.93,920039.0,121.55,0.24,4,4.0,3,1
415885,13,6,31,-3.17,968200.0,118.08,0.2,3,1.0,3,1
896186,2,4,56,3.45,78270.0,121.4,0.76,2,9.0,1,0
904628,9,6,29,-1.05,998046.0,122.97,0.29,3,2.0,2,1
126863,14,5,29,-4.44,980701.0,122.03,0.31,4,3.0,2,0
71332,0,0,46,4.09,117049.0,92.88,0.61,3,3.0,1,1
908753,0,3,21,10.8,101447.0,111.9,0.56,2,6.0,1,0
757819,0,2,45,3.7,75393.0,97.07,0.61,3,4.0,1,0
58196,12,7,29,12.28,1011411.0,125.82,0.24,3,2.0,3,1
885860,12,7,27,-8.56,946133.0,114.93,0.21,3,0.0,3,1
500821,11,8,38,-3.37,931746.0,131.95,0.26,3,6.0,3,1
708573,14,6,24,4.4,908075.0,126.06,0.3,5,3.0,3,1
222515,1,3,22,11.6,44815.0,106.94,0.61,2,5.0,1,0
938963,13,6,28,-1.48,1047080.0,123.87,0.27,3,2.0,3,0
175446,0,3,21,3.15,113934.0,103.21,0.44,2,4.0,1,0
991697,10,5,31,-7.1,976035.0,121.6,0.26,3,3.0,2,1
689124,8,5,25,1.57,962195.0,134.21,0.24,4,7.0,2,1
49188,10,8,23,-17.28,1029607.0,131.64,0.2,3,4.0,4,1
431406,0,4,43,6.09,124643.0,106.59,0.66,2,4.0,1,0
921158,14,5,26,6.35,1134893.0,130.92,0.21,4,5.0,3,1
590823,1,3,19,5.88,67120.0,95.9,0.49,2,2.0,1,0
3958,3,3,44,1.29,124413.0,122.31,0.79,2,9.0,1,0
137579,1,5,41,3.67,84715.0,108.85,0.63,2,6.0,2,1
889576,0,2,20,1.07,124691.0,93.82,0.54,2,3.0,1,0
35029,1,1,32,7.98,60295.0,82.48,0.51,2,1.0,1,0
694941,7,6,27,-10.95,1016363.0,123.05,0.26,3,3.0,2,0
720008,11,5,34,-6.49,956687.0,125.91,0.28,3,4.0,2,1
149528,2,5,22,4.19,79264.0,115.14,0.65,3,6.0,2,0
229758,14,8,28,7.68,960950.0,127.17,0.36,3,4.0,5,1
809885,13,7,29,-21.02,965537.0,127.47,0.27,4,3.0,3,1
264992,0,3,20,7.98,139020.0,103.5,0.53,3,3.0,1,0
508523,13,5,23,-6.57,1021049.0,127.73,0.33,4,5.0,2,0
451940,10,8,29,0.7,1004461.0,124.14,0.22,4,3.0,3,1
781232,14,6,28,-10.24,979802.0,122.91,0.27,4,3.0,3,1
695230,0,3,37,4.89,32839.0,86.11,0.64,2,3.0,1,0
171492,0,3,19,2.54,231540.0,94.67,0.46,2,1.0,1,0
11394,2,4,20,0.12,90642.0,87.93,0.46,3,0.0,1,1
841679,11,6,26,-3.24,1025996.0,129.57,0.32,3,5.0,2,1
286442,11,7,28,8.05,1020842.0,115.69,0.17,3,0.0,3,1
504819,1,3,18,5.67,83212.0,94.62,0.6,3,3.0,1,0
812016,10,9,37,-6.93,1041757.0,132.68,0.36,3,6.0,5,0
785507,12,5,30,7.5,1072227.0,118.08,0.2,4,1.0,2,1
138758,12,6,36,2.86,1043105.0,129.74,0.31,4,5.0,3,1
804870,13,6,25,-13.44,909351.0,113.42,0.17,4,1.0,2,1
49078,13,8,27,-10.63,992763.0,132.85,0.37,4,6.0,4,0
93916,14,5,25,-6.66,1091026.0,135.39,0.27,4,7.0,3,0
795681,3,3,37,22.47,31358.0,111.18,0.65,3,7.0,1,0
31369,13,8,25,-9.28,1083530.0,129.33,0.25,4,4.0,5,0
731454,11,5,30,-2.86,1036086.0,131.49,0.24,4,5.0,2,1
804442,0,2,19,3.49,126602.0,102.45,0.52,2,4.0,1,0
527800,13,5,26,-12.17,1042423.0,125.82,0.2,4,3.0,2,1
36289,12,6,28,22.13,1029684.0,121.61,0.19,4,1.0,3,1
731179,10,9,26,-12.59,1057853.0,133.91,0.31,4,5.0,5,1
933183,2,3,19,13.6,120427.0,85.94,0.52,2,1.0,1,0
340334,13,6,31,12.93,983098.0,119.39,0.24,3,2.0,3,1
44832,13,8,23,-23.37,992436.0,134.52,0.26,3,7.0,4,1
354045,11,5,26,-2.44,1044164.0,114.92,0.2,4,1.0,2,1
523559,0,4,45,11.29,106788.0,121.33,0.73,2,9.0,1,0
91215,12,7,30,1.77,951757.0,127.3,0.3,4,4.0,3,1
41847,12,6,38,-16.34,1044797.0,129.95,0.31,4,5.0,3,1
78295,13,6,31,14.69,957648.0,126.75,0.34,4,3.0,3,0
839651,12,5,25,-0.9,915874.0,127.23,0.35,5,5.0,2,1
970423,0,5,34,11.04,98248.0,98.74,0.61,2,3.0,2,1
535102,13,6,31,-0.98,1013565.0,128.49,0.26,4,4.0,3,1
504063,0,2,60,22.57,79030.0,111.87,0.8,2,7.0,1,0
590551,12,7,33,-9.55,960610.0,126.53,0.28,3,5.0,3,1
469430,1,2,19,6.5,34785.0,95.62,0.58,1,4.0,1,1
549856,0,4,21,0.86,85885.0,102.96,0.55,3,4.0,1,0
189380,13,7,24,-21.33,1016234.0,124.32,0.18,3,4.0,4,1
207735,11,6,29,-6.19,949981.0,127.5,0.3,4,6.0,2,1
389670,13,7,31,-0.65,1000043.0,128.24,0.26,4,4.0,4,1
392230,0,1,59,0.24,41426.0,118.66,0.81,2,10.0,1,0
802131,13,7,27,-9.78,916742.0,125.53,0.25,3,4.0,3,1
611802,0,3,21,2.16,113455.0,107.89,0.62,3,5.0,1,1
813555,13,7,34,-16.61,972968.0,125.68,0.37,4,3.0,3,1
244331,4,3,21,6.95,81392.0,103.42,0.68,2,5.0,1,1
136799,0,2,21,0.61,154483.0,98.73,0.53,2,3.0,1,1
198281,12,5,26,-0.95,1055601.0,120.03,0.27,4,2.0,2,1
768163,5,4,20,5.07,91394.0,81.12,0.43,2,0.0,2,0
140211,0,3,22,4.73,74142.0,95.14,0.5,2,3.0,1,0
861664,1,3,18,0.83,148759.0,93.71,0.43,2,2.0,1,0
568530,11,9,23,11.3,921511.0,131.54,0.24,4,5.0,4,1
554397,13,7,29,-8.28,976353.0,129.13,0.33,4,6.0,4,1
300525,0,3,20,5.55,137933.0,105.18,0.47,2,4.0,1,0
104822,2,5,21,3.94,149519.0,86.83,0.46,3,0.0,2,0
235176,1,3,31,1.31,79093.0,102.28,0.69,2,4.0,1,0
42208,12,8,25,-5.52,992357.0,118.71,0.17,3,2.0,4,0
903573,0,2,55,6.13,119636.0,102.52,0.66,2,4.0,1,0
297497,2,4,48,0.48,104613.0,111.29,0.73,2,7.0,2,0
643445,10,7,27,-2.75,997276.0,125.96,0.23,3,4.0,3,1
732601,12,7,30,-1.93,1028688.0,128.36,0.23,4,4.0,3,0
651191,2,3,39,4.42,46676.0,96.12,0.69,2,5.0,1,0
69008,1,3,18,7.98,20911.0,94.53,0.54,2,4.0,1,0
781357,0,3,51,2.81,38412.0,119.67,0.84,2,10.0,1,0
236801,13,5,29,-2.51,990858.0,124.88,0.16,4,3.0,2,1
978546,9,5,31,-1.75,1037864.0,114.85,0.21,3,0.0,2,1
996669,0,5,22,8.28,192501.0,97.54,0.46,2,1.0,2,0
936397,0,5,21,8.85,80214.0,114.98,0.53,2,6.0,2,0
569205,13,8,23,10.13,984914.0,124.96,0.21,4,3.0,4,1
462790,0,4,54,1.63,31898.0,121.55,0.76,2,10.0,1,0
810519,13,7,26,-8.14,1038342.0,125.87,0.28,4,4.0,4,1
694424,9,6,34,-24.93,1059684.0,130.14,0.29,3,6.0,2,0
645634,11,5,24,25.56,991120.0,125.45,0.18,3,5.0,2,1
654765,0,5,35,0.57,199759.0,110.89,0.65,3,5.0,2,0
176533,14,7,27,4.38,1018998.0,120.21,0.17,4,1.0,4,1
179144,12,6,26,21.75,944416.0,119.97,0.23,3,3.0,2,1
31463,2,3,20,5.48,126679.0,102.15,0.53,3,3.0,1,0
340319,13,7,26,6.64,1006894.0,118.17,0.15,4,0.0,4,1
472868,0,3,18,0.69,201047.0,101.36,0.59,3,3.0,1,0
916643,1,3,52,3.77,56196.0,123.72,0.81,2,9.0,1,0
521625,12,7,26,2.73,1107735.0,128.99,0.18,4,3.0,4,0
395277,13,6,26,-6.15,954679.0,129.18,0.33,4,5.0,3,1
111584,15,7,33,12.27,919028.0,130.33,0.35,4,6.0,4,1
75117,14,7,34,-5.07,984973.0,124.99,0.16,3,2.0,4,1
431670,4,4,20,3.07,91522.0,78.1,0.53,3,0.0,2,1
681191,0,5,19,11.46,176681.0,100.23,0.47,2,3.0,2,1
322375,13,7,23,0.63,1077452.0,130.96,0.23,4,5.0,4,1
256556,0,4,21,1.84,158055.0,98.05,0.55,3,3.0,1,0
278471,1,4,19,9.21,199698.0,93.85,0.43,3,1.0,2,1
574135,13,6,34,-4.24,985586.0,119.93,0.24,4,3.0,3,0
342176,13,6,33,-11.74,1019450.0,121.33,0.23,4,3.0,3,0
843637,1,5,36,6.35,192643.0,115.59,0.64,2,7.0,2,0
116101,2,3,49,3.66,122714.0,101.8,0.66,3,4.0,1,0
235461,10,5,24,14.14,1010655.0,128.01,0.2,4,4.0,2,1
117300,1,4,20,4.86,62121.0,76.45,0.46,2,0.0,1,0
945358,1,3,20,0.16,139942.0,89.48,0.43,2,0.0,1,0
649102,0,3,19,2.0,132653.0,87.96,0.5,3,1.0,1,0
161055,0,3,22,6.48,158687.0,94.4,0.47,3,2.0,1,0
120577,0,4,42,4.17,80085.0,109.8,0.68,2,6.0,1,0
652600,12,8,25,-16.79,954081.0,118.28,0.26,4,1.0,4,1
123280,2,5,21,1.19,157492.0,98.8,0.49,3,2.0,2,0
557094,0,5,19,10.0,105921.0,90.31,0.47,3,1.0,2,0
583681,11,6,25,-12.58,955429.0,127.59,0.35,3,5.0,2,1
327843,10,7,28,-17.98,1038546.0,135.26,0.26,4,7.0,3,1
269453,14,9,28,-14.75,1014464.0,124.2,0.18,3,3.0,5,1
49067,12,7,30,4.03,999667.0,124.93,0.21,3,3.0,3,1
355071,10,7,30,4.95,1077668.0,134.26,0.27,4,5.0,3,1
253871,11,6,28,0.06,1004584.0,127.45,0.23,4,3.0,2,1
64523,1,2,42,9.03,49410.0,113.96,0.75,2,7.0,1,1
61363,13,6,24,-1.88,1012150.0,123.05,0.18,4,3.0,3,1
193829,1,4,44,1.92,106480.0,101.6,0.59,2,5.0,1,0
175358,13,5,27,3.59,1006435.0,119.47,0.23,4,2.0,2,1
225689,12,8,32,-3.44,986274.0,132.53,0.36,4,5.0,4,1
449257,0,5,51,11.88,28085.0,101.32,0.68,2,6.0,1,0
818208,14,6,26,-3.51,1057232.0,126.57,0.24,3,2.0,3,1
569525,1,4,19,15.16,21756.0,83.12,0.48,2,0.0,1,0
256165,11,6,33,-17.07,1023320.0,124.84,0.27,4,4.0,2,1
706940,13,7,34,-17.4,905276.0,121.75,0.25,3,2.0,3,1
394909,13,7,25,-2.09,1040913.0,121.78,0.22,4,1.0,4,1
372461,0,4,38,2.84,71856.0,106.27,0.68,2,5.0,1,0
229291,0,4,19,10.26,152825.0,88.22,0.5,2,0.0,1,0
970308,0,4,45,7.71,105453.0,107.9,0.64,3,6.0,1,1
387482,13,8,31,-0.69,993484.0,124.78,0.23,3,2.0,4,1
935393,1,4,19,2.88,105609.0,100.96,0.46,2,3.0,1,0
125016,10,6,26,-11.57,999967.0,125.57,0.24,4,3.0,2,1
196119,0,5,20,8.16,111974.0,101.17,0.59,3,3.0,2,0
677585,2,3,33,10.83,58410.0,94.56,0.61,2,3.0,1,0
862574,11,6,23,-7.32,1073341.0,119.93,0.14,3,1.0,3,1
70197,12,8,27,-13.57,1044712.0,130.93,0.19,4,5.0,4,1
772008,12,7,24,-1.48,1023382.0,125.37,0.16,4,4.0,3,0
987052,12,9,30,8.94,1031458.0,116.68,0.18,4,0.0,5,1
868001,11,5,39,-7.81,999678.0,133.87,0.42,3,8.0,2,1
850391,12,6,29,-18.03,921701.0,117.27,0.31,3,2.0,2,1
245132,2,2,34,3.06,144038.0,96.9,0.55,3,4.0,1,0
462470,1,3,38,5.7,179914.0,114.26,0.66,3,6.0,1,0
692279,0,3,21,2.75,107443.0,102.95,0.61,3,5.0,1,0
681445,1,3,22,4.11,213261.0,93.83,0.49,2,2.0,1,1
467977,12,9,29,12.77,982426.0,126.66,0.29,4,4.0,5,0
117497,0,3,57,4.07,129333.0,107.13,0.73,3,6.0,1,0
70178,0,3,36,4.28,112101.0,95.3,0.67,2,4.0,1,0
342896,1,5,37,2.06,107842.0,95.77,0.56,2,2.0,2,0
480871,0,4,58,2.25,99435.0,119.81,0.77,2,8.0,1,1
924434,12,8,25,-0.5,1063130.0,126.93,0.25,3,4.0,5,1
667339,0,3,53,6.09,97056.0,111.08,0.73,3,7.0,1,0
740336,12,7,27,-4.78,981671.0,118.39,0.26,4,2.0,3,1
809645,0,3,50,4.15,133589.0,104.28,0.65,3,5.0,1,0
598085,13,6,25,11.99,1019233.0,135.82,0.29,4,7.0,3,1
219920,2,5,47,17.68,127503.0,124.24,0.71,2,9.0,2,1
899056,12,7,28,-9.47,1038618.0,133.16,0.27,4,6.0,4,0
617532,12,7,33,0.74,1028974.0,127.2,0.27,3,4.0,3,1
421113,12,6,43,-26.85,1011260.0,126.01,0.32,3,4.0,3,1
68279,1,4,34,9.93,61580.0,99.31,0.61,3,3.0,1,0
291244,13,7,29,-17.76,998117.0,127.28,0.31,4,4.0,4,0
393124,0,3,42,0.4,109231.0,108.44,0.64,2,5.0,1,1
761441,13,7,40,-2.03,1015338.0,139.43,0.3,4,8.0,4,1
924751,13,6,30,-17.9,965062.0,119.51,0.17,3,2.0,3,1
573241,12,7,30,-15.22,948574.0,125.37,0.22,4,3.0,3,0
224657,12,6,32,9.75,1084665.0,129.39,0.2,4,4.0,3,1
338557,15,6,36,-10.28,919345.0,128.98,0.34,4,4.0,3,0
994103,9,5,23,-8.61,986830.0,119.68,0.23,4,2.0,2,1
140501,2,2,37,1.4,66305.0,85.01,0.51,3,1.0,1,0
166349,10,6,33,-0.18,965002.0,123.21,0.31,4,3.0,2,1
980673,12,6,39,-20.32,974973.0,129.81,0.36,4,6.0,2,1
468355,13,5,23,-12.96,990789.0,134.33,0.29,4,6.0,2,1
809993,0,3,21,2.68,91293.0,108.7,0.66,2,6.0,1,0
989003,12,5,31,-15.29,1027399.0,117.76,0.27,4,1.0,2,0
599726,13,6,28,3.63,908665.0,129.07,0.3,4,6.0,2,1
679111,1,5,34,3.58,133090.0,99.39,0.63,3,3.0,2,0
969789,15,7,29,-16.7,1083081.0,125.83,0.18,5,2.0,5,1
69083,11,7,24,-9.77,1062895.0,123.35,0.2,4,3.0,3,1
355139,1,3,33,1.14,56503.0,109.37,0.69,2,6.0,1,1
348233,2,3,20,0.2,143874.0,89.6,0.51,3,2.0,1,0
728470,0,1,19,0.92,142961.0,83.06,0.54,2,1.0,1,0
343530,1,3,21,9.43,73891.0,82.99,0.51,3,2.0,1,1
347502,2,4,45,2.8,98346.0,101.5,0.72,2,3.0,2,0
589526,13,8,24,-23.17,1004324.0,125.28,0.26,3,2.0,5,1
776448,1,4,32,2.12,92961.0,98.37,0.53,2,3.0,1,0
471957,1,3,19,4.35,101741.0,102.99,0.56,3,3.0,1,1
982523,0,3,20,0.38,21372.0,93.0,0.51,3,2.0,1,0
563801,13,5,24,7.48,976158.0,124.51,0.27,4,4.0,2,0
943991,12,6,30,-21.38,1045362.0,117.68,0.2,3,1.0,3,1
101920,0,4,32,6.03,67499.0,107.49,0.62,2,5.0,1,0
190652,13,5,31,-13.04,985613.0,132.23,0.3,4,6.0,2,1
408760,13,9,32,5.77,1004546.0,124.58,0.2,3,2.0,5,1
30850,0,4,19,3.57,73140.0,98.4,0.51,2,4.0,1,0
600466,13,5,28,2.7,1048221.0,130.4,0.34,4,5.0,2,0
204205,10,6,33,-9.33,903430.0,112.86,0.24,3,1.0,2,0
703685,0,3,20,2.65,13819.0,106.12,0.65,1,6.0,1,0
38867,0,2,39,3.31,145930.0,97.14,0.59,3,2.0,1,0
521573,0,3,20,1.61,165402.0,103.9,0.6,2,3.0,1,0
89518,2,4,53,3.81,84108.0,107.48,0.71,3,6.0,1,0
852952,14,8,27,7.65,986053.0,127.31,0.24,4,4.0,5,1
923706,12,7,24,2.59,1072950.0,132.88,0.23,4,6.0,4,0
393669,0,4,35,33.74,43784.0,97.43,0.67,3,4.0,1,1
635376,0,3,18,10.8,158225.0,93.79,0.42,1,2.0,1,0
965410,0,2,45,5.5,77949.0,104.11,0.7,2,5.0,1,0
477485,11,7,27,-7.06,940617.0,123.78,0.2,4,4.0,3,1
734911,9,10,29,-19.94,945188.0,123.62,0.21,3,1.0,5,1
761575,0,4,44,5.5,129732.0,116.78,0.67,2,7.0,1,1
365627,1,4,49,1.61,138228.0,97.77,0.6,2,4.0,1,0
110548,0,3,57,2.34,68288.0,120.78,0.83,2,9.0,1,0
559982,12,8,35,-5.1,963198.0,131.0,0.32,3,6.0,4,0
968641,2,0,20,6.7,142597.0,91.44,0.49,2,3.0,1,0
567811,10,5,23,-14.82,952866.0,130.33,0.32,4,7.0,2,1
74413,0,3,20,1.89,140410.0,114.51,0.63,2,6.0,1,0
978557,13,5,28,-2.41,985573.0,126.6,0.32,4,4.0,2,1
32818,9,6,29,-2.79,1096654.0,132.58,0.24,3,5.0,2,1
450144,0,4,22,0.25,90886.0,96.13,0.56,2,2.0,1,1
792197,1,3,21,2.62,64279.0,98.87,0.63,2,4.0,1,1
610780,12,7,24,-12.59,992627.0,118.18,0.25,3,1.0,3,0
767028,2,4,20,14.54,188248.0,97.26,0.48,1,2.0,2,0
441824,14,7,29,-10.65,968164.0,127.42,0.21,4,4.0,4,1
807162,11,7,36,-21.64,1000539.0,130.5,0.28,4,5.0,3,1
156436,14,6,39,-13.74,1014763.0,131.21,0.28,4,5.0,3,0
994358,1,2,20,3.62,62749.0,107.95,0.69,2,6.0,1,0
46573,1,4,40,10.1,55794.0,105.03,0.61,2,5.0,1,0
593340,13,6,24,1.08,941494.0,126.71,0.26,3,4.0,3,0
491969,0,5,18,8.16,50000.0,97.02,0.54,3,3.0,1,0
456916,12,7,23,-5.1,1037626.0,117.06,0.14,4,0.0,4,1
63223,10,9,27,-1.21,922673.0,120.39,0.3,3,1.0,4,1
339446,0,5,22,5.88,67202.0,102.19,0.54,2,4.0,1,0
492769,9,6,35,5.65,929254.0,124.01,0.33,4,4.0,2,1
685754,1,5,22,1.74,94992.0,110.82,0.55,2,4.0,2,1
413545,5,5,21,1.72,55300.0,89.28,0.51,2,0.0,2,1
308620,5,4,18,3.38,119767.0,92.38,0.51,2,2.0,2,1
186745,3,3,19,29.4,99640.0,98.27,0.61,2,3.0,1,0
458711,0,4,44,5.07,104071.0,119.39,0.73,2,8.0,1,1
433170,1,3,21,0.25,34059.0,80.43,0.45,2,0.0,1,0
774418,12,8,32,-5.92,982749.0,116.02,0.29,4,2.0,4,0
683873,12,6,26,-2.68,999697.0,131.34,0.27,4,5.0,3,1
416954,10,5,37,-0.73,981881.0,110.6,0.2,4,0.0,2,1
765508,11,7,28,-15.13,1040840.0,138.47,0.33,3,9.0,3,1
843484,1,5,51,5.44,169936.0,116.79,0.62,3,7.0,2,1
400795,12,6,29,-19.75,1000529.0,131.03,0.22,4,4.0,3,1
58021,10,10,27,-4.97,1037286.0,122.79,0.23,3,2.0,5,1
82728,0,2,48,2.31,210332.0,120.86,0.72,2,8.0,1,0
817813,12,7,35,3.74,1042994.0,123.64,0.23,4,3.0,4,1
793912,0,4,20,2.54,57383.0,85.22,0.47,3,1.0,1,0
186605,0,3,47,2.38,172152.0,129.17,0.82,3,11.0,1,0
65133,0,5,55,0.26,6145.0,102.43,0.72,2,4.0,1,0
727332,2,2,36,1.35,67095.0,103.29,0.7,2,6.0,1,0
254433,2,3,48,4.46,123698.0,118.05,0.67,2,7.0,1,1
446637,2,4,19,3.15,44525.0,105.76,0.67,2,5.0,1,0
352805,0,4,20,4.71,82871.0,103.2,0.52,2,5.0,1,1
163801,13,6,29,-4.27,914654.0,126.47,0.34,3,5.0,2,1
546029,11,7,26,-1.71,944817.0,128.07,0.28,3,5.0,3,0
668133,0,3,38,7.95,99924.0,119.14,0.75,3,8.0,1,1
313384,1,2,19,9.63,25121.0,67.59,0.52,2,0.0,1,0
486143,10,6,34,-4.29,997887.0,124.55,0.22,3,4.0,2,0
326393,12,6,27,-4.47,923325.0,116.14,0.24,3,2.0,2,0
879610,0,5,20,10.59,119147.0,89.51,0.49,2,2.0,2,1
550334,15,7,33,0.57,1036446.0,138.38,0.34,4,9.0,5,1
764787,0,2,57,1.52,4953.0,109.22,0.83,2,7.0,1,0
347115,0,3,19,2.58,75629.0,112.15,0.62,3,6.0,1,0
656500,11,6,24,-4.16,932550.0,132.89,0.31,4,5.0,2,1
791791,14,6,29,0.15,965075.0,126.52,0.27,3,4.0,3,1
75894,0,5,21,13.52,62076.0,114.07,0.65,2,6.0,1,0
468964,13,6,32,-8.03,1009433.0,119.23,0.18,4,2.0,3,1
494405,11,6,27,-9.95,990743.0,117.43,0.28,4,2.0,2,1
189709,2,2,48,0.17,118004.0,114.07,0.71,2,7.0,1,0
961246,11,6,25,6.87,998879.0,130.46,0.23,4,5.0,2,1
661082,9,6,26,-2.64,974389.0,116.91,0.32,4,3.0,2,1
975433,0,4,21,10.58,50000.0,107.57,0.6,3,5.0,1,0
52661,10,5,34,3.82,1054062.0,126.7,0.24,3,5.0,2,0
370997,12,6,30,12.62,1025030.0,131.35,0.29,4,5.0,3,1
402896,0,3,35,1.61,121112.0,106.82,0.66,3,5.0,1,1
536442,0,4,22,0.97,137170.0,88.43,0.56,2,1.0,1,1
161731,3,2,18,0.52,154671.0,94.64,0.5,2,3.0,1,0
230734,3,1,21,0.52,50000.0,102.49,0.67,2,4.0,1,0
37249,11,7,29,-21.26,1000089.0,122.78,0.28,3,3.0,3,1
822293,1,5,22,0.74,136967.0,86.54,0.44,2,0.0,2,0
170235,0,4,19,8.81,20159.0,86.87,0.55,2,2.0,1,0
149503,12,6,25,-14.22,1044308.0,120.89,0.19,4,1.0,3,1
939231,0,4,32,8.94,218890.0,102.27,0.45,2,4.0,1,0
530268,11,7,29,8.39,956226.0,124.57,0.24,3,4.0,3,1
351019,12,7,26,2.21,1030873.0,135.62,0.34,4,7.0,3,1
855400,2,4,20,6.55,133818.0,103.17,0.48,2,3.0,2,0
418852,13,5,34,-3.58,1020485.0,132.96,0.3,3,6.0,2,1
7059,12,6,23,-7.35,964624.0,126.57,0.31,4,5.0,2,1
89486,14,6,27,-8.18,930503.0,118.51,0.18,5,1.0,3,1
375959,14,5,36,-0.29,994299.0,120.65,0.2,3,3.0,2,1
204257,13,5,23,-25.07,1063024.0,124.28,0.14,3,2.0,2,1
994744,0,3,54,3.37,88515.0,111.41,0.68,2,6.0,1,0
838330,0,4,33,2.95,64478.0,104.18,0.67,2,5.0,1,0
375367,0,5,41,2.24,97284.0,115.56,0.63,3,7.0,2,0
725027,1,5,58,2.87,84133.0,108.51,0.69,2,5.0,2,0
639226,1,1,46,5.38,50000.0,92.91,0.61,2,4.0,1,1
374955,12,6,26,-5.93,933365.0,130.39,0.32,4,6.0,2,1
734730,2,3,21,0.08,80529.0,102.3,0.51,2,4.0,1,0
159920,11,8,26,-20.53,1004446.0,119.16,0.23,4,2.0,4,1
981138,0,4,38,16.83,121921.0,124.64,0.74,2,9.0,1,0
